###############################################################
#  Generated by:      Cadence Innovus 21.19-s058_1
#  OS:                Linux x86_64(Host ID c2s3.gectcr.ac.in)
#  Generated on:      Wed Apr 22 15:01:46 2026
#  Design:            top_dht11_ascon_uart
#  Command:           report_timing -max_paths 20 > $REPORT_DIR/clock_tree_summary.rpt
###############################################################
Path 1: MET Setup Check with Pin nonce_counter_reg[126]/CK 
Endpoint:   nonce_counter_reg[126]/D (v) checked with  leading edge of 'clk'
Beginpoint: nonce_counter_reg[5]/Q   (^) triggered by  leading edge of 'clk'
Path Groups: {clk}
Analysis View: av_setup
Other End Arrival Time          0.000
- Setup                         0.018
+ Phase Shift                  10.000
= Required Time                 9.982
- Arrival Time                  9.969
= Slack Time                    0.014
     Clock Rise Edge                 0.000
     + Clock Network Latency (Ideal) 0.000
     = Beginpoint Arrival Time       0.000
     +-------------------------------------------------------------------------------+ 
     |        Instance        |     Arc     |   Cell    | Delay | Arrival | Required | 
     |                        |             |           |       |  Time   |   Time   | 
     |------------------------+-------------+-----------+-------+---------+----------| 
     | nonce_counter_reg[5]   | CK ^        |           |       |   0.000 |    0.014 | 
     | nonce_counter_reg[5]   | CK ^ -> Q ^ | DFQRM4TP  | 0.231 |   0.231 |    0.245 | 
     | add_131_40_g1591       | B ^ -> Z ^  | AN2M4TP   | 0.105 |   0.336 |    0.350 | 
     | add_131_40_g1589       | A ^ -> CO ^ | ADHM4TP   | 0.084 |   0.421 |    0.434 | 
     | add_131_40_g1588       | A ^ -> CO ^ | ADHM4TP   | 0.083 |   0.504 |    0.517 | 
     | add_131_40_g1587       | A ^ -> CO ^ | ADHM4TP   | 0.086 |   0.589 |    0.603 | 
     | add_131_40_g1586       | A ^ -> CO ^ | ADHM4TP   | 0.083 |   0.673 |    0.686 | 
     | add_131_40_g1585       | A ^ -> CO ^ | ADHM4TP   | 0.080 |   0.752 |    0.766 | 
     | add_131_40_g1584       | A ^ -> CO ^ | ADHM4TP   | 0.089 |   0.842 |    0.855 | 
     | add_131_40_g1583       | A ^ -> CO ^ | ADHM4TP   | 0.087 |   0.928 |    0.942 | 
     | add_131_40_g1582       | A ^ -> CO ^ | ADHM4TP   | 0.080 |   1.008 |    1.022 | 
     | add_131_40_g1581       | A ^ -> CO ^ | ADHM4TP   | 0.079 |   1.088 |    1.101 | 
     | add_131_40_g1580       | A ^ -> CO ^ | ADHM4TP   | 0.089 |   1.176 |    1.190 | 
     | add_131_40_g1579       | A ^ -> CO ^ | ADHM4TP   | 0.085 |   1.261 |    1.275 | 
     | add_131_40_g1578       | A ^ -> CO ^ | ADHM4TP   | 0.080 |   1.341 |    1.355 | 
     | add_131_40_g1577       | A ^ -> CO ^ | ADHM4TP   | 0.080 |   1.422 |    1.435 | 
     | add_131_40_g1576       | A ^ -> CO ^ | ADHM4TP   | 0.085 |   1.506 |    1.520 | 
     | add_131_40_g1575       | A ^ -> CO ^ | ADHM4TP   | 0.084 |   1.590 |    1.604 | 
     | add_131_40_g1574       | A ^ -> CO ^ | ADHM4TP   | 0.082 |   1.672 |    1.686 | 
     | add_131_40_g1573       | A ^ -> CO ^ | ADHM4TP   | 0.086 |   1.758 |    1.771 | 
     | FE_RC_77_0             | A ^ -> Z v  | ND3M6TP   | 0.046 |   1.804 |    1.817 | 
     | FE_RC_65_0             | B v -> Z ^  | NR2B1M6TP | 0.066 |   1.870 |    1.884 | 
     | add_131_40_g1567       | A ^ -> CO ^ | ADHM4TP   | 0.090 |   1.961 |    1.974 | 
     | add_131_40_g1566       | A ^ -> CO ^ | ADHM4TP   | 0.083 |   2.044 |    2.057 | 
     | add_131_40_g1565       | A ^ -> CO ^ | ADHM4TP   | 0.083 |   2.126 |    2.140 | 
     | add_131_40_g1564       | A ^ -> CO ^ | ADHM4TP   | 0.084 |   2.211 |    2.224 | 
     | add_131_40_g1563       | A ^ -> CO ^ | ADHM4TP   | 0.085 |   2.296 |    2.309 | 
     | add_131_40_g1562       | A ^ -> CO ^ | ADHM4TP   | 0.081 |   2.377 |    2.391 | 
     | add_131_40_g1561       | A ^ -> CO ^ | ADHM4TP   | 0.081 |   2.458 |    2.472 | 
     | add_131_40_g1560       | A ^ -> CO ^ | ADHM4TP   | 0.082 |   2.540 |    2.554 | 
     | add_131_40_g1559       | A ^ -> CO ^ | ADHM4TP   | 0.082 |   2.623 |    2.636 | 
     | add_131_40_g1558       | A ^ -> CO ^ | ADHM4TP   | 0.084 |   2.707 |    2.720 | 
     | add_131_40_g1557       | A ^ -> CO ^ | ADHM4TP   | 0.082 |   2.789 |    2.803 | 
     | add_131_40_g1556       | A ^ -> CO ^ | ADHM4TP   | 0.081 |   2.870 |    2.884 | 
     | add_131_40_g1555       | A ^ -> CO ^ | ADHM4TP   | 0.081 |   2.951 |    2.965 | 
     | add_131_40_g1554       | A ^ -> CO ^ | ADHM4TP   | 0.083 |   3.034 |    3.047 | 
     | add_131_40_g1553       | A ^ -> CO ^ | ADHM4TP   | 0.084 |   3.118 |    3.131 | 
     | add_131_40_g1552       | A ^ -> CO ^ | ADHM4TP   | 0.084 |   3.201 |    3.215 | 
     | add_131_40_g1551       | A ^ -> CO ^ | ADHM4TP   | 0.084 |   3.286 |    3.299 | 
     | add_131_40_g1550       | A ^ -> CO ^ | ADHM4TP   | 0.081 |   3.367 |    3.380 | 
     | add_131_40_g1549       | A ^ -> CO ^ | ADHM4TP   | 0.082 |   3.448 |    3.462 | 
     | add_131_40_g1548       | A ^ -> CO ^ | ADHM4TP   | 0.081 |   3.529 |    3.543 | 
     | add_131_40_g1547       | A ^ -> CO ^ | ADHM4TP   | 0.083 |   3.612 |    3.626 | 
     | add_131_40_g1546       | A ^ -> CO ^ | ADHM4TP   | 0.081 |   3.693 |    3.707 | 
     | add_131_40_g1545       | A ^ -> CO ^ | ADHM4TP   | 0.088 |   3.781 |    3.795 | 
     | add_131_40_g1544       | A ^ -> CO ^ | ADHM4TP   | 0.086 |   3.867 |    3.880 | 
     | add_131_40_g1543       | A ^ -> CO ^ | ADHM4TP   | 0.084 |   3.951 |    3.965 | 
     | add_131_40_g1542       | A ^ -> CO ^ | ADHM4TP   | 0.082 |   4.033 |    4.046 | 
     | add_131_40_g1541       | A ^ -> CO ^ | ADHM4TP   | 0.082 |   4.115 |    4.128 | 
     | add_131_40_g1540       | A ^ -> CO ^ | ADHM4TP   | 0.083 |   4.198 |    4.211 | 
     | add_131_40_g1539       | A ^ -> CO ^ | ADHM4TP   | 0.081 |   4.279 |    4.292 | 
     | add_131_40_g1538       | A ^ -> CO ^ | ADHM4TP   | 0.081 |   4.359 |    4.373 | 
     | add_131_40_g1537       | A ^ -> CO ^ | ADHM4TP   | 0.081 |   4.440 |    4.454 | 
     | add_131_40_g1536       | A ^ -> CO ^ | ADHM4TP   | 0.084 |   4.525 |    4.538 | 
     | FE_RC_34_0             | A ^ -> Z v  | INVM2TP   | 0.044 |   4.569 |    4.583 | 
     | FE_RC_28_0             | B v -> Z ^  | NR2B1M6TP | 0.048 |   4.617 |    4.631 | 
     | add_131_40_g1532       | A ^ -> CO ^ | ADHM8TP   | 0.106 |   4.724 |    4.737 | 
     | add_131_40_g1531       | A ^ -> CO ^ | ADHM4TP   | 0.097 |   4.821 |    4.835 | 
     | add_131_40_g1530       | A ^ -> CO ^ | ADHM4TP   | 0.082 |   4.903 |    4.917 | 
     | add_131_40_g1529       | A ^ -> CO ^ | ADHM4TP   | 0.083 |   4.986 |    5.000 | 
     | add_131_40_g1528       | A ^ -> CO ^ | ADHM4TP   | 0.086 |   5.073 |    5.086 | 
     | add_131_40_g1527       | A ^ -> CO ^ | ADHM4TP   | 0.082 |   5.155 |    5.169 | 
     | add_131_40_g1526       | A ^ -> CO ^ | ADHM4TP   | 0.081 |   5.236 |    5.249 | 
     | add_131_40_g1525       | A ^ -> CO ^ | ADHM4TP   | 0.080 |   5.316 |    5.330 | 
     | add_131_40_g1524       | A ^ -> CO ^ | ADHM4TP   | 0.082 |   5.398 |    5.412 | 
     | add_131_40_g1523       | A ^ -> CO ^ | ADHM4TP   | 0.084 |   5.482 |    5.496 | 
     | add_131_40_g1522       | A ^ -> CO ^ | ADHM4TP   | 0.082 |   5.564 |    5.577 | 
     | add_131_40_g1521       | A ^ -> CO ^ | ADHM4TP   | 0.083 |   5.647 |    5.660 | 
     | add_131_40_g1520       | A ^ -> CO ^ | ADHM4TP   | 0.081 |   5.727 |    5.741 | 
     | add_131_40_g1519       | A ^ -> CO ^ | ADHM4TP   | 0.081 |   5.808 |    5.822 | 
     | add_131_40_g1518       | A ^ -> CO ^ | ADHM4TP   | 0.097 |   5.905 |    5.919 | 
     | FE_RC_9_0              | A ^ -> Z v  | INVM3TP   | 0.038 |   5.943 |    5.957 | 
     | FE_RC_8_0              | B v -> Z ^  | NR2B1M6TP | 0.051 |   5.995 |    6.008 | 
     | add_131_40_g1515       | A ^ -> CO ^ | ADHM4TP   | 0.087 |   6.082 |    6.095 | 
     | add_131_40_g1514       | A ^ -> CO ^ | ADHM4TP   | 0.083 |   6.165 |    6.178 | 
     | add_131_40_g1513       | A ^ -> CO ^ | ADHM4TP   | 0.084 |   6.248 |    6.262 | 
     | add_131_40_g1512       | A ^ -> CO ^ | ADHM4TP   | 0.083 |   6.331 |    6.345 | 
     | add_131_40_g1511       | A ^ -> CO ^ | ADHM4TP   | 0.081 |   6.412 |    6.426 | 
     | add_131_40_g1510       | A ^ -> CO ^ | ADHM4TP   | 0.081 |   6.493 |    6.507 | 
     | add_131_40_g1509       | A ^ -> CO ^ | ADHM4TP   | 0.082 |   6.575 |    6.588 | 
     | add_131_40_g1508       | A ^ -> CO ^ | ADHM4TP   | 0.087 |   6.662 |    6.675 | 
     | add_131_40_g1507       | A ^ -> CO ^ | ADHM4TP   | 0.084 |   6.746 |    6.759 | 
     | add_131_40_g1506       | A ^ -> CO ^ | ADHM4TP   | 0.080 |   6.826 |    6.839 | 
     | add_131_40_g1505       | A ^ -> CO ^ | ADHM4TP   | 0.080 |   6.906 |    6.919 | 
     | add_131_40_g1504       | A ^ -> CO ^ | ADHM4TP   | 0.080 |   6.986 |    6.999 | 
     | add_131_40_g1503       | A ^ -> CO ^ | ADHM4TP   | 0.081 |   7.067 |    7.080 | 
     | add_131_40_g1502       | A ^ -> CO ^ | ADHM4TP   | 0.081 |   7.147 |    7.161 | 
     | add_131_40_g1501       | A ^ -> CO ^ | ADHM4TP   | 0.079 |   7.227 |    7.240 | 
     | add_131_40_g1500       | A ^ -> CO ^ | ADHM4TP   | 0.083 |   7.310 |    7.324 | 
     | add_131_40_g1499       | A ^ -> CO ^ | ADHM4TP   | 0.083 |   7.393 |    7.407 | 
     | add_131_40_g1498       | A ^ -> CO ^ | ADHM4TP   | 0.081 |   7.474 |    7.488 | 
     | add_131_40_g1497       | A ^ -> CO ^ | ADHM4TP   | 0.081 |   7.555 |    7.568 | 
     | add_131_40_g1496       | A ^ -> CO ^ | ADHM4TP   | 0.080 |   7.634 |    7.648 | 
     | add_131_40_g1495       | A ^ -> CO ^ | ADHM4TP   | 0.081 |   7.716 |    7.729 | 
     | add_131_40_g1494       | A ^ -> CO ^ | ADHM4TP   | 0.085 |   7.800 |    7.814 | 
     | add_131_40_g1493       | A ^ -> CO ^ | ADHM4TP   | 0.083 |   7.883 |    7.897 | 
     | add_131_40_g1492       | A ^ -> CO ^ | ADHM4TP   | 0.082 |   7.966 |    7.979 | 
     | add_131_40_g1491       | A ^ -> CO ^ | ADHM4TP   | 0.082 |   8.047 |    8.061 | 
     | add_131_40_g1490       | A ^ -> CO ^ | ADHM4TP   | 0.082 |   8.129 |    8.143 | 
     | add_131_40_g1489       | A ^ -> CO ^ | ADHM4TP   | 0.085 |   8.214 |    8.227 | 
     | add_131_40_g1488       | A ^ -> CO ^ | ADHM4TP   | 0.085 |   8.299 |    8.312 | 
     | add_131_40_g1487       | A ^ -> CO ^ | ADHM4TP   | 0.085 |   8.384 |    8.397 | 
     | add_131_40_g1486       | A ^ -> CO ^ | ADHM4TP   | 0.081 |   8.465 |    8.478 | 
     | add_131_40_g1485       | A ^ -> CO ^ | ADHM4TP   | 0.079 |   8.544 |    8.557 | 
     | add_131_40_g1484       | A ^ -> CO ^ | ADHM4TP   | 0.080 |   8.623 |    8.637 | 
     | add_131_40_g1483       | A ^ -> CO ^ | ADHM4TP   | 0.080 |   8.703 |    8.717 | 
     | add_131_40_g1482       | A ^ -> CO ^ | ADHM4TP   | 0.090 |   8.793 |    8.807 | 
     | FE_RC_49_0             | A ^ -> Z v  | INVM2TP   | 0.036 |   8.829 |    8.843 | 
     | FE_RC_48_0             | B v -> Z ^  | NR2B1M4TP | 0.060 |   8.889 |    8.903 | 
     | add_131_40_g1478       | A ^ -> CO ^ | ADHM4TP   | 0.093 |   8.982 |    8.996 | 
     | add_131_40_g1477       | A ^ -> CO ^ | ADHM4TP   | 0.082 |   9.064 |    9.078 | 
     | add_131_40_g1476       | A ^ -> CO ^ | ADHM4TP   | 0.085 |   9.149 |    9.163 | 
     | add_131_40_g1475       | A ^ -> CO ^ | ADHM4TP   | 0.082 |   9.231 |    9.245 | 
     | add_131_40_g1474       | A ^ -> CO ^ | ADHM4TP   | 0.077 |   9.308 |    9.322 | 
     | add_131_40_g1473       | A ^ -> CO ^ | ADHM2TP   | 0.101 |   9.409 |    9.423 | 
     | add_131_40_g1472       | A ^ -> CO ^ | ADHM4TP   | 0.085 |   9.494 |    9.507 | 
     | add_131_40_g1471       | A ^ -> CO ^ | ADHM2TP   | 0.104 |   9.597 |    9.611 | 
     | add_131_40_g1470       | A ^ -> CO ^ | ADHM4TP   | 0.091 |   9.688 |    9.702 | 
     | add_131_40_g1469       | A ^ -> Z v  | ND2M3TP   | 0.047 |   9.736 |    9.749 | 
     | FE_RC_6_0              | B v -> Z ^  | OAI21M1TP | 0.069 |   9.805 |    9.818 | 
     | FE_OFC248_RN_1_0       | A ^ -> Z v  | INVM1TP   | 0.047 |   9.852 |    9.865 | 
     | FE_RC_5_0              | B1 v -> Z v | AO22M2TP  | 0.117 |   9.969 |    9.982 | 
     | nonce_counter_reg[126] | D v         | DFQRM1TP  | 0.000 |   9.969 |    9.982 | 
     +-------------------------------------------------------------------------------+ 
Path 2: MET Setup Check with Pin nonce_counter_reg[127]/CK 
Endpoint:   nonce_counter_reg[127]/D (v) checked with  leading edge of 'clk'
Beginpoint: nonce_counter_reg[5]/Q   (^) triggered by  leading edge of 'clk'
Path Groups: {clk}
Analysis View: av_setup
Other End Arrival Time          0.000
- Setup                         0.017
+ Phase Shift                  10.000
= Required Time                 9.983
- Arrival Time                  9.966
= Slack Time                    0.017
     Clock Rise Edge                 0.000
     + Clock Network Latency (Ideal) 0.000
     = Beginpoint Arrival Time       0.000
     +-------------------------------------------------------------------------------+ 
     |        Instance        |     Arc     |   Cell    | Delay | Arrival | Required | 
     |                        |             |           |       |  Time   |   Time   | 
     |------------------------+-------------+-----------+-------+---------+----------| 
     | nonce_counter_reg[5]   | CK ^        |           |       |   0.000 |    0.017 | 
     | nonce_counter_reg[5]   | CK ^ -> Q ^ | DFQRM4TP  | 0.231 |   0.231 |    0.248 | 
     | add_131_40_g1591       | B ^ -> Z ^  | AN2M4TP   | 0.105 |   0.336 |    0.353 | 
     | add_131_40_g1589       | A ^ -> CO ^ | ADHM4TP   | 0.084 |   0.421 |    0.438 | 
     | add_131_40_g1588       | A ^ -> CO ^ | ADHM4TP   | 0.083 |   0.504 |    0.521 | 
     | add_131_40_g1587       | A ^ -> CO ^ | ADHM4TP   | 0.086 |   0.589 |    0.606 | 
     | add_131_40_g1586       | A ^ -> CO ^ | ADHM4TP   | 0.083 |   0.673 |    0.690 | 
     | add_131_40_g1585       | A ^ -> CO ^ | ADHM4TP   | 0.080 |   0.752 |    0.769 | 
     | add_131_40_g1584       | A ^ -> CO ^ | ADHM4TP   | 0.089 |   0.842 |    0.859 | 
     | add_131_40_g1583       | A ^ -> CO ^ | ADHM4TP   | 0.087 |   0.928 |    0.945 | 
     | add_131_40_g1582       | A ^ -> CO ^ | ADHM4TP   | 0.080 |   1.008 |    1.025 | 
     | add_131_40_g1581       | A ^ -> CO ^ | ADHM4TP   | 0.079 |   1.088 |    1.105 | 
     | add_131_40_g1580       | A ^ -> CO ^ | ADHM4TP   | 0.089 |   1.176 |    1.193 | 
     | add_131_40_g1579       | A ^ -> CO ^ | ADHM4TP   | 0.085 |   1.261 |    1.278 | 
     | add_131_40_g1578       | A ^ -> CO ^ | ADHM4TP   | 0.080 |   1.341 |    1.358 | 
     | add_131_40_g1577       | A ^ -> CO ^ | ADHM4TP   | 0.080 |   1.422 |    1.439 | 
     | add_131_40_g1576       | A ^ -> CO ^ | ADHM4TP   | 0.085 |   1.506 |    1.523 | 
     | add_131_40_g1575       | A ^ -> CO ^ | ADHM4TP   | 0.084 |   1.590 |    1.607 | 
     | add_131_40_g1574       | A ^ -> CO ^ | ADHM4TP   | 0.082 |   1.672 |    1.689 | 
     | add_131_40_g1573       | A ^ -> CO ^ | ADHM4TP   | 0.086 |   1.758 |    1.775 | 
     | FE_RC_77_0             | A ^ -> Z v  | ND3M6TP   | 0.046 |   1.804 |    1.821 | 
     | FE_RC_65_0             | B v -> Z ^  | NR2B1M6TP | 0.066 |   1.870 |    1.887 | 
     | add_131_40_g1567       | A ^ -> CO ^ | ADHM4TP   | 0.090 |   1.961 |    1.977 | 
     | add_131_40_g1566       | A ^ -> CO ^ | ADHM4TP   | 0.083 |   2.044 |    2.061 | 
     | add_131_40_g1565       | A ^ -> CO ^ | ADHM4TP   | 0.083 |   2.126 |    2.143 | 
     | add_131_40_g1564       | A ^ -> CO ^ | ADHM4TP   | 0.084 |   2.211 |    2.228 | 
     | add_131_40_g1563       | A ^ -> CO ^ | ADHM4TP   | 0.085 |   2.296 |    2.313 | 
     | add_131_40_g1562       | A ^ -> CO ^ | ADHM4TP   | 0.081 |   2.377 |    2.394 | 
     | add_131_40_g1561       | A ^ -> CO ^ | ADHM4TP   | 0.081 |   2.458 |    2.475 | 
     | add_131_40_g1560       | A ^ -> CO ^ | ADHM4TP   | 0.082 |   2.540 |    2.557 | 
     | add_131_40_g1559       | A ^ -> CO ^ | ADHM4TP   | 0.082 |   2.623 |    2.640 | 
     | add_131_40_g1558       | A ^ -> CO ^ | ADHM4TP   | 0.084 |   2.707 |    2.724 | 
     | add_131_40_g1557       | A ^ -> CO ^ | ADHM4TP   | 0.082 |   2.789 |    2.806 | 
     | add_131_40_g1556       | A ^ -> CO ^ | ADHM4TP   | 0.081 |   2.870 |    2.887 | 
     | add_131_40_g1555       | A ^ -> CO ^ | ADHM4TP   | 0.081 |   2.951 |    2.968 | 
     | add_131_40_g1554       | A ^ -> CO ^ | ADHM4TP   | 0.083 |   3.034 |    3.051 | 
     | add_131_40_g1553       | A ^ -> CO ^ | ADHM4TP   | 0.084 |   3.118 |    3.135 | 
     | add_131_40_g1552       | A ^ -> CO ^ | ADHM4TP   | 0.084 |   3.201 |    3.218 | 
     | add_131_40_g1551       | A ^ -> CO ^ | ADHM4TP   | 0.084 |   3.286 |    3.303 | 
     | add_131_40_g1550       | A ^ -> CO ^ | ADHM4TP   | 0.081 |   3.367 |    3.384 | 
     | add_131_40_g1549       | A ^ -> CO ^ | ADHM4TP   | 0.082 |   3.448 |    3.465 | 
     | add_131_40_g1548       | A ^ -> CO ^ | ADHM4TP   | 0.081 |   3.529 |    3.546 | 
     | add_131_40_g1547       | A ^ -> CO ^ | ADHM4TP   | 0.083 |   3.612 |    3.629 | 
     | add_131_40_g1546       | A ^ -> CO ^ | ADHM4TP   | 0.081 |   3.693 |    3.710 | 
     | add_131_40_g1545       | A ^ -> CO ^ | ADHM4TP   | 0.088 |   3.781 |    3.798 | 
     | add_131_40_g1544       | A ^ -> CO ^ | ADHM4TP   | 0.086 |   3.867 |    3.884 | 
     | add_131_40_g1543       | A ^ -> CO ^ | ADHM4TP   | 0.084 |   3.951 |    3.968 | 
     | add_131_40_g1542       | A ^ -> CO ^ | ADHM4TP   | 0.082 |   4.033 |    4.050 | 
     | add_131_40_g1541       | A ^ -> CO ^ | ADHM4TP   | 0.082 |   4.115 |    4.132 | 
     | add_131_40_g1540       | A ^ -> CO ^ | ADHM4TP   | 0.083 |   4.198 |    4.215 | 
     | add_131_40_g1539       | A ^ -> CO ^ | ADHM4TP   | 0.081 |   4.279 |    4.296 | 
     | add_131_40_g1538       | A ^ -> CO ^ | ADHM4TP   | 0.081 |   4.359 |    4.376 | 
     | add_131_40_g1537       | A ^ -> CO ^ | ADHM4TP   | 0.081 |   4.440 |    4.457 | 
     | add_131_40_g1536       | A ^ -> CO ^ | ADHM4TP   | 0.084 |   4.525 |    4.542 | 
     | FE_RC_34_0             | A ^ -> Z v  | INVM2TP   | 0.044 |   4.569 |    4.586 | 
     | FE_RC_28_0             | B v -> Z ^  | NR2B1M6TP | 0.048 |   4.617 |    4.634 | 
     | add_131_40_g1532       | A ^ -> CO ^ | ADHM8TP   | 0.106 |   4.724 |    4.741 | 
     | add_131_40_g1531       | A ^ -> CO ^ | ADHM4TP   | 0.097 |   4.821 |    4.838 | 
     | add_131_40_g1530       | A ^ -> CO ^ | ADHM4TP   | 0.082 |   4.903 |    4.920 | 
     | add_131_40_g1529       | A ^ -> CO ^ | ADHM4TP   | 0.083 |   4.986 |    5.003 | 
     | add_131_40_g1528       | A ^ -> CO ^ | ADHM4TP   | 0.086 |   5.073 |    5.090 | 
     | add_131_40_g1527       | A ^ -> CO ^ | ADHM4TP   | 0.082 |   5.155 |    5.172 | 
     | add_131_40_g1526       | A ^ -> CO ^ | ADHM4TP   | 0.081 |   5.236 |    5.253 | 
     | add_131_40_g1525       | A ^ -> CO ^ | ADHM4TP   | 0.080 |   5.316 |    5.333 | 
     | add_131_40_g1524       | A ^ -> CO ^ | ADHM4TP   | 0.082 |   5.398 |    5.415 | 
     | add_131_40_g1523       | A ^ -> CO ^ | ADHM4TP   | 0.084 |   5.482 |    5.499 | 
     | add_131_40_g1522       | A ^ -> CO ^ | ADHM4TP   | 0.082 |   5.564 |    5.581 | 
     | add_131_40_g1521       | A ^ -> CO ^ | ADHM4TP   | 0.083 |   5.647 |    5.664 | 
     | add_131_40_g1520       | A ^ -> CO ^ | ADHM4TP   | 0.081 |   5.727 |    5.744 | 
     | add_131_40_g1519       | A ^ -> CO ^ | ADHM4TP   | 0.081 |   5.808 |    5.825 | 
     | add_131_40_g1518       | A ^ -> CO ^ | ADHM4TP   | 0.097 |   5.905 |    5.922 | 
     | FE_RC_9_0              | A ^ -> Z v  | INVM3TP   | 0.038 |   5.943 |    5.960 | 
     | FE_RC_8_0              | B v -> Z ^  | NR2B1M6TP | 0.051 |   5.995 |    6.011 | 
     | add_131_40_g1515       | A ^ -> CO ^ | ADHM4TP   | 0.087 |   6.082 |    6.098 | 
     | add_131_40_g1514       | A ^ -> CO ^ | ADHM4TP   | 0.083 |   6.165 |    6.182 | 
     | add_131_40_g1513       | A ^ -> CO ^ | ADHM4TP   | 0.084 |   6.248 |    6.265 | 
     | add_131_40_g1512       | A ^ -> CO ^ | ADHM4TP   | 0.083 |   6.331 |    6.348 | 
     | add_131_40_g1511       | A ^ -> CO ^ | ADHM4TP   | 0.081 |   6.412 |    6.429 | 
     | add_131_40_g1510       | A ^ -> CO ^ | ADHM4TP   | 0.081 |   6.493 |    6.510 | 
     | add_131_40_g1509       | A ^ -> CO ^ | ADHM4TP   | 0.082 |   6.575 |    6.592 | 
     | add_131_40_g1508       | A ^ -> CO ^ | ADHM4TP   | 0.087 |   6.662 |    6.678 | 
     | add_131_40_g1507       | A ^ -> CO ^ | ADHM4TP   | 0.084 |   6.746 |    6.762 | 
     | add_131_40_g1506       | A ^ -> CO ^ | ADHM4TP   | 0.080 |   6.826 |    6.843 | 
     | add_131_40_g1505       | A ^ -> CO ^ | ADHM4TP   | 0.080 |   6.906 |    6.923 | 
     | add_131_40_g1504       | A ^ -> CO ^ | ADHM4TP   | 0.080 |   6.986 |    7.003 | 
     | add_131_40_g1503       | A ^ -> CO ^ | ADHM4TP   | 0.081 |   7.067 |    7.084 | 
     | add_131_40_g1502       | A ^ -> CO ^ | ADHM4TP   | 0.081 |   7.147 |    7.164 | 
     | add_131_40_g1501       | A ^ -> CO ^ | ADHM4TP   | 0.079 |   7.227 |    7.244 | 
     | add_131_40_g1500       | A ^ -> CO ^ | ADHM4TP   | 0.083 |   7.310 |    7.327 | 
     | add_131_40_g1499       | A ^ -> CO ^ | ADHM4TP   | 0.083 |   7.393 |    7.410 | 
     | add_131_40_g1498       | A ^ -> CO ^ | ADHM4TP   | 0.081 |   7.474 |    7.491 | 
     | add_131_40_g1497       | A ^ -> CO ^ | ADHM4TP   | 0.081 |   7.555 |    7.572 | 
     | add_131_40_g1496       | A ^ -> CO ^ | ADHM4TP   | 0.080 |   7.634 |    7.651 | 
     | add_131_40_g1495       | A ^ -> CO ^ | ADHM4TP   | 0.081 |   7.716 |    7.733 | 
     | add_131_40_g1494       | A ^ -> CO ^ | ADHM4TP   | 0.085 |   7.800 |    7.817 | 
     | add_131_40_g1493       | A ^ -> CO ^ | ADHM4TP   | 0.083 |   7.883 |    7.900 | 
     | add_131_40_g1492       | A ^ -> CO ^ | ADHM4TP   | 0.082 |   7.966 |    7.982 | 
     | add_131_40_g1491       | A ^ -> CO ^ | ADHM4TP   | 0.082 |   8.047 |    8.064 | 
     | add_131_40_g1490       | A ^ -> CO ^ | ADHM4TP   | 0.082 |   8.129 |    8.146 | 
     | add_131_40_g1489       | A ^ -> CO ^ | ADHM4TP   | 0.085 |   8.214 |    8.231 | 
     | add_131_40_g1488       | A ^ -> CO ^ | ADHM4TP   | 0.085 |   8.299 |    8.316 | 
     | add_131_40_g1487       | A ^ -> CO ^ | ADHM4TP   | 0.085 |   8.384 |    8.400 | 
     | add_131_40_g1486       | A ^ -> CO ^ | ADHM4TP   | 0.081 |   8.465 |    8.482 | 
     | add_131_40_g1485       | A ^ -> CO ^ | ADHM4TP   | 0.079 |   8.544 |    8.561 | 
     | add_131_40_g1484       | A ^ -> CO ^ | ADHM4TP   | 0.080 |   8.623 |    8.640 | 
     | add_131_40_g1483       | A ^ -> CO ^ | ADHM4TP   | 0.080 |   8.703 |    8.720 | 
     | add_131_40_g1482       | A ^ -> CO ^ | ADHM4TP   | 0.090 |   8.793 |    8.810 | 
     | FE_RC_49_0             | A ^ -> Z v  | INVM2TP   | 0.036 |   8.829 |    8.846 | 
     | FE_RC_48_0             | B v -> Z ^  | NR2B1M4TP | 0.060 |   8.889 |    8.906 | 
     | add_131_40_g1478       | A ^ -> CO ^ | ADHM4TP   | 0.093 |   8.982 |    8.999 | 
     | add_131_40_g1477       | A ^ -> CO ^ | ADHM4TP   | 0.082 |   9.064 |    9.081 | 
     | add_131_40_g1476       | A ^ -> CO ^ | ADHM4TP   | 0.085 |   9.149 |    9.166 | 
     | add_131_40_g1475       | A ^ -> CO ^ | ADHM4TP   | 0.082 |   9.231 |    9.248 | 
     | add_131_40_g1474       | A ^ -> CO ^ | ADHM4TP   | 0.077 |   9.308 |    9.325 | 
     | add_131_40_g1473       | A ^ -> CO ^ | ADHM2TP   | 0.101 |   9.409 |    9.426 | 
     | add_131_40_g1472       | A ^ -> CO ^ | ADHM4TP   | 0.085 |   9.494 |    9.511 | 
     | add_131_40_g1471       | A ^ -> CO ^ | ADHM2TP   | 0.104 |   9.597 |    9.614 | 
     | add_131_40_g1470       | A ^ -> CO ^ | ADHM4TP   | 0.091 |   9.688 |    9.705 | 
     | add_131_40_g1469       | A ^ -> Z v  | ND2M3TP   | 0.047 |   9.736 |    9.752 | 
     | FE_RC_3_0              | A v -> Z ^  | CKND2M2TP | 0.054 |   9.789 |    9.806 | 
     | FE_RC_2_0              | B ^ -> Z v  | OAI21M2TP | 0.052 |   9.841 |    9.858 | 
     | FE_RC_4_0              | B1 v -> Z v | AO22M2TP  | 0.125 |   9.966 |    9.983 | 
     | nonce_counter_reg[127] | D v         | DFQRM1TP  | 0.000 |   9.966 |    9.983 | 
     +-------------------------------------------------------------------------------+ 
Path 3: MET Setup Check with Pin nonce_counter_reg[125]/CK 
Endpoint:   nonce_counter_reg[125]/D (v) checked with  leading edge of 'clk'
Beginpoint: nonce_counter_reg[5]/Q   (^) triggered by  leading edge of 'clk'
Path Groups: {clk}
Analysis View: av_setup
Other End Arrival Time          0.000
- Setup                         0.018
+ Phase Shift                  10.000
= Required Time                 9.982
- Arrival Time                  9.875
= Slack Time                    0.107
     Clock Rise Edge                 0.000
     + Clock Network Latency (Ideal) 0.000
     = Beginpoint Arrival Time       0.000
     +-------------------------------------------------------------------------------+ 
     |        Instance        |     Arc     |   Cell    | Delay | Arrival | Required | 
     |                        |             |           |       |  Time   |   Time   | 
     |------------------------+-------------+-----------+-------+---------+----------| 
     | nonce_counter_reg[5]   | CK ^        |           |       |   0.000 |    0.107 | 
     | nonce_counter_reg[5]   | CK ^ -> Q ^ | DFQRM4TP  | 0.231 |   0.231 |    0.338 | 
     | add_131_40_g1591       | B ^ -> Z ^  | AN2M4TP   | 0.105 |   0.336 |    0.443 | 
     | add_131_40_g1589       | A ^ -> CO ^ | ADHM4TP   | 0.084 |   0.421 |    0.527 | 
     | add_131_40_g1588       | A ^ -> CO ^ | ADHM4TP   | 0.083 |   0.504 |    0.610 | 
     | add_131_40_g1587       | A ^ -> CO ^ | ADHM4TP   | 0.086 |   0.589 |    0.696 | 
     | add_131_40_g1586       | A ^ -> CO ^ | ADHM4TP   | 0.083 |   0.673 |    0.779 | 
     | add_131_40_g1585       | A ^ -> CO ^ | ADHM4TP   | 0.080 |   0.752 |    0.859 | 
     | add_131_40_g1584       | A ^ -> CO ^ | ADHM4TP   | 0.089 |   0.842 |    0.948 | 
     | add_131_40_g1583       | A ^ -> CO ^ | ADHM4TP   | 0.087 |   0.928 |    1.035 | 
     | add_131_40_g1582       | A ^ -> CO ^ | ADHM4TP   | 0.080 |   1.008 |    1.115 | 
     | add_131_40_g1581       | A ^ -> CO ^ | ADHM4TP   | 0.079 |   1.088 |    1.195 | 
     | add_131_40_g1580       | A ^ -> CO ^ | ADHM4TP   | 0.089 |   1.176 |    1.283 | 
     | add_131_40_g1579       | A ^ -> CO ^ | ADHM4TP   | 0.085 |   1.261 |    1.368 | 
     | add_131_40_g1578       | A ^ -> CO ^ | ADHM4TP   | 0.080 |   1.341 |    1.448 | 
     | add_131_40_g1577       | A ^ -> CO ^ | ADHM4TP   | 0.080 |   1.422 |    1.528 | 
     | add_131_40_g1576       | A ^ -> CO ^ | ADHM4TP   | 0.085 |   1.506 |    1.613 | 
     | add_131_40_g1575       | A ^ -> CO ^ | ADHM4TP   | 0.084 |   1.590 |    1.697 | 
     | add_131_40_g1574       | A ^ -> CO ^ | ADHM4TP   | 0.082 |   1.672 |    1.779 | 
     | add_131_40_g1573       | A ^ -> CO ^ | ADHM4TP   | 0.086 |   1.758 |    1.865 | 
     | FE_RC_77_0             | A ^ -> Z v  | ND3M6TP   | 0.046 |   1.804 |    1.911 | 
     | FE_RC_65_0             | B v -> Z ^  | NR2B1M6TP | 0.066 |   1.870 |    1.977 | 
     | add_131_40_g1567       | A ^ -> CO ^ | ADHM4TP   | 0.090 |   1.960 |    2.067 | 
     | add_131_40_g1566       | A ^ -> CO ^ | ADHM4TP   | 0.083 |   2.044 |    2.150 | 
     | add_131_40_g1565       | A ^ -> CO ^ | ADHM4TP   | 0.083 |   2.126 |    2.233 | 
     | add_131_40_g1564       | A ^ -> CO ^ | ADHM4TP   | 0.084 |   2.211 |    2.317 | 
     | add_131_40_g1563       | A ^ -> CO ^ | ADHM4TP   | 0.085 |   2.296 |    2.403 | 
     | add_131_40_g1562       | A ^ -> CO ^ | ADHM4TP   | 0.081 |   2.377 |    2.484 | 
     | add_131_40_g1561       | A ^ -> CO ^ | ADHM4TP   | 0.081 |   2.458 |    2.565 | 
     | add_131_40_g1560       | A ^ -> CO ^ | ADHM4TP   | 0.082 |   2.540 |    2.647 | 
     | add_131_40_g1559       | A ^ -> CO ^ | ADHM4TP   | 0.082 |   2.623 |    2.730 | 
     | add_131_40_g1558       | A ^ -> CO ^ | ADHM4TP   | 0.084 |   2.707 |    2.814 | 
     | add_131_40_g1557       | A ^ -> CO ^ | ADHM4TP   | 0.082 |   2.789 |    2.896 | 
     | add_131_40_g1556       | A ^ -> CO ^ | ADHM4TP   | 0.081 |   2.870 |    2.977 | 
     | add_131_40_g1555       | A ^ -> CO ^ | ADHM4TP   | 0.081 |   2.951 |    3.058 | 
     | add_131_40_g1554       | A ^ -> CO ^ | ADHM4TP   | 0.083 |   3.034 |    3.141 | 
     | add_131_40_g1553       | A ^ -> CO ^ | ADHM4TP   | 0.084 |   3.118 |    3.224 | 
     | add_131_40_g1552       | A ^ -> CO ^ | ADHM4TP   | 0.084 |   3.201 |    3.308 | 
     | add_131_40_g1551       | A ^ -> CO ^ | ADHM4TP   | 0.084 |   3.286 |    3.392 | 
     | add_131_40_g1550       | A ^ -> CO ^ | ADHM4TP   | 0.081 |   3.367 |    3.473 | 
     | add_131_40_g1549       | A ^ -> CO ^ | ADHM4TP   | 0.082 |   3.448 |    3.555 | 
     | add_131_40_g1548       | A ^ -> CO ^ | ADHM4TP   | 0.081 |   3.529 |    3.636 | 
     | add_131_40_g1547       | A ^ -> CO ^ | ADHM4TP   | 0.083 |   3.612 |    3.719 | 
     | add_131_40_g1546       | A ^ -> CO ^ | ADHM4TP   | 0.081 |   3.693 |    3.800 | 
     | add_131_40_g1545       | A ^ -> CO ^ | ADHM4TP   | 0.088 |   3.781 |    3.888 | 
     | add_131_40_g1544       | A ^ -> CO ^ | ADHM4TP   | 0.086 |   3.867 |    3.973 | 
     | add_131_40_g1543       | A ^ -> CO ^ | ADHM4TP   | 0.084 |   3.951 |    4.058 | 
     | add_131_40_g1542       | A ^ -> CO ^ | ADHM4TP   | 0.082 |   4.033 |    4.139 | 
     | add_131_40_g1541       | A ^ -> CO ^ | ADHM4TP   | 0.082 |   4.115 |    4.221 | 
     | add_131_40_g1540       | A ^ -> CO ^ | ADHM4TP   | 0.083 |   4.198 |    4.304 | 
     | add_131_40_g1539       | A ^ -> CO ^ | ADHM4TP   | 0.081 |   4.279 |    4.385 | 
     | add_131_40_g1538       | A ^ -> CO ^ | ADHM4TP   | 0.081 |   4.359 |    4.466 | 
     | add_131_40_g1537       | A ^ -> CO ^ | ADHM4TP   | 0.081 |   4.440 |    4.547 | 
     | add_131_40_g1536       | A ^ -> CO ^ | ADHM4TP   | 0.084 |   4.525 |    4.631 | 
     | FE_RC_34_0             | A ^ -> Z v  | INVM2TP   | 0.044 |   4.569 |    4.676 | 
     | FE_RC_28_0             | B v -> Z ^  | NR2B1M6TP | 0.048 |   4.617 |    4.724 | 
     | add_131_40_g1532       | A ^ -> CO ^ | ADHM8TP   | 0.106 |   4.724 |    4.830 | 
     | add_131_40_g1531       | A ^ -> CO ^ | ADHM4TP   | 0.097 |   4.821 |    4.928 | 
     | add_131_40_g1530       | A ^ -> CO ^ | ADHM4TP   | 0.082 |   4.903 |    5.010 | 
     | add_131_40_g1529       | A ^ -> CO ^ | ADHM4TP   | 0.083 |   4.986 |    5.093 | 
     | add_131_40_g1528       | A ^ -> CO ^ | ADHM4TP   | 0.086 |   5.073 |    5.179 | 
     | add_131_40_g1527       | A ^ -> CO ^ | ADHM4TP   | 0.082 |   5.155 |    5.262 | 
     | add_131_40_g1526       | A ^ -> CO ^ | ADHM4TP   | 0.081 |   5.236 |    5.342 | 
     | add_131_40_g1525       | A ^ -> CO ^ | ADHM4TP   | 0.080 |   5.316 |    5.423 | 
     | add_131_40_g1524       | A ^ -> CO ^ | ADHM4TP   | 0.082 |   5.398 |    5.505 | 
     | add_131_40_g1523       | A ^ -> CO ^ | ADHM4TP   | 0.084 |   5.482 |    5.589 | 
     | add_131_40_g1522       | A ^ -> CO ^ | ADHM4TP   | 0.082 |   5.564 |    5.671 | 
     | add_131_40_g1521       | A ^ -> CO ^ | ADHM4TP   | 0.083 |   5.647 |    5.753 | 
     | add_131_40_g1520       | A ^ -> CO ^ | ADHM4TP   | 0.081 |   5.727 |    5.834 | 
     | add_131_40_g1519       | A ^ -> CO ^ | ADHM4TP   | 0.081 |   5.808 |    5.915 | 
     | add_131_40_g1518       | A ^ -> CO ^ | ADHM4TP   | 0.097 |   5.905 |    6.012 | 
     | FE_RC_9_0              | A ^ -> Z v  | INVM3TP   | 0.038 |   5.943 |    6.050 | 
     | FE_RC_8_0              | B v -> Z ^  | NR2B1M6TP | 0.051 |   5.995 |    6.101 | 
     | add_131_40_g1515       | A ^ -> CO ^ | ADHM4TP   | 0.087 |   6.082 |    6.188 | 
     | add_131_40_g1514       | A ^ -> CO ^ | ADHM4TP   | 0.083 |   6.165 |    6.271 | 
     | add_131_40_g1513       | A ^ -> CO ^ | ADHM4TP   | 0.084 |   6.248 |    6.355 | 
     | add_131_40_g1512       | A ^ -> CO ^ | ADHM4TP   | 0.083 |   6.331 |    6.438 | 
     | add_131_40_g1511       | A ^ -> CO ^ | ADHM4TP   | 0.081 |   6.412 |    6.519 | 
     | add_131_40_g1510       | A ^ -> CO ^ | ADHM4TP   | 0.081 |   6.493 |    6.600 | 
     | add_131_40_g1509       | A ^ -> CO ^ | ADHM4TP   | 0.082 |   6.575 |    6.682 | 
     | add_131_40_g1508       | A ^ -> CO ^ | ADHM4TP   | 0.087 |   6.662 |    6.768 | 
     | add_131_40_g1507       | A ^ -> CO ^ | ADHM4TP   | 0.084 |   6.746 |    6.852 | 
     | add_131_40_g1506       | A ^ -> CO ^ | ADHM4TP   | 0.080 |   6.826 |    6.933 | 
     | add_131_40_g1505       | A ^ -> CO ^ | ADHM4TP   | 0.080 |   6.906 |    7.013 | 
     | add_131_40_g1504       | A ^ -> CO ^ | ADHM4TP   | 0.080 |   6.986 |    7.093 | 
     | add_131_40_g1503       | A ^ -> CO ^ | ADHM4TP   | 0.081 |   7.067 |    7.174 | 
     | add_131_40_g1502       | A ^ -> CO ^ | ADHM4TP   | 0.081 |   7.147 |    7.254 | 
     | add_131_40_g1501       | A ^ -> CO ^ | ADHM4TP   | 0.079 |   7.227 |    7.334 | 
     | add_131_40_g1500       | A ^ -> CO ^ | ADHM4TP   | 0.083 |   7.310 |    7.417 | 
     | add_131_40_g1499       | A ^ -> CO ^ | ADHM4TP   | 0.083 |   7.393 |    7.500 | 
     | add_131_40_g1498       | A ^ -> CO ^ | ADHM4TP   | 0.081 |   7.474 |    7.581 | 
     | add_131_40_g1497       | A ^ -> CO ^ | ADHM4TP   | 0.081 |   7.555 |    7.661 | 
     | add_131_40_g1496       | A ^ -> CO ^ | ADHM4TP   | 0.080 |   7.634 |    7.741 | 
     | add_131_40_g1495       | A ^ -> CO ^ | ADHM4TP   | 0.081 |   7.716 |    7.822 | 
     | add_131_40_g1494       | A ^ -> CO ^ | ADHM4TP   | 0.085 |   7.800 |    7.907 | 
     | add_131_40_g1493       | A ^ -> CO ^ | ADHM4TP   | 0.083 |   7.883 |    7.990 | 
     | add_131_40_g1492       | A ^ -> CO ^ | ADHM4TP   | 0.082 |   7.966 |    8.072 | 
     | add_131_40_g1491       | A ^ -> CO ^ | ADHM4TP   | 0.082 |   8.047 |    8.154 | 
     | add_131_40_g1490       | A ^ -> CO ^ | ADHM4TP   | 0.082 |   8.129 |    8.236 | 
     | add_131_40_g1489       | A ^ -> CO ^ | ADHM4TP   | 0.085 |   8.214 |    8.321 | 
     | add_131_40_g1488       | A ^ -> CO ^ | ADHM4TP   | 0.085 |   8.299 |    8.405 | 
     | add_131_40_g1487       | A ^ -> CO ^ | ADHM4TP   | 0.085 |   8.384 |    8.490 | 
     | add_131_40_g1486       | A ^ -> CO ^ | ADHM4TP   | 0.081 |   8.465 |    8.572 | 
     | add_131_40_g1485       | A ^ -> CO ^ | ADHM4TP   | 0.079 |   8.544 |    8.651 | 
     | add_131_40_g1484       | A ^ -> CO ^ | ADHM4TP   | 0.080 |   8.623 |    8.730 | 
     | add_131_40_g1483       | A ^ -> CO ^ | ADHM4TP   | 0.080 |   8.703 |    8.810 | 
     | add_131_40_g1482       | A ^ -> CO ^ | ADHM4TP   | 0.090 |   8.793 |    8.900 | 
     | FE_RC_49_0             | A ^ -> Z v  | INVM2TP   | 0.036 |   8.829 |    8.936 | 
     | FE_RC_48_0             | B v -> Z ^  | NR2B1M4TP | 0.060 |   8.889 |    8.996 | 
     | add_131_40_g1478       | A ^ -> CO ^ | ADHM4TP   | 0.093 |   8.982 |    9.089 | 
     | add_131_40_g1477       | A ^ -> CO ^ | ADHM4TP   | 0.082 |   9.064 |    9.171 | 
     | add_131_40_g1476       | A ^ -> CO ^ | ADHM4TP   | 0.085 |   9.149 |    9.256 | 
     | add_131_40_g1475       | A ^ -> CO ^ | ADHM4TP   | 0.082 |   9.231 |    9.338 | 
     | add_131_40_g1474       | A ^ -> CO ^ | ADHM4TP   | 0.077 |   9.308 |    9.415 | 
     | add_131_40_g1473       | A ^ -> CO ^ | ADHM2TP   | 0.101 |   9.409 |    9.516 | 
     | add_131_40_g1472       | A ^ -> CO ^ | ADHM4TP   | 0.085 |   9.494 |    9.600 | 
     | add_131_40_g1471       | A ^ -> CO ^ | ADHM2TP   | 0.104 |   9.597 |    9.704 | 
     | add_131_40_g1470       | A ^ -> S v  | ADHM4TP   | 0.129 |   9.726 |    9.833 | 
     | g76760                 | A2 v -> Z v | AO22M2TP  | 0.149 |   9.875 |    9.982 | 
     | nonce_counter_reg[125] | D v         | DFQRM1TP  | 0.000 |   9.875 |    9.982 | 
     +-------------------------------------------------------------------------------+ 
Path 4: MET Setup Check with Pin nonce_counter_reg[124]/CK 
Endpoint:   nonce_counter_reg[124]/D (v) checked with  leading edge of 'clk'
Beginpoint: nonce_counter_reg[5]/Q   (^) triggered by  leading edge of 'clk'
Path Groups: {clk}
Analysis View: av_setup
Other End Arrival Time          0.000
- Setup                         0.018
+ Phase Shift                  10.000
= Required Time                 9.982
- Arrival Time                  9.783
= Slack Time                    0.199
     Clock Rise Edge                 0.000
     + Clock Network Latency (Ideal) 0.000
     = Beginpoint Arrival Time       0.000
     +-------------------------------------------------------------------------------+ 
     |        Instance        |     Arc     |   Cell    | Delay | Arrival | Required | 
     |                        |             |           |       |  Time   |   Time   | 
     |------------------------+-------------+-----------+-------+---------+----------| 
     | nonce_counter_reg[5]   | CK ^        |           |       |   0.000 |    0.199 | 
     | nonce_counter_reg[5]   | CK ^ -> Q ^ | DFQRM4TP  | 0.231 |   0.231 |    0.431 | 
     | add_131_40_g1591       | B ^ -> Z ^  | AN2M4TP   | 0.105 |   0.336 |    0.535 | 
     | add_131_40_g1589       | A ^ -> CO ^ | ADHM4TP   | 0.084 |   0.421 |    0.620 | 
     | add_131_40_g1588       | A ^ -> CO ^ | ADHM4TP   | 0.083 |   0.504 |    0.703 | 
     | add_131_40_g1587       | A ^ -> CO ^ | ADHM4TP   | 0.086 |   0.589 |    0.789 | 
     | add_131_40_g1586       | A ^ -> CO ^ | ADHM4TP   | 0.083 |   0.673 |    0.872 | 
     | add_131_40_g1585       | A ^ -> CO ^ | ADHM4TP   | 0.080 |   0.752 |    0.952 | 
     | add_131_40_g1584       | A ^ -> CO ^ | ADHM4TP   | 0.089 |   0.842 |    1.041 | 
     | add_131_40_g1583       | A ^ -> CO ^ | ADHM4TP   | 0.087 |   0.928 |    1.127 | 
     | add_131_40_g1582       | A ^ -> CO ^ | ADHM4TP   | 0.080 |   1.008 |    1.208 | 
     | add_131_40_g1581       | A ^ -> CO ^ | ADHM4TP   | 0.079 |   1.088 |    1.287 | 
     | add_131_40_g1580       | A ^ -> CO ^ | ADHM4TP   | 0.089 |   1.176 |    1.376 | 
     | add_131_40_g1579       | A ^ -> CO ^ | ADHM4TP   | 0.085 |   1.261 |    1.460 | 
     | add_131_40_g1578       | A ^ -> CO ^ | ADHM4TP   | 0.080 |   1.341 |    1.540 | 
     | add_131_40_g1577       | A ^ -> CO ^ | ADHM4TP   | 0.080 |   1.422 |    1.621 | 
     | add_131_40_g1576       | A ^ -> CO ^ | ADHM4TP   | 0.085 |   1.506 |    1.706 | 
     | add_131_40_g1575       | A ^ -> CO ^ | ADHM4TP   | 0.084 |   1.590 |    1.789 | 
     | add_131_40_g1574       | A ^ -> CO ^ | ADHM4TP   | 0.082 |   1.672 |    1.871 | 
     | add_131_40_g1573       | A ^ -> CO ^ | ADHM4TP   | 0.086 |   1.758 |    1.957 | 
     | FE_RC_77_0             | A ^ -> Z v  | ND3M6TP   | 0.046 |   1.804 |    2.003 | 
     | FE_RC_65_0             | B v -> Z ^  | NR2B1M6TP | 0.066 |   1.870 |    2.069 | 
     | add_131_40_g1567       | A ^ -> CO ^ | ADHM4TP   | 0.090 |   1.961 |    2.160 | 
     | add_131_40_g1566       | A ^ -> CO ^ | ADHM4TP   | 0.083 |   2.044 |    2.243 | 
     | add_131_40_g1565       | A ^ -> CO ^ | ADHM4TP   | 0.083 |   2.126 |    2.325 | 
     | add_131_40_g1564       | A ^ -> CO ^ | ADHM4TP   | 0.084 |   2.211 |    2.410 | 
     | add_131_40_g1563       | A ^ -> CO ^ | ADHM4TP   | 0.085 |   2.296 |    2.495 | 
     | add_131_40_g1562       | A ^ -> CO ^ | ADHM4TP   | 0.081 |   2.377 |    2.576 | 
     | add_131_40_g1561       | A ^ -> CO ^ | ADHM4TP   | 0.081 |   2.458 |    2.658 | 
     | add_131_40_g1560       | A ^ -> CO ^ | ADHM4TP   | 0.082 |   2.541 |    2.740 | 
     | add_131_40_g1559       | A ^ -> CO ^ | ADHM4TP   | 0.082 |   2.623 |    2.822 | 
     | add_131_40_g1558       | A ^ -> CO ^ | ADHM4TP   | 0.084 |   2.707 |    2.906 | 
     | add_131_40_g1557       | A ^ -> CO ^ | ADHM4TP   | 0.082 |   2.789 |    2.988 | 
     | add_131_40_g1556       | A ^ -> CO ^ | ADHM4TP   | 0.081 |   2.870 |    3.070 | 
     | add_131_40_g1555       | A ^ -> CO ^ | ADHM4TP   | 0.081 |   2.951 |    3.150 | 
     | add_131_40_g1554       | A ^ -> CO ^ | ADHM4TP   | 0.083 |   3.034 |    3.233 | 
     | add_131_40_g1553       | A ^ -> CO ^ | ADHM4TP   | 0.084 |   3.118 |    3.317 | 
     | add_131_40_g1552       | A ^ -> CO ^ | ADHM4TP   | 0.084 |   3.201 |    3.401 | 
     | add_131_40_g1551       | A ^ -> CO ^ | ADHM4TP   | 0.084 |   3.286 |    3.485 | 
     | add_131_40_g1550       | A ^ -> CO ^ | ADHM4TP   | 0.081 |   3.367 |    3.566 | 
     | add_131_40_g1549       | A ^ -> CO ^ | ADHM4TP   | 0.082 |   3.448 |    3.648 | 
     | add_131_40_g1548       | A ^ -> CO ^ | ADHM4TP   | 0.081 |   3.529 |    3.729 | 
     | add_131_40_g1547       | A ^ -> CO ^ | ADHM4TP   | 0.083 |   3.612 |    3.811 | 
     | add_131_40_g1546       | A ^ -> CO ^ | ADHM4TP   | 0.081 |   3.693 |    3.892 | 
     | add_131_40_g1545       | A ^ -> CO ^ | ADHM4TP   | 0.088 |   3.781 |    3.980 | 
     | add_131_40_g1544       | A ^ -> CO ^ | ADHM4TP   | 0.086 |   3.867 |    4.066 | 
     | add_131_40_g1543       | A ^ -> CO ^ | ADHM4TP   | 0.084 |   3.951 |    4.150 | 
     | add_131_40_g1542       | A ^ -> CO ^ | ADHM4TP   | 0.082 |   4.033 |    4.232 | 
     | add_131_40_g1541       | A ^ -> CO ^ | ADHM4TP   | 0.082 |   4.115 |    4.314 | 
     | add_131_40_g1540       | A ^ -> CO ^ | ADHM4TP   | 0.083 |   4.198 |    4.397 | 
     | add_131_40_g1539       | A ^ -> CO ^ | ADHM4TP   | 0.081 |   4.279 |    4.478 | 
     | add_131_40_g1538       | A ^ -> CO ^ | ADHM4TP   | 0.081 |   4.359 |    4.558 | 
     | add_131_40_g1537       | A ^ -> CO ^ | ADHM4TP   | 0.081 |   4.440 |    4.640 | 
     | add_131_40_g1536       | A ^ -> CO ^ | ADHM4TP   | 0.084 |   4.525 |    4.724 | 
     | FE_RC_34_0             | A ^ -> Z v  | INVM2TP   | 0.044 |   4.569 |    4.768 | 
     | FE_RC_28_0             | B v -> Z ^  | NR2B1M6TP | 0.048 |   4.617 |    4.816 | 
     | add_131_40_g1532       | A ^ -> CO ^ | ADHM8TP   | 0.106 |   4.724 |    4.923 | 
     | add_131_40_g1531       | A ^ -> CO ^ | ADHM4TP   | 0.097 |   4.821 |    5.020 | 
     | add_131_40_g1530       | A ^ -> CO ^ | ADHM4TP   | 0.082 |   4.903 |    5.102 | 
     | add_131_40_g1529       | A ^ -> CO ^ | ADHM4TP   | 0.083 |   4.986 |    5.186 | 
     | add_131_40_g1528       | A ^ -> CO ^ | ADHM4TP   | 0.086 |   5.073 |    5.272 | 
     | add_131_40_g1527       | A ^ -> CO ^ | ADHM4TP   | 0.082 |   5.155 |    5.354 | 
     | add_131_40_g1526       | A ^ -> CO ^ | ADHM4TP   | 0.081 |   5.236 |    5.435 | 
     | add_131_40_g1525       | A ^ -> CO ^ | ADHM4TP   | 0.080 |   5.316 |    5.515 | 
     | add_131_40_g1524       | A ^ -> CO ^ | ADHM4TP   | 0.082 |   5.398 |    5.597 | 
     | add_131_40_g1523       | A ^ -> CO ^ | ADHM4TP   | 0.084 |   5.482 |    5.681 | 
     | add_131_40_g1522       | A ^ -> CO ^ | ADHM4TP   | 0.082 |   5.564 |    5.763 | 
     | add_131_40_g1521       | A ^ -> CO ^ | ADHM4TP   | 0.083 |   5.647 |    5.846 | 
     | add_131_40_g1520       | A ^ -> CO ^ | ADHM4TP   | 0.081 |   5.727 |    5.927 | 
     | add_131_40_g1519       | A ^ -> CO ^ | ADHM4TP   | 0.081 |   5.808 |    6.007 | 
     | add_131_40_g1518       | A ^ -> CO ^ | ADHM4TP   | 0.097 |   5.905 |    6.105 | 
     | FE_RC_9_0              | A ^ -> Z v  | INVM3TP   | 0.038 |   5.943 |    6.143 | 
     | FE_RC_8_0              | B v -> Z ^  | NR2B1M6TP | 0.051 |   5.995 |    6.194 | 
     | add_131_40_g1515       | A ^ -> CO ^ | ADHM4TP   | 0.087 |   6.082 |    6.281 | 
     | add_131_40_g1514       | A ^ -> CO ^ | ADHM4TP   | 0.083 |   6.165 |    6.364 | 
     | add_131_40_g1513       | A ^ -> CO ^ | ADHM4TP   | 0.084 |   6.248 |    6.447 | 
     | add_131_40_g1512       | A ^ -> CO ^ | ADHM4TP   | 0.083 |   6.331 |    6.530 | 
     | add_131_40_g1511       | A ^ -> CO ^ | ADHM4TP   | 0.081 |   6.412 |    6.611 | 
     | add_131_40_g1510       | A ^ -> CO ^ | ADHM4TP   | 0.081 |   6.493 |    6.692 | 
     | add_131_40_g1509       | A ^ -> CO ^ | ADHM4TP   | 0.082 |   6.575 |    6.774 | 
     | add_131_40_g1508       | A ^ -> CO ^ | ADHM4TP   | 0.087 |   6.662 |    6.861 | 
     | add_131_40_g1507       | A ^ -> CO ^ | ADHM4TP   | 0.084 |   6.746 |    6.945 | 
     | add_131_40_g1506       | A ^ -> CO ^ | ADHM4TP   | 0.080 |   6.826 |    7.025 | 
     | add_131_40_g1505       | A ^ -> CO ^ | ADHM4TP   | 0.080 |   6.906 |    7.105 | 
     | add_131_40_g1504       | A ^ -> CO ^ | ADHM4TP   | 0.080 |   6.986 |    7.185 | 
     | add_131_40_g1503       | A ^ -> CO ^ | ADHM4TP   | 0.081 |   7.067 |    7.266 | 
     | add_131_40_g1502       | A ^ -> CO ^ | ADHM4TP   | 0.081 |   7.147 |    7.347 | 
     | add_131_40_g1501       | A ^ -> CO ^ | ADHM4TP   | 0.079 |   7.227 |    7.426 | 
     | add_131_40_g1500       | A ^ -> CO ^ | ADHM4TP   | 0.083 |   7.310 |    7.509 | 
     | add_131_40_g1499       | A ^ -> CO ^ | ADHM4TP   | 0.083 |   7.393 |    7.592 | 
     | add_131_40_g1498       | A ^ -> CO ^ | ADHM4TP   | 0.081 |   7.474 |    7.673 | 
     | add_131_40_g1497       | A ^ -> CO ^ | ADHM4TP   | 0.081 |   7.555 |    7.754 | 
     | add_131_40_g1496       | A ^ -> CO ^ | ADHM4TP   | 0.080 |   7.634 |    7.833 | 
     | add_131_40_g1495       | A ^ -> CO ^ | ADHM4TP   | 0.081 |   7.716 |    7.915 | 
     | add_131_40_g1494       | A ^ -> CO ^ | ADHM4TP   | 0.085 |   7.800 |    7.999 | 
     | add_131_40_g1493       | A ^ -> CO ^ | ADHM4TP   | 0.083 |   7.883 |    8.082 | 
     | add_131_40_g1492       | A ^ -> CO ^ | ADHM4TP   | 0.082 |   7.966 |    8.165 | 
     | add_131_40_g1491       | A ^ -> CO ^ | ADHM4TP   | 0.082 |   8.047 |    8.246 | 
     | add_131_40_g1490       | A ^ -> CO ^ | ADHM4TP   | 0.082 |   8.129 |    8.328 | 
     | add_131_40_g1489       | A ^ -> CO ^ | ADHM4TP   | 0.085 |   8.214 |    8.413 | 
     | add_131_40_g1488       | A ^ -> CO ^ | ADHM4TP   | 0.085 |   8.299 |    8.498 | 
     | add_131_40_g1487       | A ^ -> CO ^ | ADHM4TP   | 0.085 |   8.384 |    8.583 | 
     | add_131_40_g1486       | A ^ -> CO ^ | ADHM4TP   | 0.081 |   8.465 |    8.664 | 
     | add_131_40_g1485       | A ^ -> CO ^ | ADHM4TP   | 0.079 |   8.544 |    8.743 | 
     | add_131_40_g1484       | A ^ -> CO ^ | ADHM4TP   | 0.080 |   8.623 |    8.822 | 
     | add_131_40_g1483       | A ^ -> CO ^ | ADHM4TP   | 0.080 |   8.703 |    8.903 | 
     | add_131_40_g1482       | A ^ -> CO ^ | ADHM4TP   | 0.090 |   8.793 |    8.992 | 
     | FE_RC_49_0             | A ^ -> Z v  | INVM2TP   | 0.036 |   8.829 |    9.029 | 
     | FE_RC_48_0             | B v -> Z ^  | NR2B1M4TP | 0.060 |   8.889 |    9.088 | 
     | add_131_40_g1478       | A ^ -> CO ^ | ADHM4TP   | 0.093 |   8.982 |    9.181 | 
     | add_131_40_g1477       | A ^ -> CO ^ | ADHM4TP   | 0.082 |   9.064 |    9.263 | 
     | add_131_40_g1476       | A ^ -> CO ^ | ADHM4TP   | 0.085 |   9.149 |    9.348 | 
     | add_131_40_g1475       | A ^ -> CO ^ | ADHM4TP   | 0.082 |   9.231 |    9.430 | 
     | add_131_40_g1474       | A ^ -> CO ^ | ADHM4TP   | 0.077 |   9.308 |    9.507 | 
     | add_131_40_g1473       | A ^ -> CO ^ | ADHM2TP   | 0.101 |   9.409 |    9.608 | 
     | add_131_40_g1472       | A ^ -> CO ^ | ADHM4TP   | 0.085 |   9.494 |    9.693 | 
     | add_131_40_g1471       | A ^ -> S v  | ADHM2TP   | 0.138 |   9.632 |    9.831 | 
     | g76759                 | A2 v -> Z v | AO22M2TP  | 0.151 |   9.783 |    9.982 | 
     | nonce_counter_reg[124] | D v         | DFQRM1TP  | 0.000 |   9.783 |    9.982 | 
     +-------------------------------------------------------------------------------+ 
Path 5: MET Setup Check with Pin nonce_counter_reg[123]/CK 
Endpoint:   nonce_counter_reg[123]/D (v) checked with  leading edge of 'clk'
Beginpoint: nonce_counter_reg[5]/Q   (^) triggered by  leading edge of 'clk'
Path Groups: {clk}
Analysis View: av_setup
Other End Arrival Time          0.000
- Setup                         0.018
+ Phase Shift                  10.000
= Required Time                 9.982
- Arrival Time                  9.687
= Slack Time                    0.295
     Clock Rise Edge                 0.000
     + Clock Network Latency (Ideal) 0.000
     = Beginpoint Arrival Time       0.000
     +-------------------------------------------------------------------------------+ 
     |        Instance        |     Arc     |   Cell    | Delay | Arrival | Required | 
     |                        |             |           |       |  Time   |   Time   | 
     |------------------------+-------------+-----------+-------+---------+----------| 
     | nonce_counter_reg[5]   | CK ^        |           |       |   0.000 |    0.295 | 
     | nonce_counter_reg[5]   | CK ^ -> Q ^ | DFQRM4TP  | 0.231 |   0.231 |    0.526 | 
     | add_131_40_g1591       | B ^ -> Z ^  | AN2M4TP   | 0.105 |   0.336 |    0.631 | 
     | add_131_40_g1589       | A ^ -> CO ^ | ADHM4TP   | 0.084 |   0.421 |    0.715 | 
     | add_131_40_g1588       | A ^ -> CO ^ | ADHM4TP   | 0.083 |   0.504 |    0.799 | 
     | add_131_40_g1587       | A ^ -> CO ^ | ADHM4TP   | 0.086 |   0.589 |    0.884 | 
     | add_131_40_g1586       | A ^ -> CO ^ | ADHM4TP   | 0.083 |   0.673 |    0.967 | 
     | add_131_40_g1585       | A ^ -> CO ^ | ADHM4TP   | 0.080 |   0.752 |    1.047 | 
     | add_131_40_g1584       | A ^ -> CO ^ | ADHM4TP   | 0.089 |   0.842 |    1.136 | 
     | add_131_40_g1583       | A ^ -> CO ^ | ADHM4TP   | 0.087 |   0.928 |    1.223 | 
     | add_131_40_g1582       | A ^ -> CO ^ | ADHM4TP   | 0.080 |   1.008 |    1.303 | 
     | add_131_40_g1581       | A ^ -> CO ^ | ADHM4TP   | 0.079 |   1.088 |    1.383 | 
     | add_131_40_g1580       | A ^ -> CO ^ | ADHM4TP   | 0.089 |   1.176 |    1.471 | 
     | add_131_40_g1579       | A ^ -> CO ^ | ADHM4TP   | 0.085 |   1.261 |    1.556 | 
     | add_131_40_g1578       | A ^ -> CO ^ | ADHM4TP   | 0.080 |   1.341 |    1.636 | 
     | add_131_40_g1577       | A ^ -> CO ^ | ADHM4TP   | 0.080 |   1.422 |    1.716 | 
     | add_131_40_g1576       | A ^ -> CO ^ | ADHM4TP   | 0.085 |   1.506 |    1.801 | 
     | add_131_40_g1575       | A ^ -> CO ^ | ADHM4TP   | 0.084 |   1.590 |    1.885 | 
     | add_131_40_g1574       | A ^ -> CO ^ | ADHM4TP   | 0.082 |   1.672 |    1.967 | 
     | add_131_40_g1573       | A ^ -> CO ^ | ADHM4TP   | 0.086 |   1.758 |    2.053 | 
     | FE_RC_77_0             | A ^ -> Z v  | ND3M6TP   | 0.046 |   1.804 |    2.099 | 
     | FE_RC_65_0             | B v -> Z ^  | NR2B1M6TP | 0.066 |   1.870 |    2.165 | 
     | add_131_40_g1567       | A ^ -> CO ^ | ADHM4TP   | 0.090 |   1.961 |    2.255 | 
     | add_131_40_g1566       | A ^ -> CO ^ | ADHM4TP   | 0.083 |   2.044 |    2.338 | 
     | add_131_40_g1565       | A ^ -> CO ^ | ADHM4TP   | 0.083 |   2.126 |    2.421 | 
     | add_131_40_g1564       | A ^ -> CO ^ | ADHM4TP   | 0.084 |   2.211 |    2.506 | 
     | add_131_40_g1563       | A ^ -> CO ^ | ADHM4TP   | 0.085 |   2.296 |    2.591 | 
     | add_131_40_g1562       | A ^ -> CO ^ | ADHM4TP   | 0.081 |   2.377 |    2.672 | 
     | add_131_40_g1561       | A ^ -> CO ^ | ADHM4TP   | 0.081 |   2.458 |    2.753 | 
     | add_131_40_g1560       | A ^ -> CO ^ | ADHM4TP   | 0.082 |   2.541 |    2.835 | 
     | add_131_40_g1559       | A ^ -> CO ^ | ADHM4TP   | 0.082 |   2.623 |    2.918 | 
     | add_131_40_g1558       | A ^ -> CO ^ | ADHM4TP   | 0.084 |   2.707 |    3.002 | 
     | add_131_40_g1557       | A ^ -> CO ^ | ADHM4TP   | 0.082 |   2.789 |    3.084 | 
     | add_131_40_g1556       | A ^ -> CO ^ | ADHM4TP   | 0.081 |   2.870 |    3.165 | 
     | add_131_40_g1555       | A ^ -> CO ^ | ADHM4TP   | 0.081 |   2.951 |    3.246 | 
     | add_131_40_g1554       | A ^ -> CO ^ | ADHM4TP   | 0.083 |   3.034 |    3.329 | 
     | add_131_40_g1553       | A ^ -> CO ^ | ADHM4TP   | 0.084 |   3.118 |    3.413 | 
     | add_131_40_g1552       | A ^ -> CO ^ | ADHM4TP   | 0.084 |   3.201 |    3.496 | 
     | add_131_40_g1551       | A ^ -> CO ^ | ADHM4TP   | 0.084 |   3.286 |    3.581 | 
     | add_131_40_g1550       | A ^ -> CO ^ | ADHM4TP   | 0.081 |   3.367 |    3.662 | 
     | add_131_40_g1549       | A ^ -> CO ^ | ADHM4TP   | 0.082 |   3.448 |    3.743 | 
     | add_131_40_g1548       | A ^ -> CO ^ | ADHM4TP   | 0.081 |   3.529 |    3.824 | 
     | add_131_40_g1547       | A ^ -> CO ^ | ADHM4TP   | 0.083 |   3.612 |    3.907 | 
     | add_131_40_g1546       | A ^ -> CO ^ | ADHM4TP   | 0.081 |   3.693 |    3.988 | 
     | add_131_40_g1545       | A ^ -> CO ^ | ADHM4TP   | 0.088 |   3.781 |    4.076 | 
     | add_131_40_g1544       | A ^ -> CO ^ | ADHM4TP   | 0.086 |   3.867 |    4.161 | 
     | add_131_40_g1543       | A ^ -> CO ^ | ADHM4TP   | 0.084 |   3.951 |    4.246 | 
     | add_131_40_g1542       | A ^ -> CO ^ | ADHM4TP   | 0.082 |   4.033 |    4.327 | 
     | add_131_40_g1541       | A ^ -> CO ^ | ADHM4TP   | 0.082 |   4.115 |    4.410 | 
     | add_131_40_g1540       | A ^ -> CO ^ | ADHM4TP   | 0.083 |   4.198 |    4.492 | 
     | add_131_40_g1539       | A ^ -> CO ^ | ADHM4TP   | 0.081 |   4.279 |    4.573 | 
     | add_131_40_g1538       | A ^ -> CO ^ | ADHM4TP   | 0.081 |   4.359 |    4.654 | 
     | add_131_40_g1537       | A ^ -> CO ^ | ADHM4TP   | 0.081 |   4.440 |    4.735 | 
     | add_131_40_g1536       | A ^ -> CO ^ | ADHM4TP   | 0.084 |   4.525 |    4.820 | 
     | FE_RC_34_0             | A ^ -> Z v  | INVM2TP   | 0.044 |   4.569 |    4.864 | 
     | FE_RC_28_0             | B v -> Z ^  | NR2B1M6TP | 0.048 |   4.617 |    4.912 | 
     | add_131_40_g1532       | A ^ -> CO ^ | ADHM8TP   | 0.106 |   4.724 |    5.018 | 
     | add_131_40_g1531       | A ^ -> CO ^ | ADHM4TP   | 0.097 |   4.821 |    5.116 | 
     | add_131_40_g1530       | A ^ -> CO ^ | ADHM4TP   | 0.082 |   4.903 |    5.198 | 
     | add_131_40_g1529       | A ^ -> CO ^ | ADHM4TP   | 0.083 |   4.986 |    5.281 | 
     | add_131_40_g1528       | A ^ -> CO ^ | ADHM4TP   | 0.086 |   5.073 |    5.368 | 
     | add_131_40_g1527       | A ^ -> CO ^ | ADHM4TP   | 0.082 |   5.155 |    5.450 | 
     | add_131_40_g1526       | A ^ -> CO ^ | ADHM4TP   | 0.081 |   5.236 |    5.531 | 
     | add_131_40_g1525       | A ^ -> CO ^ | ADHM4TP   | 0.080 |   5.316 |    5.611 | 
     | add_131_40_g1524       | A ^ -> CO ^ | ADHM4TP   | 0.082 |   5.398 |    5.693 | 
     | add_131_40_g1523       | A ^ -> CO ^ | ADHM4TP   | 0.084 |   5.482 |    5.777 | 
     | add_131_40_g1522       | A ^ -> CO ^ | ADHM4TP   | 0.082 |   5.564 |    5.859 | 
     | add_131_40_g1521       | A ^ -> CO ^ | ADHM4TP   | 0.083 |   5.647 |    5.941 | 
     | add_131_40_g1520       | A ^ -> CO ^ | ADHM4TP   | 0.081 |   5.727 |    6.022 | 
     | add_131_40_g1519       | A ^ -> CO ^ | ADHM4TP   | 0.081 |   5.808 |    6.103 | 
     | add_131_40_g1518       | A ^ -> CO ^ | ADHM4TP   | 0.097 |   5.905 |    6.200 | 
     | FE_RC_9_0              | A ^ -> Z v  | INVM3TP   | 0.038 |   5.943 |    6.238 | 
     | FE_RC_8_0              | B v -> Z ^  | NR2B1M6TP | 0.051 |   5.995 |    6.289 | 
     | add_131_40_g1515       | A ^ -> CO ^ | ADHM4TP   | 0.087 |   6.082 |    6.376 | 
     | add_131_40_g1514       | A ^ -> CO ^ | ADHM4TP   | 0.083 |   6.165 |    6.459 | 
     | add_131_40_g1513       | A ^ -> CO ^ | ADHM4TP   | 0.084 |   6.248 |    6.543 | 
     | add_131_40_g1512       | A ^ -> CO ^ | ADHM4TP   | 0.083 |   6.331 |    6.626 | 
     | add_131_40_g1511       | A ^ -> CO ^ | ADHM4TP   | 0.081 |   6.412 |    6.707 | 
     | add_131_40_g1510       | A ^ -> CO ^ | ADHM4TP   | 0.081 |   6.493 |    6.788 | 
     | add_131_40_g1509       | A ^ -> CO ^ | ADHM4TP   | 0.082 |   6.575 |    6.870 | 
     | add_131_40_g1508       | A ^ -> CO ^ | ADHM4TP   | 0.087 |   6.662 |    6.956 | 
     | add_131_40_g1507       | A ^ -> CO ^ | ADHM4TP   | 0.084 |   6.746 |    7.040 | 
     | add_131_40_g1506       | A ^ -> CO ^ | ADHM4TP   | 0.080 |   6.826 |    7.121 | 
     | add_131_40_g1505       | A ^ -> CO ^ | ADHM4TP   | 0.080 |   6.906 |    7.201 | 
     | add_131_40_g1504       | A ^ -> CO ^ | ADHM4TP   | 0.080 |   6.986 |    7.281 | 
     | add_131_40_g1503       | A ^ -> CO ^ | ADHM4TP   | 0.081 |   7.067 |    7.362 | 
     | add_131_40_g1502       | A ^ -> CO ^ | ADHM4TP   | 0.081 |   7.147 |    7.442 | 
     | add_131_40_g1501       | A ^ -> CO ^ | ADHM4TP   | 0.079 |   7.227 |    7.522 | 
     | add_131_40_g1500       | A ^ -> CO ^ | ADHM4TP   | 0.083 |   7.310 |    7.605 | 
     | add_131_40_g1499       | A ^ -> CO ^ | ADHM4TP   | 0.083 |   7.393 |    7.688 | 
     | add_131_40_g1498       | A ^ -> CO ^ | ADHM4TP   | 0.081 |   7.474 |    7.769 | 
     | add_131_40_g1497       | A ^ -> CO ^ | ADHM4TP   | 0.081 |   7.555 |    7.850 | 
     | add_131_40_g1496       | A ^ -> CO ^ | ADHM4TP   | 0.080 |   7.634 |    7.929 | 
     | add_131_40_g1495       | A ^ -> CO ^ | ADHM4TP   | 0.081 |   7.716 |    8.010 | 
     | add_131_40_g1494       | A ^ -> CO ^ | ADHM4TP   | 0.085 |   7.800 |    8.095 | 
     | add_131_40_g1493       | A ^ -> CO ^ | ADHM4TP   | 0.083 |   7.883 |    8.178 | 
     | add_131_40_g1492       | A ^ -> CO ^ | ADHM4TP   | 0.082 |   7.966 |    8.260 | 
     | add_131_40_g1491       | A ^ -> CO ^ | ADHM4TP   | 0.082 |   8.047 |    8.342 | 
     | add_131_40_g1490       | A ^ -> CO ^ | ADHM4TP   | 0.082 |   8.129 |    8.424 | 
     | add_131_40_g1489       | A ^ -> CO ^ | ADHM4TP   | 0.085 |   8.214 |    8.509 | 
     | add_131_40_g1488       | A ^ -> CO ^ | ADHM4TP   | 0.085 |   8.299 |    8.594 | 
     | add_131_40_g1487       | A ^ -> CO ^ | ADHM4TP   | 0.085 |   8.384 |    8.678 | 
     | add_131_40_g1486       | A ^ -> CO ^ | ADHM4TP   | 0.081 |   8.465 |    8.760 | 
     | add_131_40_g1485       | A ^ -> CO ^ | ADHM4TP   | 0.079 |   8.544 |    8.839 | 
     | add_131_40_g1484       | A ^ -> CO ^ | ADHM4TP   | 0.080 |   8.623 |    8.918 | 
     | add_131_40_g1483       | A ^ -> CO ^ | ADHM4TP   | 0.080 |   8.703 |    8.998 | 
     | add_131_40_g1482       | A ^ -> CO ^ | ADHM4TP   | 0.090 |   8.793 |    9.088 | 
     | FE_RC_49_0             | A ^ -> Z v  | INVM2TP   | 0.036 |   8.829 |    9.124 | 
     | FE_RC_48_0             | B v -> Z ^  | NR2B1M4TP | 0.060 |   8.889 |    9.184 | 
     | add_131_40_g1478       | A ^ -> CO ^ | ADHM4TP   | 0.093 |   8.982 |    9.277 | 
     | add_131_40_g1477       | A ^ -> CO ^ | ADHM4TP   | 0.082 |   9.064 |    9.359 | 
     | add_131_40_g1476       | A ^ -> CO ^ | ADHM4TP   | 0.085 |   9.149 |    9.444 | 
     | add_131_40_g1475       | A ^ -> CO ^ | ADHM4TP   | 0.082 |   9.231 |    9.526 | 
     | add_131_40_g1474       | A ^ -> CO ^ | ADHM4TP   | 0.077 |   9.308 |    9.603 | 
     | add_131_40_g1473       | A ^ -> CO ^ | ADHM2TP   | 0.101 |   9.409 |    9.704 | 
     | add_131_40_g1472       | A ^ -> S v  | ADHM4TP   | 0.129 |   9.538 |    9.833 | 
     | g76758                 | A2 v -> Z v | AO22M2TP  | 0.149 |   9.687 |    9.982 | 
     | nonce_counter_reg[123] | D v         | DFQRM1TP  | 0.000 |   9.687 |    9.982 | 
     +-------------------------------------------------------------------------------+ 
Path 6: MET Setup Check with Pin nonce_counter_reg[122]/CK 
Endpoint:   nonce_counter_reg[122]/D (v) checked with  leading edge of 'clk'
Beginpoint: nonce_counter_reg[5]/Q   (^) triggered by  leading edge of 'clk'
Path Groups: {clk}
Analysis View: av_setup
Other End Arrival Time          0.000
- Setup                         0.018
+ Phase Shift                  10.000
= Required Time                 9.982
- Arrival Time                  9.596
= Slack Time                    0.386
     Clock Rise Edge                 0.000
     + Clock Network Latency (Ideal) 0.000
     = Beginpoint Arrival Time       0.000
     +-------------------------------------------------------------------------------+ 
     |        Instance        |     Arc     |   Cell    | Delay | Arrival | Required | 
     |                        |             |           |       |  Time   |   Time   | 
     |------------------------+-------------+-----------+-------+---------+----------| 
     | nonce_counter_reg[5]   | CK ^        |           |       |   0.000 |    0.386 | 
     | nonce_counter_reg[5]   | CK ^ -> Q ^ | DFQRM4TP  | 0.231 |   0.231 |    0.617 | 
     | add_131_40_g1591       | B ^ -> Z ^  | AN2M4TP   | 0.105 |   0.336 |    0.722 | 
     | add_131_40_g1589       | A ^ -> CO ^ | ADHM4TP   | 0.084 |   0.421 |    0.807 | 
     | add_131_40_g1588       | A ^ -> CO ^ | ADHM4TP   | 0.083 |   0.504 |    0.890 | 
     | add_131_40_g1587       | A ^ -> CO ^ | ADHM4TP   | 0.086 |   0.589 |    0.975 | 
     | add_131_40_g1586       | A ^ -> CO ^ | ADHM4TP   | 0.083 |   0.673 |    1.059 | 
     | add_131_40_g1585       | A ^ -> CO ^ | ADHM4TP   | 0.080 |   0.752 |    1.138 | 
     | add_131_40_g1584       | A ^ -> CO ^ | ADHM4TP   | 0.089 |   0.842 |    1.228 | 
     | add_131_40_g1583       | A ^ -> CO ^ | ADHM4TP   | 0.087 |   0.928 |    1.314 | 
     | add_131_40_g1582       | A ^ -> CO ^ | ADHM4TP   | 0.080 |   1.008 |    1.394 | 
     | add_131_40_g1581       | A ^ -> CO ^ | ADHM4TP   | 0.079 |   1.088 |    1.474 | 
     | add_131_40_g1580       | A ^ -> CO ^ | ADHM4TP   | 0.089 |   1.176 |    1.562 | 
     | add_131_40_g1579       | A ^ -> CO ^ | ADHM4TP   | 0.085 |   1.261 |    1.647 | 
     | add_131_40_g1578       | A ^ -> CO ^ | ADHM4TP   | 0.080 |   1.341 |    1.727 | 
     | add_131_40_g1577       | A ^ -> CO ^ | ADHM4TP   | 0.080 |   1.422 |    1.808 | 
     | add_131_40_g1576       | A ^ -> CO ^ | ADHM4TP   | 0.085 |   1.506 |    1.892 | 
     | add_131_40_g1575       | A ^ -> CO ^ | ADHM4TP   | 0.084 |   1.590 |    1.976 | 
     | add_131_40_g1574       | A ^ -> CO ^ | ADHM4TP   | 0.082 |   1.672 |    2.058 | 
     | add_131_40_g1573       | A ^ -> CO ^ | ADHM4TP   | 0.086 |   1.758 |    2.144 | 
     | FE_RC_77_0             | A ^ -> Z v  | ND3M6TP   | 0.046 |   1.804 |    2.190 | 
     | FE_RC_65_0             | B v -> Z ^  | NR2B1M6TP | 0.066 |   1.870 |    2.256 | 
     | add_131_40_g1567       | A ^ -> CO ^ | ADHM4TP   | 0.090 |   1.960 |    2.346 | 
     | add_131_40_g1566       | A ^ -> CO ^ | ADHM4TP   | 0.083 |   2.044 |    2.430 | 
     | add_131_40_g1565       | A ^ -> CO ^ | ADHM4TP   | 0.083 |   2.126 |    2.512 | 
     | add_131_40_g1564       | A ^ -> CO ^ | ADHM4TP   | 0.084 |   2.211 |    2.597 | 
     | add_131_40_g1563       | A ^ -> CO ^ | ADHM4TP   | 0.085 |   2.296 |    2.682 | 
     | add_131_40_g1562       | A ^ -> CO ^ | ADHM4TP   | 0.081 |   2.377 |    2.763 | 
     | add_131_40_g1561       | A ^ -> CO ^ | ADHM4TP   | 0.081 |   2.458 |    2.844 | 
     | add_131_40_g1560       | A ^ -> CO ^ | ADHM4TP   | 0.082 |   2.540 |    2.926 | 
     | add_131_40_g1559       | A ^ -> CO ^ | ADHM4TP   | 0.082 |   2.623 |    3.009 | 
     | add_131_40_g1558       | A ^ -> CO ^ | ADHM4TP   | 0.084 |   2.707 |    3.093 | 
     | add_131_40_g1557       | A ^ -> CO ^ | ADHM4TP   | 0.082 |   2.789 |    3.175 | 
     | add_131_40_g1556       | A ^ -> CO ^ | ADHM4TP   | 0.081 |   2.870 |    3.256 | 
     | add_131_40_g1555       | A ^ -> CO ^ | ADHM4TP   | 0.081 |   2.951 |    3.337 | 
     | add_131_40_g1554       | A ^ -> CO ^ | ADHM4TP   | 0.083 |   3.034 |    3.420 | 
     | add_131_40_g1553       | A ^ -> CO ^ | ADHM4TP   | 0.084 |   3.118 |    3.504 | 
     | add_131_40_g1552       | A ^ -> CO ^ | ADHM4TP   | 0.084 |   3.201 |    3.587 | 
     | add_131_40_g1551       | A ^ -> CO ^ | ADHM4TP   | 0.084 |   3.286 |    3.672 | 
     | add_131_40_g1550       | A ^ -> CO ^ | ADHM4TP   | 0.081 |   3.367 |    3.753 | 
     | add_131_40_g1549       | A ^ -> CO ^ | ADHM4TP   | 0.082 |   3.448 |    3.834 | 
     | add_131_40_g1548       | A ^ -> CO ^ | ADHM4TP   | 0.081 |   3.529 |    3.915 | 
     | add_131_40_g1547       | A ^ -> CO ^ | ADHM4TP   | 0.083 |   3.612 |    3.998 | 
     | add_131_40_g1546       | A ^ -> CO ^ | ADHM4TP   | 0.081 |   3.693 |    4.079 | 
     | add_131_40_g1545       | A ^ -> CO ^ | ADHM4TP   | 0.088 |   3.781 |    4.167 | 
     | add_131_40_g1544       | A ^ -> CO ^ | ADHM4TP   | 0.086 |   3.867 |    4.253 | 
     | add_131_40_g1543       | A ^ -> CO ^ | ADHM4TP   | 0.084 |   3.951 |    4.337 | 
     | add_131_40_g1542       | A ^ -> CO ^ | ADHM4TP   | 0.082 |   4.033 |    4.419 | 
     | add_131_40_g1541       | A ^ -> CO ^ | ADHM4TP   | 0.082 |   4.115 |    4.501 | 
     | add_131_40_g1540       | A ^ -> CO ^ | ADHM4TP   | 0.083 |   4.198 |    4.584 | 
     | add_131_40_g1539       | A ^ -> CO ^ | ADHM4TP   | 0.081 |   4.279 |    4.665 | 
     | add_131_40_g1538       | A ^ -> CO ^ | ADHM4TP   | 0.081 |   4.359 |    4.745 | 
     | add_131_40_g1537       | A ^ -> CO ^ | ADHM4TP   | 0.081 |   4.440 |    4.826 | 
     | add_131_40_g1536       | A ^ -> CO ^ | ADHM4TP   | 0.084 |   4.525 |    4.911 | 
     | FE_RC_34_0             | A ^ -> Z v  | INVM2TP   | 0.044 |   4.569 |    4.955 | 
     | FE_RC_28_0             | B v -> Z ^  | NR2B1M6TP | 0.048 |   4.617 |    5.003 | 
     | add_131_40_g1532       | A ^ -> CO ^ | ADHM8TP   | 0.106 |   4.724 |    5.110 | 
     | add_131_40_g1531       | A ^ -> CO ^ | ADHM4TP   | 0.097 |   4.821 |    5.207 | 
     | add_131_40_g1530       | A ^ -> CO ^ | ADHM4TP   | 0.082 |   4.903 |    5.289 | 
     | add_131_40_g1529       | A ^ -> CO ^ | ADHM4TP   | 0.083 |   4.986 |    5.372 | 
     | add_131_40_g1528       | A ^ -> CO ^ | ADHM4TP   | 0.086 |   5.073 |    5.459 | 
     | add_131_40_g1527       | A ^ -> CO ^ | ADHM4TP   | 0.082 |   5.155 |    5.541 | 
     | add_131_40_g1526       | A ^ -> CO ^ | ADHM4TP   | 0.081 |   5.236 |    5.622 | 
     | add_131_40_g1525       | A ^ -> CO ^ | ADHM4TP   | 0.080 |   5.316 |    5.702 | 
     | add_131_40_g1524       | A ^ -> CO ^ | ADHM4TP   | 0.082 |   5.398 |    5.784 | 
     | add_131_40_g1523       | A ^ -> CO ^ | ADHM4TP   | 0.084 |   5.482 |    5.868 | 
     | add_131_40_g1522       | A ^ -> CO ^ | ADHM4TP   | 0.082 |   5.564 |    5.950 | 
     | add_131_40_g1521       | A ^ -> CO ^ | ADHM4TP   | 0.083 |   5.647 |    6.033 | 
     | add_131_40_g1520       | A ^ -> CO ^ | ADHM4TP   | 0.081 |   5.727 |    6.113 | 
     | add_131_40_g1519       | A ^ -> CO ^ | ADHM4TP   | 0.081 |   5.808 |    6.194 | 
     | add_131_40_g1518       | A ^ -> CO ^ | ADHM4TP   | 0.097 |   5.905 |    6.291 | 
     | FE_RC_9_0              | A ^ -> Z v  | INVM3TP   | 0.038 |   5.943 |    6.329 | 
     | FE_RC_8_0              | B v -> Z ^  | NR2B1M6TP | 0.051 |   5.995 |    6.380 | 
     | add_131_40_g1515       | A ^ -> CO ^ | ADHM4TP   | 0.087 |   6.082 |    6.467 | 
     | add_131_40_g1514       | A ^ -> CO ^ | ADHM4TP   | 0.083 |   6.165 |    6.551 | 
     | add_131_40_g1513       | A ^ -> CO ^ | ADHM4TP   | 0.084 |   6.248 |    6.634 | 
     | add_131_40_g1512       | A ^ -> CO ^ | ADHM4TP   | 0.083 |   6.331 |    6.717 | 
     | add_131_40_g1511       | A ^ -> CO ^ | ADHM4TP   | 0.081 |   6.412 |    6.798 | 
     | add_131_40_g1510       | A ^ -> CO ^ | ADHM4TP   | 0.081 |   6.493 |    6.879 | 
     | add_131_40_g1509       | A ^ -> CO ^ | ADHM4TP   | 0.082 |   6.575 |    6.961 | 
     | add_131_40_g1508       | A ^ -> CO ^ | ADHM4TP   | 0.087 |   6.662 |    7.047 | 
     | add_131_40_g1507       | A ^ -> CO ^ | ADHM4TP   | 0.084 |   6.746 |    7.131 | 
     | add_131_40_g1506       | A ^ -> CO ^ | ADHM4TP   | 0.080 |   6.826 |    7.212 | 
     | add_131_40_g1505       | A ^ -> CO ^ | ADHM4TP   | 0.080 |   6.906 |    7.292 | 
     | add_131_40_g1504       | A ^ -> CO ^ | ADHM4TP   | 0.080 |   6.986 |    7.372 | 
     | add_131_40_g1503       | A ^ -> CO ^ | ADHM4TP   | 0.081 |   7.067 |    7.453 | 
     | add_131_40_g1502       | A ^ -> CO ^ | ADHM4TP   | 0.081 |   7.147 |    7.533 | 
     | add_131_40_g1501       | A ^ -> CO ^ | ADHM4TP   | 0.079 |   7.227 |    7.613 | 
     | add_131_40_g1500       | A ^ -> CO ^ | ADHM4TP   | 0.083 |   7.310 |    7.696 | 
     | add_131_40_g1499       | A ^ -> CO ^ | ADHM4TP   | 0.083 |   7.393 |    7.779 | 
     | add_131_40_g1498       | A ^ -> CO ^ | ADHM4TP   | 0.081 |   7.474 |    7.860 | 
     | add_131_40_g1497       | A ^ -> CO ^ | ADHM4TP   | 0.081 |   7.555 |    7.941 | 
     | add_131_40_g1496       | A ^ -> CO ^ | ADHM4TP   | 0.080 |   7.634 |    8.020 | 
     | add_131_40_g1495       | A ^ -> CO ^ | ADHM4TP   | 0.081 |   7.716 |    8.102 | 
     | add_131_40_g1494       | A ^ -> CO ^ | ADHM4TP   | 0.085 |   7.800 |    8.186 | 
     | add_131_40_g1493       | A ^ -> CO ^ | ADHM4TP   | 0.083 |   7.883 |    8.269 | 
     | add_131_40_g1492       | A ^ -> CO ^ | ADHM4TP   | 0.082 |   7.966 |    8.351 | 
     | add_131_40_g1491       | A ^ -> CO ^ | ADHM4TP   | 0.082 |   8.047 |    8.433 | 
     | add_131_40_g1490       | A ^ -> CO ^ | ADHM4TP   | 0.082 |   8.129 |    8.515 | 
     | add_131_40_g1489       | A ^ -> CO ^ | ADHM4TP   | 0.085 |   8.214 |    8.600 | 
     | add_131_40_g1488       | A ^ -> CO ^ | ADHM4TP   | 0.085 |   8.299 |    8.685 | 
     | add_131_40_g1487       | A ^ -> CO ^ | ADHM4TP   | 0.085 |   8.384 |    8.769 | 
     | add_131_40_g1486       | A ^ -> CO ^ | ADHM4TP   | 0.081 |   8.465 |    8.851 | 
     | add_131_40_g1485       | A ^ -> CO ^ | ADHM4TP   | 0.079 |   8.544 |    8.930 | 
     | add_131_40_g1484       | A ^ -> CO ^ | ADHM4TP   | 0.080 |   8.623 |    9.009 | 
     | add_131_40_g1483       | A ^ -> CO ^ | ADHM4TP   | 0.080 |   8.703 |    9.089 | 
     | add_131_40_g1482       | A ^ -> CO ^ | ADHM4TP   | 0.090 |   8.793 |    9.179 | 
     | FE_RC_49_0             | A ^ -> Z v  | INVM2TP   | 0.036 |   8.829 |    9.215 | 
     | FE_RC_48_0             | B v -> Z ^  | NR2B1M4TP | 0.060 |   8.889 |    9.275 | 
     | add_131_40_g1478       | A ^ -> CO ^ | ADHM4TP   | 0.093 |   8.982 |    9.368 | 
     | add_131_40_g1477       | A ^ -> CO ^ | ADHM4TP   | 0.082 |   9.064 |    9.450 | 
     | add_131_40_g1476       | A ^ -> CO ^ | ADHM4TP   | 0.085 |   9.149 |    9.535 | 
     | add_131_40_g1475       | A ^ -> CO ^ | ADHM4TP   | 0.082 |   9.231 |    9.617 | 
     | add_131_40_g1474       | A ^ -> CO ^ | ADHM4TP   | 0.077 |   9.308 |    9.694 | 
     | add_131_40_g1473       | A ^ -> S v  | ADHM2TP   | 0.137 |   9.445 |    9.831 | 
     | g76757                 | A2 v -> Z v | AO22M2TP  | 0.151 |   9.596 |    9.982 | 
     | nonce_counter_reg[122] | D v         | DFQRM1TP  | 0.000 |   9.596 |    9.982 | 
     +-------------------------------------------------------------------------------+ 
Path 7: MET Setup Check with Pin nonce_counter_reg[121]/CK 
Endpoint:   nonce_counter_reg[121]/D (v) checked with  leading edge of 'clk'
Beginpoint: nonce_counter_reg[5]/Q   (^) triggered by  leading edge of 'clk'
Path Groups: {clk}
Analysis View: av_setup
Other End Arrival Time          0.000
- Setup                         0.018
+ Phase Shift                  10.000
= Required Time                 9.982
- Arrival Time                  9.501
= Slack Time                    0.481
     Clock Rise Edge                 0.000
     + Clock Network Latency (Ideal) 0.000
     = Beginpoint Arrival Time       0.000
     +-------------------------------------------------------------------------------+ 
     |        Instance        |     Arc     |   Cell    | Delay | Arrival | Required | 
     |                        |             |           |       |  Time   |   Time   | 
     |------------------------+-------------+-----------+-------+---------+----------| 
     | nonce_counter_reg[5]   | CK ^        |           |       |   0.000 |    0.481 | 
     | nonce_counter_reg[5]   | CK ^ -> Q ^ | DFQRM4TP  | 0.231 |   0.231 |    0.712 | 
     | add_131_40_g1591       | B ^ -> Z ^  | AN2M4TP   | 0.105 |   0.336 |    0.817 | 
     | add_131_40_g1589       | A ^ -> CO ^ | ADHM4TP   | 0.084 |   0.421 |    0.901 | 
     | add_131_40_g1588       | A ^ -> CO ^ | ADHM4TP   | 0.083 |   0.504 |    0.984 | 
     | add_131_40_g1587       | A ^ -> CO ^ | ADHM4TP   | 0.086 |   0.589 |    1.070 | 
     | add_131_40_g1586       | A ^ -> CO ^ | ADHM4TP   | 0.083 |   0.673 |    1.153 | 
     | add_131_40_g1585       | A ^ -> CO ^ | ADHM4TP   | 0.080 |   0.752 |    1.233 | 
     | add_131_40_g1584       | A ^ -> CO ^ | ADHM4TP   | 0.089 |   0.842 |    1.322 | 
     | add_131_40_g1583       | A ^ -> CO ^ | ADHM4TP   | 0.087 |   0.928 |    1.409 | 
     | add_131_40_g1582       | A ^ -> CO ^ | ADHM4TP   | 0.080 |   1.008 |    1.489 | 
     | add_131_40_g1581       | A ^ -> CO ^ | ADHM4TP   | 0.079 |   1.088 |    1.568 | 
     | add_131_40_g1580       | A ^ -> CO ^ | ADHM4TP   | 0.089 |   1.176 |    1.657 | 
     | add_131_40_g1579       | A ^ -> CO ^ | ADHM4TP   | 0.085 |   1.261 |    1.742 | 
     | add_131_40_g1578       | A ^ -> CO ^ | ADHM4TP   | 0.080 |   1.341 |    1.822 | 
     | add_131_40_g1577       | A ^ -> CO ^ | ADHM4TP   | 0.080 |   1.422 |    1.902 | 
     | add_131_40_g1576       | A ^ -> CO ^ | ADHM4TP   | 0.085 |   1.506 |    1.987 | 
     | add_131_40_g1575       | A ^ -> CO ^ | ADHM4TP   | 0.084 |   1.590 |    2.071 | 
     | add_131_40_g1574       | A ^ -> CO ^ | ADHM4TP   | 0.082 |   1.672 |    2.153 | 
     | add_131_40_g1573       | A ^ -> CO ^ | ADHM4TP   | 0.086 |   1.758 |    2.238 | 
     | FE_RC_77_0             | A ^ -> Z v  | ND3M6TP   | 0.046 |   1.804 |    2.284 | 
     | FE_RC_65_0             | B v -> Z ^  | NR2B1M6TP | 0.066 |   1.870 |    2.351 | 
     | add_131_40_g1567       | A ^ -> CO ^ | ADHM4TP   | 0.090 |   1.961 |    2.441 | 
     | add_131_40_g1566       | A ^ -> CO ^ | ADHM4TP   | 0.083 |   2.044 |    2.524 | 
     | add_131_40_g1565       | A ^ -> CO ^ | ADHM4TP   | 0.083 |   2.126 |    2.607 | 
     | add_131_40_g1564       | A ^ -> CO ^ | ADHM4TP   | 0.084 |   2.211 |    2.691 | 
     | add_131_40_g1563       | A ^ -> CO ^ | ADHM4TP   | 0.085 |   2.296 |    2.776 | 
     | add_131_40_g1562       | A ^ -> CO ^ | ADHM4TP   | 0.081 |   2.377 |    2.858 | 
     | add_131_40_g1561       | A ^ -> CO ^ | ADHM4TP   | 0.081 |   2.458 |    2.939 | 
     | add_131_40_g1560       | A ^ -> CO ^ | ADHM4TP   | 0.082 |   2.541 |    3.021 | 
     | add_131_40_g1559       | A ^ -> CO ^ | ADHM4TP   | 0.082 |   2.623 |    3.103 | 
     | add_131_40_g1558       | A ^ -> CO ^ | ADHM4TP   | 0.084 |   2.707 |    3.187 | 
     | add_131_40_g1557       | A ^ -> CO ^ | ADHM4TP   | 0.082 |   2.789 |    3.270 | 
     | add_131_40_g1556       | A ^ -> CO ^ | ADHM4TP   | 0.081 |   2.870 |    3.351 | 
     | add_131_40_g1555       | A ^ -> CO ^ | ADHM4TP   | 0.081 |   2.951 |    3.432 | 
     | add_131_40_g1554       | A ^ -> CO ^ | ADHM4TP   | 0.083 |   3.034 |    3.514 | 
     | add_131_40_g1553       | A ^ -> CO ^ | ADHM4TP   | 0.084 |   3.118 |    3.598 | 
     | add_131_40_g1552       | A ^ -> CO ^ | ADHM4TP   | 0.084 |   3.201 |    3.682 | 
     | add_131_40_g1551       | A ^ -> CO ^ | ADHM4TP   | 0.084 |   3.286 |    3.766 | 
     | add_131_40_g1550       | A ^ -> CO ^ | ADHM4TP   | 0.081 |   3.367 |    3.847 | 
     | add_131_40_g1549       | A ^ -> CO ^ | ADHM4TP   | 0.082 |   3.448 |    3.929 | 
     | add_131_40_g1548       | A ^ -> CO ^ | ADHM4TP   | 0.081 |   3.529 |    4.010 | 
     | add_131_40_g1547       | A ^ -> CO ^ | ADHM4TP   | 0.083 |   3.612 |    4.093 | 
     | add_131_40_g1546       | A ^ -> CO ^ | ADHM4TP   | 0.081 |   3.693 |    4.174 | 
     | add_131_40_g1545       | A ^ -> CO ^ | ADHM4TP   | 0.088 |   3.781 |    4.262 | 
     | add_131_40_g1544       | A ^ -> CO ^ | ADHM4TP   | 0.086 |   3.867 |    4.347 | 
     | add_131_40_g1543       | A ^ -> CO ^ | ADHM4TP   | 0.084 |   3.951 |    4.432 | 
     | add_131_40_g1542       | A ^ -> CO ^ | ADHM4TP   | 0.082 |   4.033 |    4.513 | 
     | add_131_40_g1541       | A ^ -> CO ^ | ADHM4TP   | 0.082 |   4.115 |    4.595 | 
     | add_131_40_g1540       | A ^ -> CO ^ | ADHM4TP   | 0.083 |   4.198 |    4.678 | 
     | add_131_40_g1539       | A ^ -> CO ^ | ADHM4TP   | 0.081 |   4.279 |    4.759 | 
     | add_131_40_g1538       | A ^ -> CO ^ | ADHM4TP   | 0.081 |   4.359 |    4.840 | 
     | add_131_40_g1537       | A ^ -> CO ^ | ADHM4TP   | 0.081 |   4.440 |    4.921 | 
     | add_131_40_g1536       | A ^ -> CO ^ | ADHM4TP   | 0.084 |   4.525 |    5.005 | 
     | FE_RC_34_0             | A ^ -> Z v  | INVM2TP   | 0.044 |   4.569 |    5.050 | 
     | FE_RC_28_0             | B v -> Z ^  | NR2B1M6TP | 0.048 |   4.617 |    5.098 | 
     | add_131_40_g1532       | A ^ -> CO ^ | ADHM8TP   | 0.106 |   4.724 |    5.204 | 
     | add_131_40_g1531       | A ^ -> CO ^ | ADHM4TP   | 0.097 |   4.821 |    5.302 | 
     | add_131_40_g1530       | A ^ -> CO ^ | ADHM4TP   | 0.082 |   4.903 |    5.384 | 
     | add_131_40_g1529       | A ^ -> CO ^ | ADHM4TP   | 0.083 |   4.986 |    5.467 | 
     | add_131_40_g1528       | A ^ -> CO ^ | ADHM4TP   | 0.086 |   5.073 |    5.553 | 
     | add_131_40_g1527       | A ^ -> CO ^ | ADHM4TP   | 0.082 |   5.155 |    5.636 | 
     | add_131_40_g1526       | A ^ -> CO ^ | ADHM4TP   | 0.081 |   5.236 |    5.716 | 
     | add_131_40_g1525       | A ^ -> CO ^ | ADHM4TP   | 0.080 |   5.316 |    5.797 | 
     | add_131_40_g1524       | A ^ -> CO ^ | ADHM4TP   | 0.082 |   5.398 |    5.879 | 
     | add_131_40_g1523       | A ^ -> CO ^ | ADHM4TP   | 0.084 |   5.482 |    5.963 | 
     | add_131_40_g1522       | A ^ -> CO ^ | ADHM4TP   | 0.082 |   5.564 |    6.044 | 
     | add_131_40_g1521       | A ^ -> CO ^ | ADHM4TP   | 0.083 |   5.647 |    6.127 | 
     | add_131_40_g1520       | A ^ -> CO ^ | ADHM4TP   | 0.081 |   5.727 |    6.208 | 
     | add_131_40_g1519       | A ^ -> CO ^ | ADHM4TP   | 0.081 |   5.808 |    6.289 | 
     | add_131_40_g1518       | A ^ -> CO ^ | ADHM4TP   | 0.097 |   5.905 |    6.386 | 
     | FE_RC_9_0              | A ^ -> Z v  | INVM3TP   | 0.038 |   5.943 |    6.424 | 
     | FE_RC_8_0              | B v -> Z ^  | NR2B1M6TP | 0.051 |   5.995 |    6.475 | 
     | add_131_40_g1515       | A ^ -> CO ^ | ADHM4TP   | 0.087 |   6.082 |    6.562 | 
     | add_131_40_g1514       | A ^ -> CO ^ | ADHM4TP   | 0.083 |   6.165 |    6.645 | 
     | add_131_40_g1513       | A ^ -> CO ^ | ADHM4TP   | 0.084 |   6.248 |    6.729 | 
     | add_131_40_g1512       | A ^ -> CO ^ | ADHM4TP   | 0.083 |   6.331 |    6.812 | 
     | add_131_40_g1511       | A ^ -> CO ^ | ADHM4TP   | 0.081 |   6.412 |    6.893 | 
     | add_131_40_g1510       | A ^ -> CO ^ | ADHM4TP   | 0.081 |   6.493 |    6.974 | 
     | add_131_40_g1509       | A ^ -> CO ^ | ADHM4TP   | 0.082 |   6.575 |    7.055 | 
     | add_131_40_g1508       | A ^ -> CO ^ | ADHM4TP   | 0.087 |   6.662 |    7.142 | 
     | add_131_40_g1507       | A ^ -> CO ^ | ADHM4TP   | 0.084 |   6.746 |    7.226 | 
     | add_131_40_g1506       | A ^ -> CO ^ | ADHM4TP   | 0.080 |   6.826 |    7.306 | 
     | add_131_40_g1505       | A ^ -> CO ^ | ADHM4TP   | 0.080 |   6.906 |    7.386 | 
     | add_131_40_g1504       | A ^ -> CO ^ | ADHM4TP   | 0.080 |   6.986 |    7.466 | 
     | add_131_40_g1503       | A ^ -> CO ^ | ADHM4TP   | 0.081 |   7.067 |    7.547 | 
     | add_131_40_g1502       | A ^ -> CO ^ | ADHM4TP   | 0.081 |   7.147 |    7.628 | 
     | add_131_40_g1501       | A ^ -> CO ^ | ADHM4TP   | 0.079 |   7.227 |    7.707 | 
     | add_131_40_g1500       | A ^ -> CO ^ | ADHM4TP   | 0.083 |   7.310 |    7.791 | 
     | add_131_40_g1499       | A ^ -> CO ^ | ADHM4TP   | 0.083 |   7.393 |    7.874 | 
     | add_131_40_g1498       | A ^ -> CO ^ | ADHM4TP   | 0.081 |   7.474 |    7.955 | 
     | add_131_40_g1497       | A ^ -> CO ^ | ADHM4TP   | 0.081 |   7.555 |    8.035 | 
     | add_131_40_g1496       | A ^ -> CO ^ | ADHM4TP   | 0.080 |   7.634 |    8.115 | 
     | add_131_40_g1495       | A ^ -> CO ^ | ADHM4TP   | 0.081 |   7.716 |    8.196 | 
     | add_131_40_g1494       | A ^ -> CO ^ | ADHM4TP   | 0.085 |   7.800 |    8.281 | 
     | add_131_40_g1493       | A ^ -> CO ^ | ADHM4TP   | 0.083 |   7.883 |    8.364 | 
     | add_131_40_g1492       | A ^ -> CO ^ | ADHM4TP   | 0.082 |   7.966 |    8.446 | 
     | add_131_40_g1491       | A ^ -> CO ^ | ADHM4TP   | 0.082 |   8.047 |    8.528 | 
     | add_131_40_g1490       | A ^ -> CO ^ | ADHM4TP   | 0.082 |   8.129 |    8.610 | 
     | add_131_40_g1489       | A ^ -> CO ^ | ADHM4TP   | 0.085 |   8.214 |    8.694 | 
     | add_131_40_g1488       | A ^ -> CO ^ | ADHM4TP   | 0.085 |   8.299 |    8.779 | 
     | add_131_40_g1487       | A ^ -> CO ^ | ADHM4TP   | 0.085 |   8.384 |    8.864 | 
     | add_131_40_g1486       | A ^ -> CO ^ | ADHM4TP   | 0.081 |   8.465 |    8.945 | 
     | add_131_40_g1485       | A ^ -> CO ^ | ADHM4TP   | 0.079 |   8.544 |    9.024 | 
     | add_131_40_g1484       | A ^ -> CO ^ | ADHM4TP   | 0.080 |   8.623 |    9.104 | 
     | add_131_40_g1483       | A ^ -> CO ^ | ADHM4TP   | 0.080 |   8.703 |    9.184 | 
     | add_131_40_g1482       | A ^ -> CO ^ | ADHM4TP   | 0.090 |   8.793 |    9.274 | 
     | FE_RC_49_0             | A ^ -> Z v  | INVM2TP   | 0.036 |   8.829 |    9.310 | 
     | FE_RC_48_0             | B v -> Z ^  | NR2B1M4TP | 0.060 |   8.889 |    9.370 | 
     | add_131_40_g1478       | A ^ -> CO ^ | ADHM4TP   | 0.093 |   8.982 |    9.463 | 
     | add_131_40_g1477       | A ^ -> CO ^ | ADHM4TP   | 0.082 |   9.064 |    9.545 | 
     | add_131_40_g1476       | A ^ -> CO ^ | ADHM4TP   | 0.085 |   9.149 |    9.630 | 
     | add_131_40_g1475       | A ^ -> CO ^ | ADHM4TP   | 0.082 |   9.231 |    9.712 | 
     | add_131_40_g1474       | A ^ -> S v  | ADHM4TP   | 0.122 |   9.353 |    9.833 | 
     | g76756                 | A2 v -> Z v | AO22M2TP  | 0.149 |   9.501 |    9.982 | 
     | nonce_counter_reg[121] | D v         | DFQRM1TP  | 0.000 |   9.501 |    9.982 | 
     +-------------------------------------------------------------------------------+ 
Path 8: MET Setup Check with Pin nonce_counter_reg[120]/CK 
Endpoint:   nonce_counter_reg[120]/D (v) checked with  leading edge of 'clk'
Beginpoint: nonce_counter_reg[5]/Q   (^) triggered by  leading edge of 'clk'
Path Groups: {clk}
Analysis View: av_setup
Other End Arrival Time          0.000
- Setup                         0.017
+ Phase Shift                  10.000
= Required Time                 9.983
- Arrival Time                  9.385
= Slack Time                    0.598
     Clock Rise Edge                 0.000
     + Clock Network Latency (Ideal) 0.000
     = Beginpoint Arrival Time       0.000
     +-------------------------------------------------------------------------------+ 
     |        Instance        |     Arc     |   Cell    | Delay | Arrival | Required | 
     |                        |             |           |       |  Time   |   Time   | 
     |------------------------+-------------+-----------+-------+---------+----------| 
     | nonce_counter_reg[5]   | CK ^        |           |       |   0.000 |    0.598 | 
     | nonce_counter_reg[5]   | CK ^ -> Q ^ | DFQRM4TP  | 0.231 |   0.231 |    0.830 | 
     | add_131_40_g1591       | B ^ -> Z ^  | AN2M4TP   | 0.105 |   0.336 |    0.934 | 
     | add_131_40_g1589       | A ^ -> CO ^ | ADHM4TP   | 0.084 |   0.421 |    1.019 | 
     | add_131_40_g1588       | A ^ -> CO ^ | ADHM4TP   | 0.083 |   0.504 |    1.102 | 
     | add_131_40_g1587       | A ^ -> CO ^ | ADHM4TP   | 0.086 |   0.589 |    1.188 | 
     | add_131_40_g1586       | A ^ -> CO ^ | ADHM4TP   | 0.083 |   0.673 |    1.271 | 
     | add_131_40_g1585       | A ^ -> CO ^ | ADHM4TP   | 0.080 |   0.752 |    1.351 | 
     | add_131_40_g1584       | A ^ -> CO ^ | ADHM4TP   | 0.089 |   0.842 |    1.440 | 
     | add_131_40_g1583       | A ^ -> CO ^ | ADHM4TP   | 0.087 |   0.928 |    1.527 | 
     | add_131_40_g1582       | A ^ -> CO ^ | ADHM4TP   | 0.080 |   1.008 |    1.607 | 
     | add_131_40_g1581       | A ^ -> CO ^ | ADHM4TP   | 0.079 |   1.088 |    1.686 | 
     | add_131_40_g1580       | A ^ -> CO ^ | ADHM4TP   | 0.089 |   1.176 |    1.775 | 
     | add_131_40_g1579       | A ^ -> CO ^ | ADHM4TP   | 0.085 |   1.261 |    1.860 | 
     | add_131_40_g1578       | A ^ -> CO ^ | ADHM4TP   | 0.080 |   1.341 |    1.940 | 
     | add_131_40_g1577       | A ^ -> CO ^ | ADHM4TP   | 0.080 |   1.422 |    2.020 | 
     | add_131_40_g1576       | A ^ -> CO ^ | ADHM4TP   | 0.085 |   1.506 |    2.105 | 
     | add_131_40_g1575       | A ^ -> CO ^ | ADHM4TP   | 0.084 |   1.590 |    2.188 | 
     | add_131_40_g1574       | A ^ -> CO ^ | ADHM4TP   | 0.082 |   1.672 |    2.270 | 
     | add_131_40_g1573       | A ^ -> CO ^ | ADHM4TP   | 0.086 |   1.758 |    2.356 | 
     | FE_RC_77_0             | A ^ -> Z v  | ND3M6TP   | 0.046 |   1.804 |    2.402 | 
     | FE_RC_65_0             | B v -> Z ^  | NR2B1M6TP | 0.066 |   1.870 |    2.468 | 
     | add_131_40_g1567       | A ^ -> CO ^ | ADHM4TP   | 0.090 |   1.960 |    2.559 | 
     | add_131_40_g1566       | A ^ -> CO ^ | ADHM4TP   | 0.083 |   2.044 |    2.642 | 
     | add_131_40_g1565       | A ^ -> CO ^ | ADHM4TP   | 0.083 |   2.126 |    2.725 | 
     | add_131_40_g1564       | A ^ -> CO ^ | ADHM4TP   | 0.084 |   2.211 |    2.809 | 
     | add_131_40_g1563       | A ^ -> CO ^ | ADHM4TP   | 0.085 |   2.296 |    2.894 | 
     | add_131_40_g1562       | A ^ -> CO ^ | ADHM4TP   | 0.081 |   2.377 |    2.975 | 
     | add_131_40_g1561       | A ^ -> CO ^ | ADHM4TP   | 0.081 |   2.458 |    3.057 | 
     | add_131_40_g1560       | A ^ -> CO ^ | ADHM4TP   | 0.082 |   2.540 |    3.139 | 
     | add_131_40_g1559       | A ^ -> CO ^ | ADHM4TP   | 0.082 |   2.623 |    3.221 | 
     | add_131_40_g1558       | A ^ -> CO ^ | ADHM4TP   | 0.084 |   2.707 |    3.305 | 
     | add_131_40_g1557       | A ^ -> CO ^ | ADHM4TP   | 0.082 |   2.789 |    3.387 | 
     | add_131_40_g1556       | A ^ -> CO ^ | ADHM4TP   | 0.081 |   2.870 |    3.469 | 
     | add_131_40_g1555       | A ^ -> CO ^ | ADHM4TP   | 0.081 |   2.951 |    3.549 | 
     | add_131_40_g1554       | A ^ -> CO ^ | ADHM4TP   | 0.083 |   3.034 |    3.632 | 
     | add_131_40_g1553       | A ^ -> CO ^ | ADHM4TP   | 0.084 |   3.118 |    3.716 | 
     | add_131_40_g1552       | A ^ -> CO ^ | ADHM4TP   | 0.084 |   3.201 |    3.800 | 
     | add_131_40_g1551       | A ^ -> CO ^ | ADHM4TP   | 0.084 |   3.286 |    3.884 | 
     | add_131_40_g1550       | A ^ -> CO ^ | ADHM4TP   | 0.081 |   3.367 |    3.965 | 
     | add_131_40_g1549       | A ^ -> CO ^ | ADHM4TP   | 0.082 |   3.448 |    4.047 | 
     | add_131_40_g1548       | A ^ -> CO ^ | ADHM4TP   | 0.081 |   3.529 |    4.128 | 
     | add_131_40_g1547       | A ^ -> CO ^ | ADHM4TP   | 0.083 |   3.612 |    4.211 | 
     | add_131_40_g1546       | A ^ -> CO ^ | ADHM4TP   | 0.081 |   3.693 |    4.292 | 
     | add_131_40_g1545       | A ^ -> CO ^ | ADHM4TP   | 0.088 |   3.781 |    4.379 | 
     | add_131_40_g1544       | A ^ -> CO ^ | ADHM4TP   | 0.086 |   3.867 |    4.465 | 
     | add_131_40_g1543       | A ^ -> CO ^ | ADHM4TP   | 0.084 |   3.951 |    4.549 | 
     | add_131_40_g1542       | A ^ -> CO ^ | ADHM4TP   | 0.082 |   4.033 |    4.631 | 
     | add_131_40_g1541       | A ^ -> CO ^ | ADHM4TP   | 0.082 |   4.115 |    4.713 | 
     | add_131_40_g1540       | A ^ -> CO ^ | ADHM4TP   | 0.083 |   4.198 |    4.796 | 
     | add_131_40_g1539       | A ^ -> CO ^ | ADHM4TP   | 0.081 |   4.279 |    4.877 | 
     | add_131_40_g1538       | A ^ -> CO ^ | ADHM4TP   | 0.081 |   4.359 |    4.957 | 
     | add_131_40_g1537       | A ^ -> CO ^ | ADHM4TP   | 0.081 |   4.440 |    5.039 | 
     | add_131_40_g1536       | A ^ -> CO ^ | ADHM4TP   | 0.084 |   4.525 |    5.123 | 
     | FE_RC_34_0             | A ^ -> Z v  | INVM2TP   | 0.044 |   4.569 |    5.167 | 
     | FE_RC_28_0             | B v -> Z ^  | NR2B1M6TP | 0.048 |   4.617 |    5.216 | 
     | add_131_40_g1532       | A ^ -> CO ^ | ADHM8TP   | 0.106 |   4.724 |    5.322 | 
     | add_131_40_g1531       | A ^ -> CO ^ | ADHM4TP   | 0.097 |   4.821 |    5.419 | 
     | add_131_40_g1530       | A ^ -> CO ^ | ADHM4TP   | 0.082 |   4.903 |    5.501 | 
     | add_131_40_g1529       | A ^ -> CO ^ | ADHM4TP   | 0.083 |   4.986 |    5.585 | 
     | add_131_40_g1528       | A ^ -> CO ^ | ADHM4TP   | 0.086 |   5.073 |    5.671 | 
     | add_131_40_g1527       | A ^ -> CO ^ | ADHM4TP   | 0.082 |   5.155 |    5.753 | 
     | add_131_40_g1526       | A ^ -> CO ^ | ADHM4TP   | 0.081 |   5.236 |    5.834 | 
     | add_131_40_g1525       | A ^ -> CO ^ | ADHM4TP   | 0.080 |   5.316 |    5.914 | 
     | add_131_40_g1524       | A ^ -> CO ^ | ADHM4TP   | 0.082 |   5.398 |    5.996 | 
     | add_131_40_g1523       | A ^ -> CO ^ | ADHM4TP   | 0.084 |   5.482 |    6.080 | 
     | add_131_40_g1522       | A ^ -> CO ^ | ADHM4TP   | 0.082 |   5.564 |    6.162 | 
     | add_131_40_g1521       | A ^ -> CO ^ | ADHM4TP   | 0.083 |   5.647 |    6.245 | 
     | add_131_40_g1520       | A ^ -> CO ^ | ADHM4TP   | 0.081 |   5.727 |    6.326 | 
     | add_131_40_g1519       | A ^ -> CO ^ | ADHM4TP   | 0.081 |   5.808 |    6.406 | 
     | add_131_40_g1518       | A ^ -> CO ^ | ADHM4TP   | 0.097 |   5.905 |    6.504 | 
     | FE_RC_9_0              | A ^ -> Z v  | INVM3TP   | 0.038 |   5.943 |    6.542 | 
     | FE_RC_8_0              | B v -> Z ^  | NR2B1M6TP | 0.051 |   5.995 |    6.593 | 
     | add_131_40_g1515       | A ^ -> CO ^ | ADHM4TP   | 0.087 |   6.082 |    6.680 | 
     | add_131_40_g1514       | A ^ -> CO ^ | ADHM4TP   | 0.083 |   6.165 |    6.763 | 
     | add_131_40_g1513       | A ^ -> CO ^ | ADHM4TP   | 0.084 |   6.248 |    6.847 | 
     | add_131_40_g1512       | A ^ -> CO ^ | ADHM4TP   | 0.083 |   6.331 |    6.930 | 
     | add_131_40_g1511       | A ^ -> CO ^ | ADHM4TP   | 0.081 |   6.412 |    7.011 | 
     | add_131_40_g1510       | A ^ -> CO ^ | ADHM4TP   | 0.081 |   6.493 |    7.092 | 
     | add_131_40_g1509       | A ^ -> CO ^ | ADHM4TP   | 0.082 |   6.575 |    7.173 | 
     | add_131_40_g1508       | A ^ -> CO ^ | ADHM4TP   | 0.087 |   6.662 |    7.260 | 
     | add_131_40_g1507       | A ^ -> CO ^ | ADHM4TP   | 0.084 |   6.746 |    7.344 | 
     | add_131_40_g1506       | A ^ -> CO ^ | ADHM4TP   | 0.080 |   6.826 |    7.424 | 
     | add_131_40_g1505       | A ^ -> CO ^ | ADHM4TP   | 0.080 |   6.906 |    7.504 | 
     | add_131_40_g1504       | A ^ -> CO ^ | ADHM4TP   | 0.080 |   6.986 |    7.584 | 
     | add_131_40_g1503       | A ^ -> CO ^ | ADHM4TP   | 0.081 |   7.067 |    7.665 | 
     | add_131_40_g1502       | A ^ -> CO ^ | ADHM4TP   | 0.081 |   7.147 |    7.746 | 
     | add_131_40_g1501       | A ^ -> CO ^ | ADHM4TP   | 0.079 |   7.227 |    7.825 | 
     | add_131_40_g1500       | A ^ -> CO ^ | ADHM4TP   | 0.083 |   7.310 |    7.909 | 
     | add_131_40_g1499       | A ^ -> CO ^ | ADHM4TP   | 0.083 |   7.393 |    7.992 | 
     | add_131_40_g1498       | A ^ -> CO ^ | ADHM4TP   | 0.081 |   7.474 |    8.073 | 
     | add_131_40_g1497       | A ^ -> CO ^ | ADHM4TP   | 0.081 |   7.555 |    8.153 | 
     | add_131_40_g1496       | A ^ -> CO ^ | ADHM4TP   | 0.080 |   7.634 |    8.233 | 
     | add_131_40_g1495       | A ^ -> CO ^ | ADHM4TP   | 0.081 |   7.716 |    8.314 | 
     | add_131_40_g1494       | A ^ -> CO ^ | ADHM4TP   | 0.085 |   7.800 |    8.399 | 
     | add_131_40_g1493       | A ^ -> CO ^ | ADHM4TP   | 0.083 |   7.883 |    8.481 | 
     | add_131_40_g1492       | A ^ -> CO ^ | ADHM4TP   | 0.082 |   7.966 |    8.564 | 
     | add_131_40_g1491       | A ^ -> CO ^ | ADHM4TP   | 0.082 |   8.047 |    8.646 | 
     | add_131_40_g1490       | A ^ -> CO ^ | ADHM4TP   | 0.082 |   8.129 |    8.727 | 
     | add_131_40_g1489       | A ^ -> CO ^ | ADHM4TP   | 0.085 |   8.214 |    8.812 | 
     | add_131_40_g1488       | A ^ -> CO ^ | ADHM4TP   | 0.085 |   8.299 |    8.897 | 
     | add_131_40_g1487       | A ^ -> CO ^ | ADHM4TP   | 0.085 |   8.384 |    8.982 | 
     | add_131_40_g1486       | A ^ -> CO ^ | ADHM4TP   | 0.081 |   8.465 |    9.063 | 
     | add_131_40_g1485       | A ^ -> CO ^ | ADHM4TP   | 0.079 |   8.544 |    9.142 | 
     | add_131_40_g1484       | A ^ -> CO ^ | ADHM4TP   | 0.080 |   8.623 |    9.222 | 
     | add_131_40_g1483       | A ^ -> CO ^ | ADHM4TP   | 0.080 |   8.703 |    9.302 | 
     | add_131_40_g1482       | A ^ -> CO ^ | ADHM4TP   | 0.090 |   8.793 |    9.392 | 
     | FE_RC_49_0             | A ^ -> Z v  | INVM2TP   | 0.036 |   8.829 |    9.428 | 
     | FE_RC_48_0             | B v -> Z ^  | NR2B1M4TP | 0.060 |   8.889 |    9.487 | 
     | add_131_40_g1478       | A ^ -> CO ^ | ADHM4TP   | 0.093 |   8.982 |    9.581 | 
     | add_131_40_g1477       | A ^ -> CO ^ | ADHM4TP   | 0.082 |   9.064 |    9.662 | 
     | add_131_40_g1476       | A ^ -> CO ^ | ADHM4TP   | 0.085 |   9.149 |    9.747 | 
     | add_131_40_g1475       | A ^ -> S v  | ADHM4TP   | 0.124 |   9.273 |    9.872 | 
     | FE_RC_0_0              | B1 v -> Z v | AO22M2TP  | 0.111 |   9.385 |    9.983 | 
     | nonce_counter_reg[120] | D v         | DFQRM1TP  | 0.000 |   9.385 |    9.983 | 
     +-------------------------------------------------------------------------------+ 
Path 9: MET Setup Check with Pin nonce_counter_reg[116]/CK 
Endpoint:   nonce_counter_reg[116]/D (^) checked with  leading edge of 'clk'
Beginpoint: nonce_counter_reg[5]/Q   (^) triggered by  leading edge of 'clk'
Path Groups: {clk}
Analysis View: av_setup
Other End Arrival Time          0.000
- Setup                         0.048
+ Phase Shift                  10.000
= Required Time                 9.952
- Arrival Time                  9.354
= Slack Time                    0.599
     Clock Rise Edge                 0.000
     + Clock Network Latency (Ideal) 0.000
     = Beginpoint Arrival Time       0.000
     +------------------------------------------------------------------------------------+ 
     |          Instance          |     Arc     |    Cell    | Delay | Arrival | Required | 
     |                            |             |            |       |  Time   |   Time   | 
     |----------------------------+-------------+------------+-------+---------+----------| 
     | nonce_counter_reg[5]       | CK ^        |            |       |   0.000 |    0.599 | 
     | nonce_counter_reg[5]       | CK ^ -> Q ^ | DFQRM4TP   | 0.231 |   0.231 |    0.830 | 
     | add_131_40_g1591           | B ^ -> Z ^  | AN2M4TP    | 0.105 |   0.336 |    0.935 | 
     | add_131_40_g1589           | A ^ -> CO ^ | ADHM4TP    | 0.084 |   0.421 |    1.019 | 
     | add_131_40_g1588           | A ^ -> CO ^ | ADHM4TP    | 0.083 |   0.504 |    1.103 | 
     | add_131_40_g1587           | A ^ -> CO ^ | ADHM4TP    | 0.086 |   0.589 |    1.188 | 
     | add_131_40_g1586           | A ^ -> CO ^ | ADHM4TP    | 0.083 |   0.673 |    1.271 | 
     | add_131_40_g1585           | A ^ -> CO ^ | ADHM4TP    | 0.080 |   0.752 |    1.351 | 
     | add_131_40_g1584           | A ^ -> CO ^ | ADHM4TP    | 0.089 |   0.842 |    1.440 | 
     | add_131_40_g1583           | A ^ -> CO ^ | ADHM4TP    | 0.087 |   0.928 |    1.527 | 
     | add_131_40_g1582           | A ^ -> CO ^ | ADHM4TP    | 0.080 |   1.008 |    1.607 | 
     | add_131_40_g1581           | A ^ -> CO ^ | ADHM4TP    | 0.079 |   1.088 |    1.687 | 
     | add_131_40_g1580           | A ^ -> CO ^ | ADHM4TP    | 0.089 |   1.176 |    1.775 | 
     | add_131_40_g1579           | A ^ -> CO ^ | ADHM4TP    | 0.085 |   1.261 |    1.860 | 
     | add_131_40_g1578           | A ^ -> CO ^ | ADHM4TP    | 0.080 |   1.341 |    1.940 | 
     | add_131_40_g1577           | A ^ -> CO ^ | ADHM4TP    | 0.080 |   1.422 |    2.020 | 
     | add_131_40_g1576           | A ^ -> CO ^ | ADHM4TP    | 0.085 |   1.506 |    2.105 | 
     | add_131_40_g1575           | A ^ -> CO ^ | ADHM4TP    | 0.084 |   1.590 |    2.189 | 
     | add_131_40_g1574           | A ^ -> CO ^ | ADHM4TP    | 0.082 |   1.672 |    2.271 | 
     | add_131_40_g1573           | A ^ -> CO ^ | ADHM4TP    | 0.086 |   1.758 |    2.357 | 
     | FE_RC_77_0                 | A ^ -> Z v  | ND3M6TP    | 0.046 |   1.804 |    2.403 | 
     | FE_RC_65_0                 | B v -> Z ^  | NR2B1M6TP  | 0.066 |   1.870 |    2.469 | 
     | add_131_40_g1567           | A ^ -> CO ^ | ADHM4TP    | 0.090 |   1.960 |    2.559 | 
     | add_131_40_g1566           | A ^ -> CO ^ | ADHM4TP    | 0.083 |   2.044 |    2.642 | 
     | add_131_40_g1565           | A ^ -> CO ^ | ADHM4TP    | 0.083 |   2.126 |    2.725 | 
     | add_131_40_g1564           | A ^ -> CO ^ | ADHM4TP    | 0.084 |   2.211 |    2.810 | 
     | add_131_40_g1563           | A ^ -> CO ^ | ADHM4TP    | 0.085 |   2.296 |    2.895 | 
     | add_131_40_g1562           | A ^ -> CO ^ | ADHM4TP    | 0.081 |   2.377 |    2.976 | 
     | add_131_40_g1561           | A ^ -> CO ^ | ADHM4TP    | 0.081 |   2.458 |    3.057 | 
     | add_131_40_g1560           | A ^ -> CO ^ | ADHM4TP    | 0.082 |   2.540 |    3.139 | 
     | add_131_40_g1559           | A ^ -> CO ^ | ADHM4TP    | 0.082 |   2.623 |    3.222 | 
     | add_131_40_g1558           | A ^ -> CO ^ | ADHM4TP    | 0.084 |   2.707 |    3.306 | 
     | add_131_40_g1557           | A ^ -> CO ^ | ADHM4TP    | 0.082 |   2.789 |    3.388 | 
     | add_131_40_g1556           | A ^ -> CO ^ | ADHM4TP    | 0.081 |   2.870 |    3.469 | 
     | add_131_40_g1555           | A ^ -> CO ^ | ADHM4TP    | 0.081 |   2.951 |    3.550 | 
     | add_131_40_g1554           | A ^ -> CO ^ | ADHM4TP    | 0.083 |   3.034 |    3.633 | 
     | add_131_40_g1553           | A ^ -> CO ^ | ADHM4TP    | 0.084 |   3.118 |    3.717 | 
     | add_131_40_g1552           | A ^ -> CO ^ | ADHM4TP    | 0.084 |   3.201 |    3.800 | 
     | add_131_40_g1551           | A ^ -> CO ^ | ADHM4TP    | 0.084 |   3.286 |    3.885 | 
     | add_131_40_g1550           | A ^ -> CO ^ | ADHM4TP    | 0.081 |   3.367 |    3.966 | 
     | add_131_40_g1549           | A ^ -> CO ^ | ADHM4TP    | 0.082 |   3.448 |    4.047 | 
     | add_131_40_g1548           | A ^ -> CO ^ | ADHM4TP    | 0.081 |   3.529 |    4.128 | 
     | add_131_40_g1547           | A ^ -> CO ^ | ADHM4TP    | 0.083 |   3.612 |    4.211 | 
     | add_131_40_g1546           | A ^ -> CO ^ | ADHM4TP    | 0.081 |   3.693 |    4.292 | 
     | add_131_40_g1545           | A ^ -> CO ^ | ADHM4TP    | 0.088 |   3.781 |    4.380 | 
     | add_131_40_g1544           | A ^ -> CO ^ | ADHM4TP    | 0.086 |   3.867 |    4.465 | 
     | add_131_40_g1543           | A ^ -> CO ^ | ADHM4TP    | 0.084 |   3.951 |    4.550 | 
     | add_131_40_g1542           | A ^ -> CO ^ | ADHM4TP    | 0.082 |   4.033 |    4.631 | 
     | add_131_40_g1541           | A ^ -> CO ^ | ADHM4TP    | 0.082 |   4.115 |    4.714 | 
     | add_131_40_g1540           | A ^ -> CO ^ | ADHM4TP    | 0.083 |   4.198 |    4.796 | 
     | add_131_40_g1539           | A ^ -> CO ^ | ADHM4TP    | 0.081 |   4.279 |    4.877 | 
     | add_131_40_g1538           | A ^ -> CO ^ | ADHM4TP    | 0.081 |   4.359 |    4.958 | 
     | add_131_40_g1537           | A ^ -> CO ^ | ADHM4TP    | 0.081 |   4.440 |    5.039 | 
     | add_131_40_g1536           | A ^ -> CO ^ | ADHM4TP    | 0.084 |   4.525 |    5.124 | 
     | FE_RC_34_0                 | A ^ -> Z v  | INVM2TP    | 0.044 |   4.569 |    5.168 | 
     | FE_RC_28_0                 | B v -> Z ^  | NR2B1M6TP  | 0.048 |   4.617 |    5.216 | 
     | add_131_40_g1532           | A ^ -> CO ^ | ADHM8TP    | 0.106 |   4.724 |    5.322 | 
     | add_131_40_g1531           | A ^ -> CO ^ | ADHM4TP    | 0.097 |   4.821 |    5.420 | 
     | add_131_40_g1530           | A ^ -> CO ^ | ADHM4TP    | 0.082 |   4.903 |    5.502 | 
     | add_131_40_g1529           | A ^ -> CO ^ | ADHM4TP    | 0.083 |   4.986 |    5.585 | 
     | add_131_40_g1528           | A ^ -> CO ^ | ADHM4TP    | 0.086 |   5.073 |    5.672 | 
     | add_131_40_g1527           | A ^ -> CO ^ | ADHM4TP    | 0.082 |   5.155 |    5.754 | 
     | add_131_40_g1526           | A ^ -> CO ^ | ADHM4TP    | 0.081 |   5.236 |    5.835 | 
     | add_131_40_g1525           | A ^ -> CO ^ | ADHM4TP    | 0.080 |   5.316 |    5.915 | 
     | add_131_40_g1524           | A ^ -> CO ^ | ADHM4TP    | 0.082 |   5.398 |    5.997 | 
     | add_131_40_g1523           | A ^ -> CO ^ | ADHM4TP    | 0.084 |   5.482 |    6.081 | 
     | add_131_40_g1522           | A ^ -> CO ^ | ADHM4TP    | 0.082 |   5.564 |    6.163 | 
     | add_131_40_g1521           | A ^ -> CO ^ | ADHM4TP    | 0.083 |   5.647 |    6.245 | 
     | add_131_40_g1520           | A ^ -> CO ^ | ADHM4TP    | 0.081 |   5.727 |    6.326 | 
     | add_131_40_g1519           | A ^ -> CO ^ | ADHM4TP    | 0.081 |   5.808 |    6.407 | 
     | add_131_40_g1518           | A ^ -> CO ^ | ADHM4TP    | 0.097 |   5.905 |    6.504 | 
     | FE_RC_9_0                  | A ^ -> Z v  | INVM3TP    | 0.038 |   5.943 |    6.542 | 
     | FE_RC_8_0                  | B v -> Z ^  | NR2B1M6TP  | 0.051 |   5.995 |    6.593 | 
     | add_131_40_g1515           | A ^ -> CO ^ | ADHM4TP    | 0.087 |   6.082 |    6.680 | 
     | add_131_40_g1514           | A ^ -> CO ^ | ADHM4TP    | 0.083 |   6.165 |    6.763 | 
     | add_131_40_g1513           | A ^ -> CO ^ | ADHM4TP    | 0.084 |   6.248 |    6.847 | 
     | add_131_40_g1512           | A ^ -> CO ^ | ADHM4TP    | 0.083 |   6.331 |    6.930 | 
     | add_131_40_g1511           | A ^ -> CO ^ | ADHM4TP    | 0.081 |   6.412 |    7.011 | 
     | add_131_40_g1510           | A ^ -> CO ^ | ADHM4TP    | 0.081 |   6.493 |    7.092 | 
     | add_131_40_g1509           | A ^ -> CO ^ | ADHM4TP    | 0.082 |   6.575 |    7.174 | 
     | add_131_40_g1508           | A ^ -> CO ^ | ADHM4TP    | 0.087 |   6.662 |    7.260 | 
     | add_131_40_g1507           | A ^ -> CO ^ | ADHM4TP    | 0.084 |   6.746 |    7.344 | 
     | add_131_40_g1506           | A ^ -> CO ^ | ADHM4TP    | 0.080 |   6.826 |    7.425 | 
     | add_131_40_g1505           | A ^ -> CO ^ | ADHM4TP    | 0.080 |   6.906 |    7.505 | 
     | add_131_40_g1504           | A ^ -> CO ^ | ADHM4TP    | 0.080 |   6.986 |    7.585 | 
     | add_131_40_g1503           | A ^ -> CO ^ | ADHM4TP    | 0.081 |   7.067 |    7.666 | 
     | add_131_40_g1502           | A ^ -> CO ^ | ADHM4TP    | 0.081 |   7.147 |    7.746 | 
     | add_131_40_g1501           | A ^ -> CO ^ | ADHM4TP    | 0.079 |   7.227 |    7.826 | 
     | add_131_40_g1500           | A ^ -> CO ^ | ADHM4TP    | 0.083 |   7.310 |    7.909 | 
     | add_131_40_g1499           | A ^ -> CO ^ | ADHM4TP    | 0.083 |   7.393 |    7.992 | 
     | add_131_40_g1498           | A ^ -> CO ^ | ADHM4TP    | 0.081 |   7.474 |    8.073 | 
     | add_131_40_g1497           | A ^ -> CO ^ | ADHM4TP    | 0.081 |   7.555 |    8.154 | 
     | add_131_40_g1496           | A ^ -> CO ^ | ADHM4TP    | 0.080 |   7.634 |    8.233 | 
     | add_131_40_g1495           | A ^ -> CO ^ | ADHM4TP    | 0.081 |   7.716 |    8.314 | 
     | add_131_40_g1494           | A ^ -> CO ^ | ADHM4TP    | 0.085 |   7.800 |    8.399 | 
     | add_131_40_g1493           | A ^ -> CO ^ | ADHM4TP    | 0.083 |   7.883 |    8.482 | 
     | add_131_40_g1492           | A ^ -> CO ^ | ADHM4TP    | 0.082 |   7.966 |    8.564 | 
     | add_131_40_g1491           | A ^ -> CO ^ | ADHM4TP    | 0.082 |   8.047 |    8.646 | 
     | add_131_40_g1490           | A ^ -> CO ^ | ADHM4TP    | 0.082 |   8.129 |    8.728 | 
     | add_131_40_g1489           | A ^ -> CO ^ | ADHM4TP    | 0.085 |   8.214 |    8.813 | 
     | add_131_40_g1488           | A ^ -> CO ^ | ADHM4TP    | 0.085 |   8.299 |    8.898 | 
     | add_131_40_g1487           | A ^ -> CO ^ | ADHM4TP    | 0.085 |   8.384 |    8.982 | 
     | add_131_40_g1486           | A ^ -> CO ^ | ADHM4TP    | 0.081 |   8.465 |    9.064 | 
     | add_131_40_g1485           | A ^ -> CO ^ | ADHM4TP    | 0.079 |   8.544 |    9.143 | 
     | add_131_40_g1484           | A ^ -> CO ^ | ADHM4TP    | 0.080 |   8.623 |    9.222 | 
     | add_131_40_g1483           | A ^ -> CO ^ | ADHM4TP    | 0.080 |   8.703 |    9.302 | 
     | add_131_40_g1482           | A ^ -> CO ^ | ADHM4TP    | 0.090 |   8.793 |    9.392 | 
     | FE_RC_54_0                 | A ^ -> Z v  | INVM2TP    | 0.030 |   8.824 |    9.422 | 
     | FE_RC_53_0                 | B v -> Z ^  | NR2B1M1TP  | 0.174 |   8.998 |    9.597 | 
     | FE_OFC249_add_131_40_n_219 | A ^ -> Z v  | INVM1TP    | 0.096 |   9.094 |    9.693 | 
     | FE_RC_42_0                 | A2 v -> Z ^ | OAI222M2TP | 0.078 |   9.172 |    9.771 | 
     | g76751                     | A2 ^ -> Z ^ | AO22M1TP   | 0.181 |   9.354 |    9.952 | 
     | nonce_counter_reg[116]     | D ^         | DFQRM1TP   | 0.000 |   9.354 |    9.952 | 
     +------------------------------------------------------------------------------------+ 
Path 10: MET Setup Check with Pin nonce_counter_reg[115]/CK 
Endpoint:   nonce_counter_reg[115]/D (^) checked with  leading edge of 'clk'
Beginpoint: nonce_counter_reg[5]/Q   (^) triggered by  leading edge of 'clk'
Path Groups: {clk}
Analysis View: av_setup
Other End Arrival Time          0.000
- Setup                         0.048
+ Phase Shift                  10.000
= Required Time                 9.952
- Arrival Time                  9.321
= Slack Time                    0.631
     Clock Rise Edge                 0.000
     + Clock Network Latency (Ideal) 0.000
     = Beginpoint Arrival Time       0.000
     +-----------------------------------------------------------------------------------+ 
     |        Instance        |     Arc      |     Cell     | Delay | Arrival | Required | 
     |                        |              |              |       |  Time   |   Time   | 
     |------------------------+--------------+--------------+-------+---------+----------| 
     | nonce_counter_reg[5]   | CK ^         |              |       |   0.000 |    0.631 | 
     | nonce_counter_reg[5]   | CK ^ -> Q ^  | DFQRM4TP     | 0.231 |   0.231 |    0.863 | 
     | add_131_40_g1591       | B ^ -> Z ^   | AN2M4TP      | 0.105 |   0.336 |    0.967 | 
     | add_131_40_g1589       | A ^ -> CO ^  | ADHM4TP      | 0.084 |   0.421 |    1.052 | 
     | add_131_40_g1588       | A ^ -> CO ^  | ADHM4TP      | 0.083 |   0.504 |    1.135 | 
     | add_131_40_g1587       | A ^ -> CO ^  | ADHM4TP      | 0.086 |   0.589 |    1.221 | 
     | add_131_40_g1586       | A ^ -> CO ^  | ADHM4TP      | 0.083 |   0.673 |    1.304 | 
     | add_131_40_g1585       | A ^ -> CO ^  | ADHM4TP      | 0.080 |   0.752 |    1.384 | 
     | add_131_40_g1584       | A ^ -> CO ^  | ADHM4TP      | 0.089 |   0.842 |    1.473 | 
     | add_131_40_g1583       | A ^ -> CO ^  | ADHM4TP      | 0.087 |   0.928 |    1.560 | 
     | add_131_40_g1582       | A ^ -> CO ^  | ADHM4TP      | 0.080 |   1.008 |    1.640 | 
     | add_131_40_g1581       | A ^ -> CO ^  | ADHM4TP      | 0.079 |   1.088 |    1.719 | 
     | add_131_40_g1580       | A ^ -> CO ^  | ADHM4TP      | 0.089 |   1.176 |    1.808 | 
     | add_131_40_g1579       | A ^ -> CO ^  | ADHM4TP      | 0.085 |   1.261 |    1.893 | 
     | add_131_40_g1578       | A ^ -> CO ^  | ADHM4TP      | 0.080 |   1.341 |    1.972 | 
     | add_131_40_g1577       | A ^ -> CO ^  | ADHM4TP      | 0.080 |   1.422 |    2.053 | 
     | add_131_40_g1576       | A ^ -> CO ^  | ADHM4TP      | 0.085 |   1.506 |    2.138 | 
     | add_131_40_g1575       | A ^ -> CO ^  | ADHM4TP      | 0.084 |   1.590 |    2.221 | 
     | add_131_40_g1574       | A ^ -> CO ^  | ADHM4TP      | 0.082 |   1.672 |    2.303 | 
     | add_131_40_g1573       | A ^ -> CO ^  | ADHM4TP      | 0.086 |   1.758 |    2.389 | 
     | FE_RC_77_0             | A ^ -> Z v   | ND3M6TP      | 0.046 |   1.804 |    2.435 | 
     | FE_RC_65_0             | B v -> Z ^   | NR2B1M6TP    | 0.066 |   1.870 |    2.501 | 
     | add_131_40_g1567       | A ^ -> CO ^  | ADHM4TP      | 0.090 |   1.960 |    2.592 | 
     | add_131_40_g1566       | A ^ -> CO ^  | ADHM4TP      | 0.083 |   2.044 |    2.675 | 
     | add_131_40_g1565       | A ^ -> CO ^  | ADHM4TP      | 0.083 |   2.126 |    2.757 | 
     | add_131_40_g1564       | A ^ -> CO ^  | ADHM4TP      | 0.084 |   2.211 |    2.842 | 
     | add_131_40_g1563       | A ^ -> CO ^  | ADHM4TP      | 0.085 |   2.296 |    2.927 | 
     | add_131_40_g1562       | A ^ -> CO ^  | ADHM4TP      | 0.081 |   2.377 |    3.008 | 
     | add_131_40_g1561       | A ^ -> CO ^  | ADHM4TP      | 0.081 |   2.458 |    3.090 | 
     | add_131_40_g1560       | A ^ -> CO ^  | ADHM4TP      | 0.082 |   2.540 |    3.172 | 
     | add_131_40_g1559       | A ^ -> CO ^  | ADHM4TP      | 0.082 |   2.623 |    3.254 | 
     | add_131_40_g1558       | A ^ -> CO ^  | ADHM4TP      | 0.084 |   2.707 |    3.338 | 
     | add_131_40_g1557       | A ^ -> CO ^  | ADHM4TP      | 0.082 |   2.789 |    3.420 | 
     | add_131_40_g1556       | A ^ -> CO ^  | ADHM4TP      | 0.081 |   2.870 |    3.502 | 
     | add_131_40_g1555       | A ^ -> CO ^  | ADHM4TP      | 0.081 |   2.951 |    3.582 | 
     | add_131_40_g1554       | A ^ -> CO ^  | ADHM4TP      | 0.083 |   3.034 |    3.665 | 
     | add_131_40_g1553       | A ^ -> CO ^  | ADHM4TP      | 0.084 |   3.118 |    3.749 | 
     | add_131_40_g1552       | A ^ -> CO ^  | ADHM4TP      | 0.084 |   3.201 |    3.833 | 
     | add_131_40_g1551       | A ^ -> CO ^  | ADHM4TP      | 0.084 |   3.286 |    3.917 | 
     | add_131_40_g1550       | A ^ -> CO ^  | ADHM4TP      | 0.081 |   3.367 |    3.998 | 
     | add_131_40_g1549       | A ^ -> CO ^  | ADHM4TP      | 0.082 |   3.448 |    4.080 | 
     | add_131_40_g1548       | A ^ -> CO ^  | ADHM4TP      | 0.081 |   3.529 |    4.161 | 
     | add_131_40_g1547       | A ^ -> CO ^  | ADHM4TP      | 0.083 |   3.612 |    4.244 | 
     | add_131_40_g1546       | A ^ -> CO ^  | ADHM4TP      | 0.081 |   3.693 |    4.325 | 
     | add_131_40_g1545       | A ^ -> CO ^  | ADHM4TP      | 0.088 |   3.781 |    4.412 | 
     | add_131_40_g1544       | A ^ -> CO ^  | ADHM4TP      | 0.086 |   3.867 |    4.498 | 
     | add_131_40_g1543       | A ^ -> CO ^  | ADHM4TP      | 0.084 |   3.951 |    4.582 | 
     | add_131_40_g1542       | A ^ -> CO ^  | ADHM4TP      | 0.082 |   4.033 |    4.664 | 
     | add_131_40_g1541       | A ^ -> CO ^  | ADHM4TP      | 0.082 |   4.115 |    4.746 | 
     | add_131_40_g1540       | A ^ -> CO ^  | ADHM4TP      | 0.083 |   4.198 |    4.829 | 
     | add_131_40_g1539       | A ^ -> CO ^  | ADHM4TP      | 0.081 |   4.279 |    4.910 | 
     | add_131_40_g1538       | A ^ -> CO ^  | ADHM4TP      | 0.081 |   4.359 |    4.990 | 
     | add_131_40_g1537       | A ^ -> CO ^  | ADHM4TP      | 0.081 |   4.440 |    5.072 | 
     | add_131_40_g1536       | A ^ -> CO ^  | ADHM4TP      | 0.084 |   4.525 |    5.156 | 
     | FE_RC_34_0             | A ^ -> Z v   | INVM2TP      | 0.044 |   4.569 |    5.200 | 
     | FE_RC_28_0             | B v -> Z ^   | NR2B1M6TP    | 0.048 |   4.617 |    5.248 | 
     | add_131_40_g1532       | A ^ -> CO ^  | ADHM8TP      | 0.106 |   4.724 |    5.355 | 
     | add_131_40_g1531       | A ^ -> CO ^  | ADHM4TP      | 0.097 |   4.821 |    5.452 | 
     | add_131_40_g1530       | A ^ -> CO ^  | ADHM4TP      | 0.082 |   4.903 |    5.534 | 
     | add_131_40_g1529       | A ^ -> CO ^  | ADHM4TP      | 0.083 |   4.986 |    5.618 | 
     | add_131_40_g1528       | A ^ -> CO ^  | ADHM4TP      | 0.086 |   5.073 |    5.704 | 
     | add_131_40_g1527       | A ^ -> CO ^  | ADHM4TP      | 0.082 |   5.155 |    5.786 | 
     | add_131_40_g1526       | A ^ -> CO ^  | ADHM4TP      | 0.081 |   5.236 |    5.867 | 
     | add_131_40_g1525       | A ^ -> CO ^  | ADHM4TP      | 0.080 |   5.316 |    5.947 | 
     | add_131_40_g1524       | A ^ -> CO ^  | ADHM4TP      | 0.082 |   5.398 |    6.029 | 
     | add_131_40_g1523       | A ^ -> CO ^  | ADHM4TP      | 0.084 |   5.482 |    6.113 | 
     | add_131_40_g1522       | A ^ -> CO ^  | ADHM4TP      | 0.082 |   5.564 |    6.195 | 
     | add_131_40_g1521       | A ^ -> CO ^  | ADHM4TP      | 0.083 |   5.647 |    6.278 | 
     | add_131_40_g1520       | A ^ -> CO ^  | ADHM4TP      | 0.081 |   5.727 |    6.359 | 
     | add_131_40_g1519       | A ^ -> CO ^  | ADHM4TP      | 0.081 |   5.808 |    6.439 | 
     | add_131_40_g1518       | A ^ -> CO ^  | ADHM4TP      | 0.097 |   5.905 |    6.537 | 
     | FE_RC_9_0              | A ^ -> Z v   | INVM3TP      | 0.038 |   5.943 |    6.575 | 
     | FE_RC_8_0              | B v -> Z ^   | NR2B1M6TP    | 0.051 |   5.995 |    6.626 | 
     | add_131_40_g1515       | A ^ -> CO ^  | ADHM4TP      | 0.087 |   6.082 |    6.713 | 
     | add_131_40_g1514       | A ^ -> CO ^  | ADHM4TP      | 0.083 |   6.165 |    6.796 | 
     | add_131_40_g1513       | A ^ -> CO ^  | ADHM4TP      | 0.084 |   6.248 |    6.880 | 
     | add_131_40_g1512       | A ^ -> CO ^  | ADHM4TP      | 0.083 |   6.331 |    6.963 | 
     | add_131_40_g1511       | A ^ -> CO ^  | ADHM4TP      | 0.081 |   6.412 |    7.044 | 
     | add_131_40_g1510       | A ^ -> CO ^  | ADHM4TP      | 0.081 |   6.493 |    7.124 | 
     | add_131_40_g1509       | A ^ -> CO ^  | ADHM4TP      | 0.082 |   6.575 |    7.206 | 
     | add_131_40_g1508       | A ^ -> CO ^  | ADHM4TP      | 0.087 |   6.662 |    7.293 | 
     | add_131_40_g1507       | A ^ -> CO ^  | ADHM4TP      | 0.084 |   6.746 |    7.377 | 
     | add_131_40_g1506       | A ^ -> CO ^  | ADHM4TP      | 0.080 |   6.826 |    7.457 | 
     | add_131_40_g1505       | A ^ -> CO ^  | ADHM4TP      | 0.080 |   6.906 |    7.537 | 
     | add_131_40_g1504       | A ^ -> CO ^  | ADHM4TP      | 0.080 |   6.986 |    7.617 | 
     | add_131_40_g1503       | A ^ -> CO ^  | ADHM4TP      | 0.081 |   7.067 |    7.698 | 
     | add_131_40_g1502       | A ^ -> CO ^  | ADHM4TP      | 0.081 |   7.147 |    7.779 | 
     | add_131_40_g1501       | A ^ -> CO ^  | ADHM4TP      | 0.079 |   7.227 |    7.858 | 
     | add_131_40_g1500       | A ^ -> CO ^  | ADHM4TP      | 0.083 |   7.310 |    7.941 | 
     | add_131_40_g1499       | A ^ -> CO ^  | ADHM4TP      | 0.083 |   7.393 |    8.024 | 
     | add_131_40_g1498       | A ^ -> CO ^  | ADHM4TP      | 0.081 |   7.474 |    8.105 | 
     | add_131_40_g1497       | A ^ -> CO ^  | ADHM4TP      | 0.081 |   7.555 |    8.186 | 
     | add_131_40_g1496       | A ^ -> CO ^  | ADHM4TP      | 0.080 |   7.634 |    8.266 | 
     | add_131_40_g1495       | A ^ -> CO ^  | ADHM4TP      | 0.081 |   7.716 |    8.347 | 
     | add_131_40_g1494       | A ^ -> CO ^  | ADHM4TP      | 0.085 |   7.800 |    8.432 | 
     | add_131_40_g1493       | A ^ -> CO ^  | ADHM4TP      | 0.083 |   7.883 |    8.514 | 
     | add_131_40_g1492       | A ^ -> CO ^  | ADHM4TP      | 0.082 |   7.966 |    8.597 | 
     | add_131_40_g1491       | A ^ -> CO ^  | ADHM4TP      | 0.082 |   8.047 |    8.678 | 
     | add_131_40_g1490       | A ^ -> CO ^  | ADHM4TP      | 0.082 |   8.129 |    8.760 | 
     | add_131_40_g1489       | A ^ -> CO ^  | ADHM4TP      | 0.085 |   8.214 |    8.845 | 
     | add_131_40_g1488       | A ^ -> CO ^  | ADHM4TP      | 0.085 |   8.299 |    8.930 | 
     | add_131_40_g1487       | A ^ -> CO ^  | ADHM4TP      | 0.085 |   8.384 |    9.015 | 
     | add_131_40_g1486       | A ^ -> CO ^  | ADHM4TP      | 0.081 |   8.465 |    9.096 | 
     | add_131_40_g1485       | A ^ -> CO ^  | ADHM4TP      | 0.079 |   8.544 |    9.175 | 
     | add_131_40_g1484       | A ^ -> CO ^  | ADHM4TP      | 0.080 |   8.623 |    9.255 | 
     | add_131_40_g1483       | A ^ -> CO ^  | ADHM4TP      | 0.080 |   8.703 |    9.335 | 
     | add_131_40_g1482       | A ^ -> CO ^  | ADHM4TP      | 0.090 |   8.793 |    9.424 | 
     | FE_RC_54_0             | A ^ -> Z v   | INVM2TP      | 0.030 |   8.824 |    9.455 | 
     | FE_RC_53_0             | B v -> Z ^   | NR2B1M1TP    | 0.174 |   8.998 |    9.629 | 
     | FE_RC_40_0             | NA2 ^ -> Z ^ | OAI22B10M2TP | 0.157 |   9.155 |    9.787 | 
     | g76750                 | A2 ^ -> Z ^  | AO22M1TP     | 0.166 |   9.321 |    9.952 | 
     | nonce_counter_reg[115] | D ^          | DFQRM1TP     | 0.000 |   9.321 |    9.952 | 
     +-----------------------------------------------------------------------------------+ 
Path 11: MET Setup Check with Pin nonce_counter_reg[118]/CK 
Endpoint:   nonce_counter_reg[118]/D (v) checked with  leading edge of 'clk'
Beginpoint: nonce_counter_reg[5]/Q   (^) triggered by  leading edge of 'clk'
Path Groups: {clk}
Analysis View: av_setup
Other End Arrival Time          0.000
- Setup                         0.023
+ Phase Shift                  10.000
= Required Time                 9.977
- Arrival Time                  9.297
= Slack Time                    0.680
     Clock Rise Edge                 0.000
     + Clock Network Latency (Ideal) 0.000
     = Beginpoint Arrival Time       0.000
     +-------------------------------------------------------------------------------+ 
     |        Instance        |     Arc     |   Cell    | Delay | Arrival | Required | 
     |                        |             |           |       |  Time   |   Time   | 
     |------------------------+-------------+-----------+-------+---------+----------| 
     | nonce_counter_reg[5]   | CK ^        |           |       |   0.000 |    0.680 | 
     | nonce_counter_reg[5]   | CK ^ -> Q ^ | DFQRM4TP  | 0.231 |   0.231 |    0.911 | 
     | add_131_40_g1591       | B ^ -> Z ^  | AN2M4TP   | 0.105 |   0.336 |    1.016 | 
     | add_131_40_g1589       | A ^ -> CO ^ | ADHM4TP   | 0.084 |   0.421 |    1.101 | 
     | add_131_40_g1588       | A ^ -> CO ^ | ADHM4TP   | 0.083 |   0.504 |    1.184 | 
     | add_131_40_g1587       | A ^ -> CO ^ | ADHM4TP   | 0.086 |   0.589 |    1.269 | 
     | add_131_40_g1586       | A ^ -> CO ^ | ADHM4TP   | 0.083 |   0.673 |    1.353 | 
     | add_131_40_g1585       | A ^ -> CO ^ | ADHM4TP   | 0.080 |   0.752 |    1.432 | 
     | add_131_40_g1584       | A ^ -> CO ^ | ADHM4TP   | 0.089 |   0.842 |    1.522 | 
     | add_131_40_g1583       | A ^ -> CO ^ | ADHM4TP   | 0.087 |   0.928 |    1.608 | 
     | add_131_40_g1582       | A ^ -> CO ^ | ADHM4TP   | 0.080 |   1.008 |    1.688 | 
     | add_131_40_g1581       | A ^ -> CO ^ | ADHM4TP   | 0.079 |   1.088 |    1.768 | 
     | add_131_40_g1580       | A ^ -> CO ^ | ADHM4TP   | 0.089 |   1.176 |    1.856 | 
     | add_131_40_g1579       | A ^ -> CO ^ | ADHM4TP   | 0.085 |   1.261 |    1.941 | 
     | add_131_40_g1578       | A ^ -> CO ^ | ADHM4TP   | 0.080 |   1.341 |    2.021 | 
     | add_131_40_g1577       | A ^ -> CO ^ | ADHM4TP   | 0.080 |   1.422 |    2.102 | 
     | add_131_40_g1576       | A ^ -> CO ^ | ADHM4TP   | 0.085 |   1.506 |    2.186 | 
     | add_131_40_g1575       | A ^ -> CO ^ | ADHM4TP   | 0.084 |   1.590 |    2.270 | 
     | add_131_40_g1574       | A ^ -> CO ^ | ADHM4TP   | 0.082 |   1.672 |    2.352 | 
     | add_131_40_g1573       | A ^ -> CO ^ | ADHM4TP   | 0.086 |   1.758 |    2.438 | 
     | FE_RC_77_0             | A ^ -> Z v  | ND3M6TP   | 0.046 |   1.804 |    2.484 | 
     | FE_RC_65_0             | B v -> Z ^  | NR2B1M6TP | 0.066 |   1.870 |    2.550 | 
     | add_131_40_g1567       | A ^ -> CO ^ | ADHM4TP   | 0.090 |   1.960 |    2.641 | 
     | add_131_40_g1566       | A ^ -> CO ^ | ADHM4TP   | 0.083 |   2.044 |    2.724 | 
     | add_131_40_g1565       | A ^ -> CO ^ | ADHM4TP   | 0.083 |   2.126 |    2.806 | 
     | add_131_40_g1564       | A ^ -> CO ^ | ADHM4TP   | 0.084 |   2.211 |    2.891 | 
     | add_131_40_g1563       | A ^ -> CO ^ | ADHM4TP   | 0.085 |   2.296 |    2.976 | 
     | add_131_40_g1562       | A ^ -> CO ^ | ADHM4TP   | 0.081 |   2.377 |    3.057 | 
     | add_131_40_g1561       | A ^ -> CO ^ | ADHM4TP   | 0.081 |   2.458 |    3.138 | 
     | add_131_40_g1560       | A ^ -> CO ^ | ADHM4TP   | 0.082 |   2.540 |    3.221 | 
     | add_131_40_g1559       | A ^ -> CO ^ | ADHM4TP   | 0.082 |   2.623 |    3.303 | 
     | add_131_40_g1558       | A ^ -> CO ^ | ADHM4TP   | 0.084 |   2.707 |    3.387 | 
     | add_131_40_g1557       | A ^ -> CO ^ | ADHM4TP   | 0.082 |   2.789 |    3.469 | 
     | add_131_40_g1556       | A ^ -> CO ^ | ADHM4TP   | 0.081 |   2.870 |    3.550 | 
     | add_131_40_g1555       | A ^ -> CO ^ | ADHM4TP   | 0.081 |   2.951 |    3.631 | 
     | add_131_40_g1554       | A ^ -> CO ^ | ADHM4TP   | 0.083 |   3.034 |    3.714 | 
     | add_131_40_g1553       | A ^ -> CO ^ | ADHM4TP   | 0.084 |   3.118 |    3.798 | 
     | add_131_40_g1552       | A ^ -> CO ^ | ADHM4TP   | 0.084 |   3.201 |    3.881 | 
     | add_131_40_g1551       | A ^ -> CO ^ | ADHM4TP   | 0.084 |   3.286 |    3.966 | 
     | add_131_40_g1550       | A ^ -> CO ^ | ADHM4TP   | 0.081 |   3.367 |    4.047 | 
     | add_131_40_g1549       | A ^ -> CO ^ | ADHM4TP   | 0.082 |   3.448 |    4.128 | 
     | add_131_40_g1548       | A ^ -> CO ^ | ADHM4TP   | 0.081 |   3.529 |    4.210 | 
     | add_131_40_g1547       | A ^ -> CO ^ | ADHM4TP   | 0.083 |   3.612 |    4.292 | 
     | add_131_40_g1546       | A ^ -> CO ^ | ADHM4TP   | 0.081 |   3.693 |    4.373 | 
     | add_131_40_g1545       | A ^ -> CO ^ | ADHM4TP   | 0.088 |   3.781 |    4.461 | 
     | add_131_40_g1544       | A ^ -> CO ^ | ADHM4TP   | 0.086 |   3.867 |    4.547 | 
     | add_131_40_g1543       | A ^ -> CO ^ | ADHM4TP   | 0.084 |   3.951 |    4.631 | 
     | add_131_40_g1542       | A ^ -> CO ^ | ADHM4TP   | 0.082 |   4.033 |    4.713 | 
     | add_131_40_g1541       | A ^ -> CO ^ | ADHM4TP   | 0.082 |   4.115 |    4.795 | 
     | add_131_40_g1540       | A ^ -> CO ^ | ADHM4TP   | 0.083 |   4.198 |    4.878 | 
     | add_131_40_g1539       | A ^ -> CO ^ | ADHM4TP   | 0.081 |   4.279 |    4.959 | 
     | add_131_40_g1538       | A ^ -> CO ^ | ADHM4TP   | 0.081 |   4.359 |    5.039 | 
     | add_131_40_g1537       | A ^ -> CO ^ | ADHM4TP   | 0.081 |   4.440 |    5.120 | 
     | add_131_40_g1536       | A ^ -> CO ^ | ADHM4TP   | 0.084 |   4.525 |    5.205 | 
     | FE_RC_34_0             | A ^ -> Z v  | INVM2TP   | 0.044 |   4.569 |    5.249 | 
     | FE_RC_28_0             | B v -> Z ^  | NR2B1M6TP | 0.048 |   4.617 |    5.297 | 
     | add_131_40_g1532       | A ^ -> CO ^ | ADHM8TP   | 0.106 |   4.724 |    5.404 | 
     | add_131_40_g1531       | A ^ -> CO ^ | ADHM4TP   | 0.097 |   4.821 |    5.501 | 
     | add_131_40_g1530       | A ^ -> CO ^ | ADHM4TP   | 0.082 |   4.903 |    5.583 | 
     | add_131_40_g1529       | A ^ -> CO ^ | ADHM4TP   | 0.083 |   4.986 |    5.666 | 
     | add_131_40_g1528       | A ^ -> CO ^ | ADHM4TP   | 0.086 |   5.073 |    5.753 | 
     | add_131_40_g1527       | A ^ -> CO ^ | ADHM4TP   | 0.082 |   5.155 |    5.835 | 
     | add_131_40_g1526       | A ^ -> CO ^ | ADHM4TP   | 0.081 |   5.236 |    5.916 | 
     | add_131_40_g1525       | A ^ -> CO ^ | ADHM4TP   | 0.080 |   5.316 |    5.996 | 
     | add_131_40_g1524       | A ^ -> CO ^ | ADHM4TP   | 0.082 |   5.398 |    6.078 | 
     | add_131_40_g1523       | A ^ -> CO ^ | ADHM4TP   | 0.084 |   5.482 |    6.162 | 
     | add_131_40_g1522       | A ^ -> CO ^ | ADHM4TP   | 0.082 |   5.564 |    6.244 | 
     | add_131_40_g1521       | A ^ -> CO ^ | ADHM4TP   | 0.083 |   5.647 |    6.327 | 
     | add_131_40_g1520       | A ^ -> CO ^ | ADHM4TP   | 0.081 |   5.727 |    6.407 | 
     | add_131_40_g1519       | A ^ -> CO ^ | ADHM4TP   | 0.081 |   5.808 |    6.488 | 
     | add_131_40_g1518       | A ^ -> CO ^ | ADHM4TP   | 0.097 |   5.905 |    6.585 | 
     | FE_RC_9_0              | A ^ -> Z v  | INVM3TP   | 0.038 |   5.943 |    6.623 | 
     | FE_RC_8_0              | B v -> Z ^  | NR2B1M6TP | 0.051 |   5.995 |    6.675 | 
     | add_131_40_g1515       | A ^ -> CO ^ | ADHM4TP   | 0.087 |   6.082 |    6.762 | 
     | add_131_40_g1514       | A ^ -> CO ^ | ADHM4TP   | 0.083 |   6.165 |    6.845 | 
     | add_131_40_g1513       | A ^ -> CO ^ | ADHM4TP   | 0.084 |   6.248 |    6.928 | 
     | add_131_40_g1512       | A ^ -> CO ^ | ADHM4TP   | 0.083 |   6.331 |    7.011 | 
     | add_131_40_g1511       | A ^ -> CO ^ | ADHM4TP   | 0.081 |   6.412 |    7.092 | 
     | add_131_40_g1510       | A ^ -> CO ^ | ADHM4TP   | 0.081 |   6.493 |    7.173 | 
     | add_131_40_g1509       | A ^ -> CO ^ | ADHM4TP   | 0.082 |   6.575 |    7.255 | 
     | add_131_40_g1508       | A ^ -> CO ^ | ADHM4TP   | 0.087 |   6.662 |    7.342 | 
     | add_131_40_g1507       | A ^ -> CO ^ | ADHM4TP   | 0.084 |   6.746 |    7.426 | 
     | add_131_40_g1506       | A ^ -> CO ^ | ADHM4TP   | 0.080 |   6.826 |    7.506 | 
     | add_131_40_g1505       | A ^ -> CO ^ | ADHM4TP   | 0.080 |   6.906 |    7.586 | 
     | add_131_40_g1504       | A ^ -> CO ^ | ADHM4TP   | 0.080 |   6.986 |    7.666 | 
     | add_131_40_g1503       | A ^ -> CO ^ | ADHM4TP   | 0.081 |   7.067 |    7.747 | 
     | add_131_40_g1502       | A ^ -> CO ^ | ADHM4TP   | 0.081 |   7.147 |    7.827 | 
     | add_131_40_g1501       | A ^ -> CO ^ | ADHM4TP   | 0.079 |   7.227 |    7.907 | 
     | add_131_40_g1500       | A ^ -> CO ^ | ADHM4TP   | 0.083 |   7.310 |    7.990 | 
     | add_131_40_g1499       | A ^ -> CO ^ | ADHM4TP   | 0.083 |   7.393 |    8.073 | 
     | add_131_40_g1498       | A ^ -> CO ^ | ADHM4TP   | 0.081 |   7.474 |    8.154 | 
     | add_131_40_g1497       | A ^ -> CO ^ | ADHM4TP   | 0.081 |   7.555 |    8.235 | 
     | add_131_40_g1496       | A ^ -> CO ^ | ADHM4TP   | 0.080 |   7.634 |    8.314 | 
     | add_131_40_g1495       | A ^ -> CO ^ | ADHM4TP   | 0.081 |   7.716 |    8.396 | 
     | add_131_40_g1494       | A ^ -> CO ^ | ADHM4TP   | 0.085 |   7.800 |    8.480 | 
     | add_131_40_g1493       | A ^ -> CO ^ | ADHM4TP   | 0.083 |   7.883 |    8.563 | 
     | add_131_40_g1492       | A ^ -> CO ^ | ADHM4TP   | 0.082 |   7.966 |    8.646 | 
     | add_131_40_g1491       | A ^ -> CO ^ | ADHM4TP   | 0.082 |   8.047 |    8.727 | 
     | add_131_40_g1490       | A ^ -> CO ^ | ADHM4TP   | 0.082 |   8.129 |    8.809 | 
     | add_131_40_g1489       | A ^ -> CO ^ | ADHM4TP   | 0.085 |   8.214 |    8.894 | 
     | add_131_40_g1488       | A ^ -> CO ^ | ADHM4TP   | 0.085 |   8.299 |    8.979 | 
     | add_131_40_g1487       | A ^ -> CO ^ | ADHM4TP   | 0.085 |   8.384 |    9.064 | 
     | add_131_40_g1486       | A ^ -> CO ^ | ADHM4TP   | 0.081 |   8.465 |    9.145 | 
     | add_131_40_g1485       | A ^ -> CO ^ | ADHM4TP   | 0.079 |   8.544 |    9.224 | 
     | add_131_40_g1484       | A ^ -> CO ^ | ADHM4TP   | 0.080 |   8.623 |    9.303 | 
     | add_131_40_g1483       | A ^ -> CO ^ | ADHM4TP   | 0.080 |   8.703 |    9.383 | 
     | add_131_40_g1482       | A ^ -> CO ^ | ADHM4TP   | 0.090 |   8.793 |    9.473 | 
     | FE_RC_49_0             | A ^ -> Z v  | INVM2TP   | 0.036 |   8.829 |    9.509 | 
     | FE_RC_48_0             | B v -> Z ^  | NR2B1M4TP | 0.060 |   8.889 |    9.569 | 
     | add_131_40_g1478       | A ^ -> CO ^ | ADHM4TP   | 0.093 |   8.982 |    9.662 | 
     | add_131_40_g1477       | A ^ -> S v  | ADHM4TP   | 0.123 |   9.106 |    9.786 | 
     | g76753                 | A2 v -> Z v | AO22M1TP  | 0.191 |   9.297 |    9.977 | 
     | nonce_counter_reg[118] | D v         | DFQRM1TP  | 0.000 |   9.297 |    9.977 | 
     +-------------------------------------------------------------------------------+ 
Path 12: MET Setup Check with Pin nonce_counter_reg[119]/CK 
Endpoint:   nonce_counter_reg[119]/D (v) checked with  leading edge of 'clk'
Beginpoint: nonce_counter_reg[5]/Q   (^) triggered by  leading edge of 'clk'
Path Groups: {clk}
Analysis View: av_setup
Other End Arrival Time          0.000
- Setup                         0.017
+ Phase Shift                  10.000
= Required Time                 9.983
- Arrival Time                  9.299
= Slack Time                    0.684
     Clock Rise Edge                 0.000
     + Clock Network Latency (Ideal) 0.000
     = Beginpoint Arrival Time       0.000
     +-------------------------------------------------------------------------------+ 
     |        Instance        |     Arc     |   Cell    | Delay | Arrival | Required | 
     |                        |             |           |       |  Time   |   Time   | 
     |------------------------+-------------+-----------+-------+---------+----------| 
     | nonce_counter_reg[5]   | CK ^        |           |       |   0.000 |    0.684 | 
     | nonce_counter_reg[5]   | CK ^ -> Q ^ | DFQRM4TP  | 0.231 |   0.231 |    0.916 | 
     | add_131_40_g1591       | B ^ -> Z ^  | AN2M4TP   | 0.105 |   0.336 |    1.021 | 
     | add_131_40_g1589       | A ^ -> CO ^ | ADHM4TP   | 0.084 |   0.421 |    1.105 | 
     | add_131_40_g1588       | A ^ -> CO ^ | ADHM4TP   | 0.083 |   0.504 |    1.188 | 
     | add_131_40_g1587       | A ^ -> CO ^ | ADHM4TP   | 0.086 |   0.589 |    1.274 | 
     | add_131_40_g1586       | A ^ -> CO ^ | ADHM4TP   | 0.083 |   0.673 |    1.357 | 
     | add_131_40_g1585       | A ^ -> CO ^ | ADHM4TP   | 0.080 |   0.752 |    1.437 | 
     | add_131_40_g1584       | A ^ -> CO ^ | ADHM4TP   | 0.089 |   0.842 |    1.526 | 
     | add_131_40_g1583       | A ^ -> CO ^ | ADHM4TP   | 0.087 |   0.928 |    1.613 | 
     | add_131_40_g1582       | A ^ -> CO ^ | ADHM4TP   | 0.080 |   1.008 |    1.693 | 
     | add_131_40_g1581       | A ^ -> CO ^ | ADHM4TP   | 0.079 |   1.088 |    1.772 | 
     | add_131_40_g1580       | A ^ -> CO ^ | ADHM4TP   | 0.089 |   1.176 |    1.861 | 
     | add_131_40_g1579       | A ^ -> CO ^ | ADHM4TP   | 0.085 |   1.261 |    1.946 | 
     | add_131_40_g1578       | A ^ -> CO ^ | ADHM4TP   | 0.080 |   1.341 |    2.026 | 
     | add_131_40_g1577       | A ^ -> CO ^ | ADHM4TP   | 0.080 |   1.422 |    2.106 | 
     | add_131_40_g1576       | A ^ -> CO ^ | ADHM4TP   | 0.085 |   1.506 |    2.191 | 
     | add_131_40_g1575       | A ^ -> CO ^ | ADHM4TP   | 0.084 |   1.590 |    2.275 | 
     | add_131_40_g1574       | A ^ -> CO ^ | ADHM4TP   | 0.082 |   1.672 |    2.357 | 
     | add_131_40_g1573       | A ^ -> CO ^ | ADHM4TP   | 0.086 |   1.758 |    2.442 | 
     | FE_RC_77_0             | A ^ -> Z v  | ND3M6TP   | 0.046 |   1.804 |    2.488 | 
     | FE_RC_65_0             | B v -> Z ^  | NR2B1M6TP | 0.066 |   1.870 |    2.555 | 
     | add_131_40_g1567       | A ^ -> CO ^ | ADHM4TP   | 0.090 |   1.960 |    2.645 | 
     | add_131_40_g1566       | A ^ -> CO ^ | ADHM4TP   | 0.083 |   2.044 |    2.728 | 
     | add_131_40_g1565       | A ^ -> CO ^ | ADHM4TP   | 0.083 |   2.126 |    2.811 | 
     | add_131_40_g1564       | A ^ -> CO ^ | ADHM4TP   | 0.084 |   2.211 |    2.895 | 
     | add_131_40_g1563       | A ^ -> CO ^ | ADHM4TP   | 0.085 |   2.296 |    2.980 | 
     | add_131_40_g1562       | A ^ -> CO ^ | ADHM4TP   | 0.081 |   2.377 |    3.062 | 
     | add_131_40_g1561       | A ^ -> CO ^ | ADHM4TP   | 0.081 |   2.458 |    3.143 | 
     | add_131_40_g1560       | A ^ -> CO ^ | ADHM4TP   | 0.082 |   2.540 |    3.225 | 
     | add_131_40_g1559       | A ^ -> CO ^ | ADHM4TP   | 0.082 |   2.623 |    3.307 | 
     | add_131_40_g1558       | A ^ -> CO ^ | ADHM4TP   | 0.084 |   2.707 |    3.391 | 
     | add_131_40_g1557       | A ^ -> CO ^ | ADHM4TP   | 0.082 |   2.789 |    3.474 | 
     | add_131_40_g1556       | A ^ -> CO ^ | ADHM4TP   | 0.081 |   2.870 |    3.555 | 
     | add_131_40_g1555       | A ^ -> CO ^ | ADHM4TP   | 0.081 |   2.951 |    3.635 | 
     | add_131_40_g1554       | A ^ -> CO ^ | ADHM4TP   | 0.083 |   3.034 |    3.718 | 
     | add_131_40_g1553       | A ^ -> CO ^ | ADHM4TP   | 0.084 |   3.118 |    3.802 | 
     | add_131_40_g1552       | A ^ -> CO ^ | ADHM4TP   | 0.084 |   3.201 |    3.886 | 
     | add_131_40_g1551       | A ^ -> CO ^ | ADHM4TP   | 0.084 |   3.286 |    3.970 | 
     | add_131_40_g1550       | A ^ -> CO ^ | ADHM4TP   | 0.081 |   3.367 |    4.051 | 
     | add_131_40_g1549       | A ^ -> CO ^ | ADHM4TP   | 0.082 |   3.448 |    4.133 | 
     | add_131_40_g1548       | A ^ -> CO ^ | ADHM4TP   | 0.081 |   3.529 |    4.214 | 
     | add_131_40_g1547       | A ^ -> CO ^ | ADHM4TP   | 0.083 |   3.612 |    4.297 | 
     | add_131_40_g1546       | A ^ -> CO ^ | ADHM4TP   | 0.081 |   3.693 |    4.378 | 
     | add_131_40_g1545       | A ^ -> CO ^ | ADHM4TP   | 0.088 |   3.781 |    4.465 | 
     | add_131_40_g1544       | A ^ -> CO ^ | ADHM4TP   | 0.086 |   3.867 |    4.551 | 
     | add_131_40_g1543       | A ^ -> CO ^ | ADHM4TP   | 0.084 |   3.951 |    4.635 | 
     | add_131_40_g1542       | A ^ -> CO ^ | ADHM4TP   | 0.082 |   4.033 |    4.717 | 
     | add_131_40_g1541       | A ^ -> CO ^ | ADHM4TP   | 0.082 |   4.115 |    4.799 | 
     | add_131_40_g1540       | A ^ -> CO ^ | ADHM4TP   | 0.083 |   4.198 |    4.882 | 
     | add_131_40_g1539       | A ^ -> CO ^ | ADHM4TP   | 0.081 |   4.279 |    4.963 | 
     | add_131_40_g1538       | A ^ -> CO ^ | ADHM4TP   | 0.081 |   4.359 |    5.044 | 
     | add_131_40_g1537       | A ^ -> CO ^ | ADHM4TP   | 0.081 |   4.440 |    5.125 | 
     | add_131_40_g1536       | A ^ -> CO ^ | ADHM4TP   | 0.084 |   4.525 |    5.209 | 
     | FE_RC_34_0             | A ^ -> Z v  | INVM2TP   | 0.044 |   4.569 |    5.254 | 
     | FE_RC_28_0             | B v -> Z ^  | NR2B1M6TP | 0.048 |   4.617 |    5.302 | 
     | add_131_40_g1532       | A ^ -> CO ^ | ADHM8TP   | 0.106 |   4.724 |    5.408 | 
     | add_131_40_g1531       | A ^ -> CO ^ | ADHM4TP   | 0.097 |   4.821 |    5.505 | 
     | add_131_40_g1530       | A ^ -> CO ^ | ADHM4TP   | 0.082 |   4.903 |    5.588 | 
     | add_131_40_g1529       | A ^ -> CO ^ | ADHM4TP   | 0.083 |   4.986 |    5.671 | 
     | add_131_40_g1528       | A ^ -> CO ^ | ADHM4TP   | 0.086 |   5.073 |    5.757 | 
     | add_131_40_g1527       | A ^ -> CO ^ | ADHM4TP   | 0.082 |   5.155 |    5.840 | 
     | add_131_40_g1526       | A ^ -> CO ^ | ADHM4TP   | 0.081 |   5.236 |    5.920 | 
     | add_131_40_g1525       | A ^ -> CO ^ | ADHM4TP   | 0.080 |   5.316 |    6.000 | 
     | add_131_40_g1524       | A ^ -> CO ^ | ADHM4TP   | 0.082 |   5.398 |    6.083 | 
     | add_131_40_g1523       | A ^ -> CO ^ | ADHM4TP   | 0.084 |   5.482 |    6.167 | 
     | add_131_40_g1522       | A ^ -> CO ^ | ADHM4TP   | 0.082 |   5.564 |    6.248 | 
     | add_131_40_g1521       | A ^ -> CO ^ | ADHM4TP   | 0.083 |   5.647 |    6.331 | 
     | add_131_40_g1520       | A ^ -> CO ^ | ADHM4TP   | 0.081 |   5.727 |    6.412 | 
     | add_131_40_g1519       | A ^ -> CO ^ | ADHM4TP   | 0.081 |   5.808 |    6.492 | 
     | add_131_40_g1518       | A ^ -> CO ^ | ADHM4TP   | 0.097 |   5.905 |    6.590 | 
     | FE_RC_9_0              | A ^ -> Z v  | INVM3TP   | 0.038 |   5.943 |    6.628 | 
     | FE_RC_8_0              | B v -> Z ^  | NR2B1M6TP | 0.051 |   5.995 |    6.679 | 
     | add_131_40_g1515       | A ^ -> CO ^ | ADHM4TP   | 0.087 |   6.082 |    6.766 | 
     | add_131_40_g1514       | A ^ -> CO ^ | ADHM4TP   | 0.083 |   6.165 |    6.849 | 
     | add_131_40_g1513       | A ^ -> CO ^ | ADHM4TP   | 0.084 |   6.248 |    6.933 | 
     | add_131_40_g1512       | A ^ -> CO ^ | ADHM4TP   | 0.083 |   6.331 |    7.016 | 
     | add_131_40_g1511       | A ^ -> CO ^ | ADHM4TP   | 0.081 |   6.412 |    7.097 | 
     | add_131_40_g1510       | A ^ -> CO ^ | ADHM4TP   | 0.081 |   6.493 |    7.178 | 
     | add_131_40_g1509       | A ^ -> CO ^ | ADHM4TP   | 0.082 |   6.575 |    7.259 | 
     | add_131_40_g1508       | A ^ -> CO ^ | ADHM4TP   | 0.087 |   6.662 |    7.346 | 
     | add_131_40_g1507       | A ^ -> CO ^ | ADHM4TP   | 0.084 |   6.746 |    7.430 | 
     | add_131_40_g1506       | A ^ -> CO ^ | ADHM4TP   | 0.080 |   6.826 |    7.510 | 
     | add_131_40_g1505       | A ^ -> CO ^ | ADHM4TP   | 0.080 |   6.906 |    7.590 | 
     | add_131_40_g1504       | A ^ -> CO ^ | ADHM4TP   | 0.080 |   6.986 |    7.670 | 
     | add_131_40_g1503       | A ^ -> CO ^ | ADHM4TP   | 0.081 |   7.067 |    7.751 | 
     | add_131_40_g1502       | A ^ -> CO ^ | ADHM4TP   | 0.081 |   7.147 |    7.832 | 
     | add_131_40_g1501       | A ^ -> CO ^ | ADHM4TP   | 0.079 |   7.227 |    7.911 | 
     | add_131_40_g1500       | A ^ -> CO ^ | ADHM4TP   | 0.083 |   7.310 |    7.995 | 
     | add_131_40_g1499       | A ^ -> CO ^ | ADHM4TP   | 0.083 |   7.393 |    8.078 | 
     | add_131_40_g1498       | A ^ -> CO ^ | ADHM4TP   | 0.081 |   7.474 |    8.159 | 
     | add_131_40_g1497       | A ^ -> CO ^ | ADHM4TP   | 0.081 |   7.555 |    8.239 | 
     | add_131_40_g1496       | A ^ -> CO ^ | ADHM4TP   | 0.080 |   7.634 |    8.319 | 
     | add_131_40_g1495       | A ^ -> CO ^ | ADHM4TP   | 0.081 |   7.716 |    8.400 | 
     | add_131_40_g1494       | A ^ -> CO ^ | ADHM4TP   | 0.085 |   7.800 |    8.485 | 
     | add_131_40_g1493       | A ^ -> CO ^ | ADHM4TP   | 0.083 |   7.883 |    8.567 | 
     | add_131_40_g1492       | A ^ -> CO ^ | ADHM4TP   | 0.082 |   7.966 |    8.650 | 
     | add_131_40_g1491       | A ^ -> CO ^ | ADHM4TP   | 0.082 |   8.047 |    8.732 | 
     | add_131_40_g1490       | A ^ -> CO ^ | ADHM4TP   | 0.082 |   8.129 |    8.814 | 
     | add_131_40_g1489       | A ^ -> CO ^ | ADHM4TP   | 0.085 |   8.214 |    8.898 | 
     | add_131_40_g1488       | A ^ -> CO ^ | ADHM4TP   | 0.085 |   8.299 |    8.983 | 
     | add_131_40_g1487       | A ^ -> CO ^ | ADHM4TP   | 0.085 |   8.384 |    9.068 | 
     | add_131_40_g1486       | A ^ -> CO ^ | ADHM4TP   | 0.081 |   8.465 |    9.149 | 
     | add_131_40_g1485       | A ^ -> CO ^ | ADHM4TP   | 0.079 |   8.544 |    9.228 | 
     | add_131_40_g1484       | A ^ -> CO ^ | ADHM4TP   | 0.080 |   8.623 |    9.308 | 
     | add_131_40_g1483       | A ^ -> CO ^ | ADHM4TP   | 0.080 |   8.703 |    9.388 | 
     | add_131_40_g1482       | A ^ -> CO ^ | ADHM4TP   | 0.090 |   8.793 |    9.478 | 
     | FE_RC_49_0             | A ^ -> Z v  | INVM2TP   | 0.036 |   8.829 |    9.514 | 
     | FE_RC_48_0             | B v -> Z ^  | NR2B1M4TP | 0.060 |   8.889 |    9.574 | 
     | add_131_40_g1478       | A ^ -> CO ^ | ADHM4TP   | 0.093 |   8.982 |    9.667 | 
     | add_131_40_g1477       | A ^ -> CO ^ | ADHM4TP   | 0.082 |   9.064 |    9.748 | 
     | add_131_40_g1476       | A ^ -> S v  | ADHM4TP   | 0.123 |   9.187 |    9.872 | 
     | FE_RC_1_0              | B1 v -> Z v | AO22M2TP  | 0.111 |   9.299 |    9.983 | 
     | nonce_counter_reg[119] | D v         | DFQRM1TP  | 0.000 |   9.299 |    9.983 | 
     +-------------------------------------------------------------------------------+ 
Path 13: MET Setup Check with Pin nonce_counter_reg[117]/CK 
Endpoint:   nonce_counter_reg[117]/D (v) checked with  leading edge of 'clk'
Beginpoint: nonce_counter_reg[5]/Q   (^) triggered by  leading edge of 'clk'
Path Groups: {clk}
Analysis View: av_setup
Other End Arrival Time          0.000
- Setup                         0.022
+ Phase Shift                  10.000
= Required Time                 9.978
- Arrival Time                  9.209
= Slack Time                    0.769
     Clock Rise Edge                 0.000
     + Clock Network Latency (Ideal) 0.000
     = Beginpoint Arrival Time       0.000
     +-------------------------------------------------------------------------------+ 
     |        Instance        |     Arc     |   Cell    | Delay | Arrival | Required | 
     |                        |             |           |       |  Time   |   Time   | 
     |------------------------+-------------+-----------+-------+---------+----------| 
     | nonce_counter_reg[5]   | CK ^        |           |       |   0.000 |    0.769 | 
     | nonce_counter_reg[5]   | CK ^ -> Q ^ | DFQRM4TP  | 0.231 |   0.231 |    1.000 | 
     | add_131_40_g1591       | B ^ -> Z ^  | AN2M4TP   | 0.105 |   0.336 |    1.105 | 
     | add_131_40_g1589       | A ^ -> CO ^ | ADHM4TP   | 0.084 |   0.421 |    1.189 | 
     | add_131_40_g1588       | A ^ -> CO ^ | ADHM4TP   | 0.083 |   0.504 |    1.272 | 
     | add_131_40_g1587       | A ^ -> CO ^ | ADHM4TP   | 0.086 |   0.589 |    1.358 | 
     | add_131_40_g1586       | A ^ -> CO ^ | ADHM4TP   | 0.083 |   0.673 |    1.441 | 
     | add_131_40_g1585       | A ^ -> CO ^ | ADHM4TP   | 0.080 |   0.752 |    1.521 | 
     | add_131_40_g1584       | A ^ -> CO ^ | ADHM4TP   | 0.089 |   0.842 |    1.610 | 
     | add_131_40_g1583       | A ^ -> CO ^ | ADHM4TP   | 0.087 |   0.928 |    1.697 | 
     | add_131_40_g1582       | A ^ -> CO ^ | ADHM4TP   | 0.080 |   1.008 |    1.777 | 
     | add_131_40_g1581       | A ^ -> CO ^ | ADHM4TP   | 0.079 |   1.088 |    1.857 | 
     | add_131_40_g1580       | A ^ -> CO ^ | ADHM4TP   | 0.089 |   1.176 |    1.945 | 
     | add_131_40_g1579       | A ^ -> CO ^ | ADHM4TP   | 0.085 |   1.261 |    2.030 | 
     | add_131_40_g1578       | A ^ -> CO ^ | ADHM4TP   | 0.080 |   1.341 |    2.110 | 
     | add_131_40_g1577       | A ^ -> CO ^ | ADHM4TP   | 0.080 |   1.422 |    2.190 | 
     | add_131_40_g1576       | A ^ -> CO ^ | ADHM4TP   | 0.085 |   1.506 |    2.275 | 
     | add_131_40_g1575       | A ^ -> CO ^ | ADHM4TP   | 0.084 |   1.590 |    2.359 | 
     | add_131_40_g1574       | A ^ -> CO ^ | ADHM4TP   | 0.082 |   1.672 |    2.441 | 
     | add_131_40_g1573       | A ^ -> CO ^ | ADHM4TP   | 0.086 |   1.758 |    2.527 | 
     | FE_RC_77_0             | A ^ -> Z v  | ND3M6TP   | 0.046 |   1.804 |    2.573 | 
     | FE_RC_65_0             | B v -> Z ^  | NR2B1M6TP | 0.066 |   1.870 |    2.639 | 
     | add_131_40_g1567       | A ^ -> CO ^ | ADHM4TP   | 0.090 |   1.960 |    2.729 | 
     | add_131_40_g1566       | A ^ -> CO ^ | ADHM4TP   | 0.083 |   2.044 |    2.812 | 
     | add_131_40_g1565       | A ^ -> CO ^ | ADHM4TP   | 0.083 |   2.126 |    2.895 | 
     | add_131_40_g1564       | A ^ -> CO ^ | ADHM4TP   | 0.084 |   2.211 |    2.979 | 
     | add_131_40_g1563       | A ^ -> CO ^ | ADHM4TP   | 0.085 |   2.296 |    3.065 | 
     | add_131_40_g1562       | A ^ -> CO ^ | ADHM4TP   | 0.081 |   2.377 |    3.146 | 
     | add_131_40_g1561       | A ^ -> CO ^ | ADHM4TP   | 0.081 |   2.458 |    3.227 | 
     | add_131_40_g1560       | A ^ -> CO ^ | ADHM4TP   | 0.082 |   2.540 |    3.309 | 
     | add_131_40_g1559       | A ^ -> CO ^ | ADHM4TP   | 0.082 |   2.623 |    3.392 | 
     | add_131_40_g1558       | A ^ -> CO ^ | ADHM4TP   | 0.084 |   2.707 |    3.476 | 
     | add_131_40_g1557       | A ^ -> CO ^ | ADHM4TP   | 0.082 |   2.789 |    3.558 | 
     | add_131_40_g1556       | A ^ -> CO ^ | ADHM4TP   | 0.081 |   2.870 |    3.639 | 
     | add_131_40_g1555       | A ^ -> CO ^ | ADHM4TP   | 0.081 |   2.951 |    3.720 | 
     | add_131_40_g1554       | A ^ -> CO ^ | ADHM4TP   | 0.083 |   3.034 |    3.803 | 
     | add_131_40_g1553       | A ^ -> CO ^ | ADHM4TP   | 0.084 |   3.118 |    3.886 | 
     | add_131_40_g1552       | A ^ -> CO ^ | ADHM4TP   | 0.084 |   3.201 |    3.970 | 
     | add_131_40_g1551       | A ^ -> CO ^ | ADHM4TP   | 0.084 |   3.286 |    4.054 | 
     | add_131_40_g1550       | A ^ -> CO ^ | ADHM4TP   | 0.081 |   3.367 |    4.135 | 
     | add_131_40_g1549       | A ^ -> CO ^ | ADHM4TP   | 0.082 |   3.448 |    4.217 | 
     | add_131_40_g1548       | A ^ -> CO ^ | ADHM4TP   | 0.081 |   3.529 |    4.298 | 
     | add_131_40_g1547       | A ^ -> CO ^ | ADHM4TP   | 0.083 |   3.612 |    4.381 | 
     | add_131_40_g1546       | A ^ -> CO ^ | ADHM4TP   | 0.081 |   3.693 |    4.462 | 
     | add_131_40_g1545       | A ^ -> CO ^ | ADHM4TP   | 0.088 |   3.781 |    4.550 | 
     | add_131_40_g1544       | A ^ -> CO ^ | ADHM4TP   | 0.086 |   3.867 |    4.635 | 
     | add_131_40_g1543       | A ^ -> CO ^ | ADHM4TP   | 0.084 |   3.951 |    4.720 | 
     | add_131_40_g1542       | A ^ -> CO ^ | ADHM4TP   | 0.082 |   4.033 |    4.801 | 
     | add_131_40_g1541       | A ^ -> CO ^ | ADHM4TP   | 0.082 |   4.115 |    4.883 | 
     | add_131_40_g1540       | A ^ -> CO ^ | ADHM4TP   | 0.083 |   4.198 |    4.966 | 
     | add_131_40_g1539       | A ^ -> CO ^ | ADHM4TP   | 0.081 |   4.279 |    5.047 | 
     | add_131_40_g1538       | A ^ -> CO ^ | ADHM4TP   | 0.081 |   4.359 |    5.128 | 
     | add_131_40_g1537       | A ^ -> CO ^ | ADHM4TP   | 0.081 |   4.440 |    5.209 | 
     | add_131_40_g1536       | A ^ -> CO ^ | ADHM4TP   | 0.084 |   4.525 |    5.293 | 
     | FE_RC_34_0             | A ^ -> Z v  | INVM2TP   | 0.044 |   4.569 |    5.338 | 
     | FE_RC_28_0             | B v -> Z ^  | NR2B1M6TP | 0.048 |   4.617 |    5.386 | 
     | add_131_40_g1532       | A ^ -> CO ^ | ADHM8TP   | 0.106 |   4.724 |    5.492 | 
     | add_131_40_g1531       | A ^ -> CO ^ | ADHM4TP   | 0.097 |   4.821 |    5.590 | 
     | add_131_40_g1530       | A ^ -> CO ^ | ADHM4TP   | 0.082 |   4.903 |    5.672 | 
     | add_131_40_g1529       | A ^ -> CO ^ | ADHM4TP   | 0.083 |   4.986 |    5.755 | 
     | add_131_40_g1528       | A ^ -> CO ^ | ADHM4TP   | 0.086 |   5.073 |    5.841 | 
     | add_131_40_g1527       | A ^ -> CO ^ | ADHM4TP   | 0.082 |   5.155 |    5.924 | 
     | add_131_40_g1526       | A ^ -> CO ^ | ADHM4TP   | 0.081 |   5.236 |    6.004 | 
     | add_131_40_g1525       | A ^ -> CO ^ | ADHM4TP   | 0.080 |   5.316 |    6.085 | 
     | add_131_40_g1524       | A ^ -> CO ^ | ADHM4TP   | 0.082 |   5.398 |    6.167 | 
     | add_131_40_g1523       | A ^ -> CO ^ | ADHM4TP   | 0.084 |   5.482 |    6.251 | 
     | add_131_40_g1522       | A ^ -> CO ^ | ADHM4TP   | 0.082 |   5.564 |    6.333 | 
     | add_131_40_g1521       | A ^ -> CO ^ | ADHM4TP   | 0.083 |   5.647 |    6.415 | 
     | add_131_40_g1520       | A ^ -> CO ^ | ADHM4TP   | 0.081 |   5.727 |    6.496 | 
     | add_131_40_g1519       | A ^ -> CO ^ | ADHM4TP   | 0.081 |   5.808 |    6.577 | 
     | add_131_40_g1518       | A ^ -> CO ^ | ADHM4TP   | 0.097 |   5.905 |    6.674 | 
     | FE_RC_9_0              | A ^ -> Z v  | INVM3TP   | 0.038 |   5.943 |    6.712 | 
     | FE_RC_8_0              | B v -> Z ^  | NR2B1M6TP | 0.051 |   5.995 |    6.763 | 
     | add_131_40_g1515       | A ^ -> CO ^ | ADHM4TP   | 0.087 |   6.082 |    6.850 | 
     | add_131_40_g1514       | A ^ -> CO ^ | ADHM4TP   | 0.083 |   6.165 |    6.933 | 
     | add_131_40_g1513       | A ^ -> CO ^ | ADHM4TP   | 0.084 |   6.248 |    7.017 | 
     | add_131_40_g1512       | A ^ -> CO ^ | ADHM4TP   | 0.083 |   6.331 |    7.100 | 
     | add_131_40_g1511       | A ^ -> CO ^ | ADHM4TP   | 0.081 |   6.412 |    7.181 | 
     | add_131_40_g1510       | A ^ -> CO ^ | ADHM4TP   | 0.081 |   6.493 |    7.262 | 
     | add_131_40_g1509       | A ^ -> CO ^ | ADHM4TP   | 0.082 |   6.575 |    7.344 | 
     | add_131_40_g1508       | A ^ -> CO ^ | ADHM4TP   | 0.087 |   6.662 |    7.430 | 
     | add_131_40_g1507       | A ^ -> CO ^ | ADHM4TP   | 0.084 |   6.746 |    7.514 | 
     | add_131_40_g1506       | A ^ -> CO ^ | ADHM4TP   | 0.080 |   6.826 |    7.595 | 
     | add_131_40_g1505       | A ^ -> CO ^ | ADHM4TP   | 0.080 |   6.906 |    7.675 | 
     | add_131_40_g1504       | A ^ -> CO ^ | ADHM4TP   | 0.080 |   6.986 |    7.755 | 
     | add_131_40_g1503       | A ^ -> CO ^ | ADHM4TP   | 0.081 |   7.067 |    7.836 | 
     | add_131_40_g1502       | A ^ -> CO ^ | ADHM4TP   | 0.081 |   7.147 |    7.916 | 
     | add_131_40_g1501       | A ^ -> CO ^ | ADHM4TP   | 0.079 |   7.227 |    7.996 | 
     | add_131_40_g1500       | A ^ -> CO ^ | ADHM4TP   | 0.083 |   7.310 |    8.079 | 
     | add_131_40_g1499       | A ^ -> CO ^ | ADHM4TP   | 0.083 |   7.393 |    8.162 | 
     | add_131_40_g1498       | A ^ -> CO ^ | ADHM4TP   | 0.081 |   7.474 |    8.243 | 
     | add_131_40_g1497       | A ^ -> CO ^ | ADHM4TP   | 0.081 |   7.555 |    8.323 | 
     | add_131_40_g1496       | A ^ -> CO ^ | ADHM4TP   | 0.080 |   7.634 |    8.403 | 
     | add_131_40_g1495       | A ^ -> CO ^ | ADHM4TP   | 0.081 |   7.716 |    8.484 | 
     | add_131_40_g1494       | A ^ -> CO ^ | ADHM4TP   | 0.085 |   7.800 |    8.569 | 
     | add_131_40_g1493       | A ^ -> CO ^ | ADHM4TP   | 0.083 |   7.883 |    8.652 | 
     | add_131_40_g1492       | A ^ -> CO ^ | ADHM4TP   | 0.082 |   7.966 |    8.734 | 
     | add_131_40_g1491       | A ^ -> CO ^ | ADHM4TP   | 0.082 |   8.047 |    8.816 | 
     | add_131_40_g1490       | A ^ -> CO ^ | ADHM4TP   | 0.082 |   8.129 |    8.898 | 
     | add_131_40_g1489       | A ^ -> CO ^ | ADHM4TP   | 0.085 |   8.214 |    8.983 | 
     | add_131_40_g1488       | A ^ -> CO ^ | ADHM4TP   | 0.085 |   8.299 |    9.067 | 
     | add_131_40_g1487       | A ^ -> CO ^ | ADHM4TP   | 0.085 |   8.384 |    9.152 | 
     | add_131_40_g1486       | A ^ -> CO ^ | ADHM4TP   | 0.081 |   8.465 |    9.234 | 
     | add_131_40_g1485       | A ^ -> CO ^ | ADHM4TP   | 0.079 |   8.544 |    9.313 | 
     | add_131_40_g1484       | A ^ -> CO ^ | ADHM4TP   | 0.080 |   8.623 |    9.392 | 
     | add_131_40_g1483       | A ^ -> CO ^ | ADHM4TP   | 0.080 |   8.703 |    9.472 | 
     | add_131_40_g1482       | A ^ -> CO ^ | ADHM4TP   | 0.090 |   8.793 |    9.562 | 
     | FE_RC_49_0             | A ^ -> Z v  | INVM2TP   | 0.036 |   8.829 |    9.598 | 
     | FE_RC_48_0             | B v -> Z ^  | NR2B1M4TP | 0.060 |   8.889 |    9.658 | 
     | add_131_40_g1478       | A ^ -> S v  | ADHM4TP   | 0.134 |   9.023 |    9.792 | 
     | g76752                 | A2 v -> Z v | AO22M1TP  | 0.186 |   9.209 |    9.978 | 
     | nonce_counter_reg[117] | D v         | DFQRM1TP  | 0.000 |   9.209 |    9.978 | 
     +-------------------------------------------------------------------------------+ 
Path 14: MET Setup Check with Pin nonce_counter_reg[114]/CK 
Endpoint:   nonce_counter_reg[114]/D (^) checked with  leading edge of 'clk'
Beginpoint: nonce_counter_reg[5]/Q   (^) triggered by  leading edge of 'clk'
Path Groups: {clk}
Analysis View: av_setup
Other End Arrival Time          0.000
- Setup                         0.048
+ Phase Shift                  10.000
= Required Time                 9.952
- Arrival Time                  9.058
= Slack Time                    0.895
     Clock Rise Edge                 0.000
     + Clock Network Latency (Ideal) 0.000
     = Beginpoint Arrival Time       0.000
     +-----------------------------------------------------------------------------------+ 
     |        Instance        |     Arc      |     Cell     | Delay | Arrival | Required | 
     |                        |              |              |       |  Time   |   Time   | 
     |------------------------+--------------+--------------+-------+---------+----------| 
     | nonce_counter_reg[5]   | CK ^         |              |       |   0.000 |    0.895 | 
     | nonce_counter_reg[5]   | CK ^ -> Q ^  | DFQRM4TP     | 0.231 |   0.231 |    1.126 | 
     | add_131_40_g1591       | B ^ -> Z ^   | AN2M4TP      | 0.105 |   0.336 |    1.231 | 
     | add_131_40_g1589       | A ^ -> CO ^  | ADHM4TP      | 0.084 |   0.421 |    1.315 | 
     | add_131_40_g1588       | A ^ -> CO ^  | ADHM4TP      | 0.083 |   0.504 |    1.398 | 
     | add_131_40_g1587       | A ^ -> CO ^  | ADHM4TP      | 0.086 |   0.589 |    1.484 | 
     | add_131_40_g1586       | A ^ -> CO ^  | ADHM4TP      | 0.083 |   0.673 |    1.567 | 
     | add_131_40_g1585       | A ^ -> CO ^  | ADHM4TP      | 0.080 |   0.752 |    1.647 | 
     | add_131_40_g1584       | A ^ -> CO ^  | ADHM4TP      | 0.089 |   0.842 |    1.736 | 
     | add_131_40_g1583       | A ^ -> CO ^  | ADHM4TP      | 0.087 |   0.928 |    1.823 | 
     | add_131_40_g1582       | A ^ -> CO ^  | ADHM4TP      | 0.080 |   1.008 |    1.903 | 
     | add_131_40_g1581       | A ^ -> CO ^  | ADHM4TP      | 0.079 |   1.088 |    1.982 | 
     | add_131_40_g1580       | A ^ -> CO ^  | ADHM4TP      | 0.089 |   1.176 |    2.071 | 
     | add_131_40_g1579       | A ^ -> CO ^  | ADHM4TP      | 0.085 |   1.261 |    2.156 | 
     | add_131_40_g1578       | A ^ -> CO ^  | ADHM4TP      | 0.080 |   1.341 |    2.236 | 
     | add_131_40_g1577       | A ^ -> CO ^  | ADHM4TP      | 0.080 |   1.422 |    2.316 | 
     | add_131_40_g1576       | A ^ -> CO ^  | ADHM4TP      | 0.085 |   1.506 |    2.401 | 
     | add_131_40_g1575       | A ^ -> CO ^  | ADHM4TP      | 0.084 |   1.590 |    2.485 | 
     | add_131_40_g1574       | A ^ -> CO ^  | ADHM4TP      | 0.082 |   1.672 |    2.567 | 
     | add_131_40_g1573       | A ^ -> CO ^  | ADHM4TP      | 0.086 |   1.758 |    2.652 | 
     | FE_RC_77_0             | A ^ -> Z v   | ND3M6TP      | 0.046 |   1.804 |    2.698 | 
     | FE_RC_65_0             | B v -> Z ^   | NR2B1M6TP    | 0.066 |   1.870 |    2.765 | 
     | add_131_40_g1567       | A ^ -> CO ^  | ADHM4TP      | 0.090 |   1.960 |    2.855 | 
     | add_131_40_g1566       | A ^ -> CO ^  | ADHM4TP      | 0.083 |   2.044 |    2.938 | 
     | add_131_40_g1565       | A ^ -> CO ^  | ADHM4TP      | 0.083 |   2.126 |    3.021 | 
     | add_131_40_g1564       | A ^ -> CO ^  | ADHM4TP      | 0.084 |   2.211 |    3.105 | 
     | add_131_40_g1563       | A ^ -> CO ^  | ADHM4TP      | 0.085 |   2.296 |    3.190 | 
     | add_131_40_g1562       | A ^ -> CO ^  | ADHM4TP      | 0.081 |   2.377 |    3.272 | 
     | add_131_40_g1561       | A ^ -> CO ^  | ADHM4TP      | 0.081 |   2.458 |    3.353 | 
     | add_131_40_g1560       | A ^ -> CO ^  | ADHM4TP      | 0.082 |   2.540 |    3.435 | 
     | add_131_40_g1559       | A ^ -> CO ^  | ADHM4TP      | 0.082 |   2.623 |    3.517 | 
     | add_131_40_g1558       | A ^ -> CO ^  | ADHM4TP      | 0.084 |   2.707 |    3.601 | 
     | add_131_40_g1557       | A ^ -> CO ^  | ADHM4TP      | 0.082 |   2.789 |    3.684 | 
     | add_131_40_g1556       | A ^ -> CO ^  | ADHM4TP      | 0.081 |   2.870 |    3.765 | 
     | add_131_40_g1555       | A ^ -> CO ^  | ADHM4TP      | 0.081 |   2.951 |    3.846 | 
     | add_131_40_g1554       | A ^ -> CO ^  | ADHM4TP      | 0.083 |   3.034 |    3.928 | 
     | add_131_40_g1553       | A ^ -> CO ^  | ADHM4TP      | 0.084 |   3.118 |    4.012 | 
     | add_131_40_g1552       | A ^ -> CO ^  | ADHM4TP      | 0.084 |   3.201 |    4.096 | 
     | add_131_40_g1551       | A ^ -> CO ^  | ADHM4TP      | 0.084 |   3.286 |    4.180 | 
     | add_131_40_g1550       | A ^ -> CO ^  | ADHM4TP      | 0.081 |   3.367 |    4.261 | 
     | add_131_40_g1549       | A ^ -> CO ^  | ADHM4TP      | 0.082 |   3.448 |    4.343 | 
     | add_131_40_g1548       | A ^ -> CO ^  | ADHM4TP      | 0.081 |   3.529 |    4.424 | 
     | add_131_40_g1547       | A ^ -> CO ^  | ADHM4TP      | 0.083 |   3.612 |    4.507 | 
     | add_131_40_g1546       | A ^ -> CO ^  | ADHM4TP      | 0.081 |   3.693 |    4.588 | 
     | add_131_40_g1545       | A ^ -> CO ^  | ADHM4TP      | 0.088 |   3.781 |    4.676 | 
     | add_131_40_g1544       | A ^ -> CO ^  | ADHM4TP      | 0.086 |   3.867 |    4.761 | 
     | add_131_40_g1543       | A ^ -> CO ^  | ADHM4TP      | 0.084 |   3.951 |    4.846 | 
     | add_131_40_g1542       | A ^ -> CO ^  | ADHM4TP      | 0.082 |   4.033 |    4.927 | 
     | add_131_40_g1541       | A ^ -> CO ^  | ADHM4TP      | 0.082 |   4.115 |    5.009 | 
     | add_131_40_g1540       | A ^ -> CO ^  | ADHM4TP      | 0.083 |   4.198 |    5.092 | 
     | add_131_40_g1539       | A ^ -> CO ^  | ADHM4TP      | 0.081 |   4.279 |    5.173 | 
     | add_131_40_g1538       | A ^ -> CO ^  | ADHM4TP      | 0.081 |   4.359 |    5.254 | 
     | add_131_40_g1537       | A ^ -> CO ^  | ADHM4TP      | 0.081 |   4.440 |    5.335 | 
     | add_131_40_g1536       | A ^ -> CO ^  | ADHM4TP      | 0.084 |   4.525 |    5.419 | 
     | FE_RC_34_0             | A ^ -> Z v   | INVM2TP      | 0.044 |   4.569 |    5.464 | 
     | FE_RC_28_0             | B v -> Z ^   | NR2B1M6TP    | 0.048 |   4.617 |    5.512 | 
     | add_131_40_g1532       | A ^ -> CO ^  | ADHM8TP      | 0.106 |   4.724 |    5.618 | 
     | add_131_40_g1531       | A ^ -> CO ^  | ADHM4TP      | 0.097 |   4.821 |    5.716 | 
     | add_131_40_g1530       | A ^ -> CO ^  | ADHM4TP      | 0.082 |   4.903 |    5.798 | 
     | add_131_40_g1529       | A ^ -> CO ^  | ADHM4TP      | 0.083 |   4.986 |    5.881 | 
     | add_131_40_g1528       | A ^ -> CO ^  | ADHM4TP      | 0.086 |   5.073 |    5.967 | 
     | add_131_40_g1527       | A ^ -> CO ^  | ADHM4TP      | 0.082 |   5.155 |    6.050 | 
     | add_131_40_g1526       | A ^ -> CO ^  | ADHM4TP      | 0.081 |   5.236 |    6.130 | 
     | add_131_40_g1525       | A ^ -> CO ^  | ADHM4TP      | 0.080 |   5.316 |    6.211 | 
     | add_131_40_g1524       | A ^ -> CO ^  | ADHM4TP      | 0.082 |   5.398 |    6.293 | 
     | add_131_40_g1523       | A ^ -> CO ^  | ADHM4TP      | 0.084 |   5.482 |    6.377 | 
     | add_131_40_g1522       | A ^ -> CO ^  | ADHM4TP      | 0.082 |   5.564 |    6.458 | 
     | add_131_40_g1521       | A ^ -> CO ^  | ADHM4TP      | 0.083 |   5.647 |    6.541 | 
     | add_131_40_g1520       | A ^ -> CO ^  | ADHM4TP      | 0.081 |   5.727 |    6.622 | 
     | add_131_40_g1519       | A ^ -> CO ^  | ADHM4TP      | 0.081 |   5.808 |    6.703 | 
     | add_131_40_g1518       | A ^ -> CO ^  | ADHM4TP      | 0.097 |   5.905 |    6.800 | 
     | FE_RC_9_0              | A ^ -> Z v   | INVM3TP      | 0.038 |   5.943 |    6.838 | 
     | FE_RC_8_0              | B v -> Z ^   | NR2B1M6TP    | 0.051 |   5.995 |    6.889 | 
     | add_131_40_g1515       | A ^ -> CO ^  | ADHM4TP      | 0.087 |   6.082 |    6.976 | 
     | add_131_40_g1514       | A ^ -> CO ^  | ADHM4TP      | 0.083 |   6.165 |    7.059 | 
     | add_131_40_g1513       | A ^ -> CO ^  | ADHM4TP      | 0.084 |   6.248 |    7.143 | 
     | add_131_40_g1512       | A ^ -> CO ^  | ADHM4TP      | 0.083 |   6.331 |    7.226 | 
     | add_131_40_g1511       | A ^ -> CO ^  | ADHM4TP      | 0.081 |   6.412 |    7.307 | 
     | add_131_40_g1510       | A ^ -> CO ^  | ADHM4TP      | 0.081 |   6.493 |    7.388 | 
     | add_131_40_g1509       | A ^ -> CO ^  | ADHM4TP      | 0.082 |   6.575 |    7.469 | 
     | add_131_40_g1508       | A ^ -> CO ^  | ADHM4TP      | 0.087 |   6.662 |    7.556 | 
     | add_131_40_g1507       | A ^ -> CO ^  | ADHM4TP      | 0.084 |   6.746 |    7.640 | 
     | add_131_40_g1506       | A ^ -> CO ^  | ADHM4TP      | 0.080 |   6.826 |    7.720 | 
     | add_131_40_g1505       | A ^ -> CO ^  | ADHM4TP      | 0.080 |   6.906 |    7.800 | 
     | add_131_40_g1504       | A ^ -> CO ^  | ADHM4TP      | 0.080 |   6.986 |    7.880 | 
     | add_131_40_g1503       | A ^ -> CO ^  | ADHM4TP      | 0.081 |   7.067 |    7.961 | 
     | add_131_40_g1502       | A ^ -> CO ^  | ADHM4TP      | 0.081 |   7.147 |    8.042 | 
     | add_131_40_g1501       | A ^ -> CO ^  | ADHM4TP      | 0.079 |   7.227 |    8.121 | 
     | add_131_40_g1500       | A ^ -> CO ^  | ADHM4TP      | 0.083 |   7.310 |    8.205 | 
     | add_131_40_g1499       | A ^ -> CO ^  | ADHM4TP      | 0.083 |   7.393 |    8.288 | 
     | add_131_40_g1498       | A ^ -> CO ^  | ADHM4TP      | 0.081 |   7.474 |    8.369 | 
     | add_131_40_g1497       | A ^ -> CO ^  | ADHM4TP      | 0.081 |   7.555 |    8.449 | 
     | add_131_40_g1496       | A ^ -> CO ^  | ADHM4TP      | 0.080 |   7.634 |    8.529 | 
     | add_131_40_g1495       | A ^ -> CO ^  | ADHM4TP      | 0.081 |   7.716 |    8.610 | 
     | add_131_40_g1494       | A ^ -> CO ^  | ADHM4TP      | 0.085 |   7.800 |    8.695 | 
     | add_131_40_g1493       | A ^ -> CO ^  | ADHM4TP      | 0.083 |   7.883 |    8.778 | 
     | add_131_40_g1492       | A ^ -> CO ^  | ADHM4TP      | 0.082 |   7.966 |    8.860 | 
     | add_131_40_g1491       | A ^ -> CO ^  | ADHM4TP      | 0.082 |   8.047 |    8.942 | 
     | add_131_40_g1490       | A ^ -> CO ^  | ADHM4TP      | 0.082 |   8.129 |    9.024 | 
     | add_131_40_g1489       | A ^ -> CO ^  | ADHM4TP      | 0.085 |   8.214 |    9.108 | 
     | add_131_40_g1488       | A ^ -> CO ^  | ADHM4TP      | 0.085 |   8.299 |    9.193 | 
     | add_131_40_g1487       | A ^ -> CO ^  | ADHM4TP      | 0.085 |   8.384 |    9.278 | 
     | add_131_40_g1486       | A ^ -> CO ^  | ADHM4TP      | 0.081 |   8.465 |    9.359 | 
     | add_131_40_g1485       | A ^ -> CO ^  | ADHM4TP      | 0.079 |   8.544 |    9.438 | 
     | add_131_40_g1484       | A ^ -> CO ^  | ADHM4TP      | 0.080 |   8.623 |    9.518 | 
     | add_131_40_g1483       | A ^ -> CO ^  | ADHM4TP      | 0.080 |   8.703 |    9.598 | 
     | add_131_40_g1482       | A ^ -> CO ^  | ADHM4TP      | 0.090 |   8.793 |    9.688 | 
     | FE_RC_51_0             | NA2 ^ -> Z ^ | OAI22B10M2TP | 0.099 |   8.892 |    9.787 | 
     | g76749                 | A2 ^ -> Z ^  | AO22M1TP     | 0.166 |   9.058 |    9.952 | 
     | nonce_counter_reg[114] | D ^          | DFQRM1TP     | 0.000 |   9.058 |    9.952 | 
     +-----------------------------------------------------------------------------------+ 
Path 15: MET Setup Check with Pin nonce_counter_reg[113]/CK 
Endpoint:   nonce_counter_reg[113]/D (v) checked with  leading edge of 'clk'
Beginpoint: nonce_counter_reg[5]/Q   (^) triggered by  leading edge of 'clk'
Path Groups: {clk}
Analysis View: av_setup
Other End Arrival Time          0.000
- Setup                         0.022
+ Phase Shift                  10.000
= Required Time                 9.978
- Arrival Time                  9.012
= Slack Time                    0.965
     Clock Rise Edge                 0.000
     + Clock Network Latency (Ideal) 0.000
     = Beginpoint Arrival Time       0.000
     +-------------------------------------------------------------------------------+ 
     |        Instance        |     Arc     |   Cell    | Delay | Arrival | Required | 
     |                        |             |           |       |  Time   |   Time   | 
     |------------------------+-------------+-----------+-------+---------+----------| 
     | nonce_counter_reg[5]   | CK ^        |           |       |   0.000 |    0.965 | 
     | nonce_counter_reg[5]   | CK ^ -> Q ^ | DFQRM4TP  | 0.231 |   0.231 |    1.197 | 
     | add_131_40_g1591       | B ^ -> Z ^  | AN2M4TP   | 0.105 |   0.336 |    1.302 | 
     | add_131_40_g1589       | A ^ -> CO ^ | ADHM4TP   | 0.084 |   0.421 |    1.386 | 
     | add_131_40_g1588       | A ^ -> CO ^ | ADHM4TP   | 0.083 |   0.504 |    1.469 | 
     | add_131_40_g1587       | A ^ -> CO ^ | ADHM4TP   | 0.086 |   0.589 |    1.555 | 
     | add_131_40_g1586       | A ^ -> CO ^ | ADHM4TP   | 0.083 |   0.673 |    1.638 | 
     | add_131_40_g1585       | A ^ -> CO ^ | ADHM4TP   | 0.080 |   0.752 |    1.718 | 
     | add_131_40_g1584       | A ^ -> CO ^ | ADHM4TP   | 0.089 |   0.842 |    1.807 | 
     | add_131_40_g1583       | A ^ -> CO ^ | ADHM4TP   | 0.087 |   0.928 |    1.894 | 
     | add_131_40_g1582       | A ^ -> CO ^ | ADHM4TP   | 0.080 |   1.008 |    1.974 | 
     | add_131_40_g1581       | A ^ -> CO ^ | ADHM4TP   | 0.079 |   1.088 |    2.053 | 
     | add_131_40_g1580       | A ^ -> CO ^ | ADHM4TP   | 0.089 |   1.176 |    2.142 | 
     | add_131_40_g1579       | A ^ -> CO ^ | ADHM4TP   | 0.085 |   1.261 |    2.227 | 
     | add_131_40_g1578       | A ^ -> CO ^ | ADHM4TP   | 0.080 |   1.341 |    2.307 | 
     | add_131_40_g1577       | A ^ -> CO ^ | ADHM4TP   | 0.080 |   1.422 |    2.387 | 
     | add_131_40_g1576       | A ^ -> CO ^ | ADHM4TP   | 0.085 |   1.506 |    2.472 | 
     | add_131_40_g1575       | A ^ -> CO ^ | ADHM4TP   | 0.084 |   1.590 |    2.556 | 
     | add_131_40_g1574       | A ^ -> CO ^ | ADHM4TP   | 0.082 |   1.672 |    2.638 | 
     | add_131_40_g1573       | A ^ -> CO ^ | ADHM4TP   | 0.086 |   1.758 |    2.723 | 
     | FE_RC_77_0             | A ^ -> Z v  | ND3M6TP   | 0.046 |   1.804 |    2.769 | 
     | FE_RC_65_0             | B v -> Z ^  | NR2B1M6TP | 0.066 |   1.870 |    2.836 | 
     | add_131_40_g1567       | A ^ -> CO ^ | ADHM4TP   | 0.090 |   1.960 |    2.926 | 
     | add_131_40_g1566       | A ^ -> CO ^ | ADHM4TP   | 0.083 |   2.044 |    3.009 | 
     | add_131_40_g1565       | A ^ -> CO ^ | ADHM4TP   | 0.083 |   2.126 |    3.092 | 
     | add_131_40_g1564       | A ^ -> CO ^ | ADHM4TP   | 0.084 |   2.211 |    3.176 | 
     | add_131_40_g1563       | A ^ -> CO ^ | ADHM4TP   | 0.085 |   2.296 |    3.261 | 
     | add_131_40_g1562       | A ^ -> CO ^ | ADHM4TP   | 0.081 |   2.377 |    3.343 | 
     | add_131_40_g1561       | A ^ -> CO ^ | ADHM4TP   | 0.081 |   2.458 |    3.424 | 
     | add_131_40_g1560       | A ^ -> CO ^ | ADHM4TP   | 0.082 |   2.540 |    3.506 | 
     | add_131_40_g1559       | A ^ -> CO ^ | ADHM4TP   | 0.082 |   2.623 |    3.588 | 
     | add_131_40_g1558       | A ^ -> CO ^ | ADHM4TP   | 0.084 |   2.707 |    3.672 | 
     | add_131_40_g1557       | A ^ -> CO ^ | ADHM4TP   | 0.082 |   2.789 |    3.755 | 
     | add_131_40_g1556       | A ^ -> CO ^ | ADHM4TP   | 0.081 |   2.870 |    3.836 | 
     | add_131_40_g1555       | A ^ -> CO ^ | ADHM4TP   | 0.081 |   2.951 |    3.916 | 
     | add_131_40_g1554       | A ^ -> CO ^ | ADHM4TP   | 0.083 |   3.034 |    3.999 | 
     | add_131_40_g1553       | A ^ -> CO ^ | ADHM4TP   | 0.084 |   3.118 |    4.083 | 
     | add_131_40_g1552       | A ^ -> CO ^ | ADHM4TP   | 0.084 |   3.201 |    4.167 | 
     | add_131_40_g1551       | A ^ -> CO ^ | ADHM4TP   | 0.084 |   3.286 |    4.251 | 
     | add_131_40_g1550       | A ^ -> CO ^ | ADHM4TP   | 0.081 |   3.367 |    4.332 | 
     | add_131_40_g1549       | A ^ -> CO ^ | ADHM4TP   | 0.082 |   3.448 |    4.414 | 
     | add_131_40_g1548       | A ^ -> CO ^ | ADHM4TP   | 0.081 |   3.529 |    4.495 | 
     | add_131_40_g1547       | A ^ -> CO ^ | ADHM4TP   | 0.083 |   3.612 |    4.578 | 
     | add_131_40_g1546       | A ^ -> CO ^ | ADHM4TP   | 0.081 |   3.693 |    4.659 | 
     | add_131_40_g1545       | A ^ -> CO ^ | ADHM4TP   | 0.088 |   3.781 |    4.746 | 
     | add_131_40_g1544       | A ^ -> CO ^ | ADHM4TP   | 0.086 |   3.867 |    4.832 | 
     | add_131_40_g1543       | A ^ -> CO ^ | ADHM4TP   | 0.084 |   3.951 |    4.916 | 
     | add_131_40_g1542       | A ^ -> CO ^ | ADHM4TP   | 0.082 |   4.033 |    4.998 | 
     | add_131_40_g1541       | A ^ -> CO ^ | ADHM4TP   | 0.082 |   4.115 |    5.080 | 
     | add_131_40_g1540       | A ^ -> CO ^ | ADHM4TP   | 0.083 |   4.198 |    5.163 | 
     | add_131_40_g1539       | A ^ -> CO ^ | ADHM4TP   | 0.081 |   4.279 |    5.244 | 
     | add_131_40_g1538       | A ^ -> CO ^ | ADHM4TP   | 0.081 |   4.359 |    5.325 | 
     | add_131_40_g1537       | A ^ -> CO ^ | ADHM4TP   | 0.081 |   4.440 |    5.406 | 
     | add_131_40_g1536       | A ^ -> CO ^ | ADHM4TP   | 0.084 |   4.525 |    5.490 | 
     | FE_RC_34_0             | A ^ -> Z v  | INVM2TP   | 0.044 |   4.569 |    5.535 | 
     | FE_RC_28_0             | B v -> Z ^  | NR2B1M6TP | 0.048 |   4.617 |    5.583 | 
     | add_131_40_g1532       | A ^ -> CO ^ | ADHM8TP   | 0.106 |   4.724 |    5.689 | 
     | add_131_40_g1531       | A ^ -> CO ^ | ADHM4TP   | 0.097 |   4.821 |    5.786 | 
     | add_131_40_g1530       | A ^ -> CO ^ | ADHM4TP   | 0.082 |   4.903 |    5.869 | 
     | add_131_40_g1529       | A ^ -> CO ^ | ADHM4TP   | 0.083 |   4.986 |    5.952 | 
     | add_131_40_g1528       | A ^ -> CO ^ | ADHM4TP   | 0.086 |   5.073 |    6.038 | 
     | add_131_40_g1527       | A ^ -> CO ^ | ADHM4TP   | 0.082 |   5.155 |    6.121 | 
     | add_131_40_g1526       | A ^ -> CO ^ | ADHM4TP   | 0.081 |   5.236 |    6.201 | 
     | add_131_40_g1525       | A ^ -> CO ^ | ADHM4TP   | 0.080 |   5.316 |    6.281 | 
     | add_131_40_g1524       | A ^ -> CO ^ | ADHM4TP   | 0.082 |   5.398 |    6.364 | 
     | add_131_40_g1523       | A ^ -> CO ^ | ADHM4TP   | 0.084 |   5.482 |    6.448 | 
     | add_131_40_g1522       | A ^ -> CO ^ | ADHM4TP   | 0.082 |   5.564 |    6.529 | 
     | add_131_40_g1521       | A ^ -> CO ^ | ADHM4TP   | 0.083 |   5.647 |    6.612 | 
     | add_131_40_g1520       | A ^ -> CO ^ | ADHM4TP   | 0.081 |   5.727 |    6.693 | 
     | add_131_40_g1519       | A ^ -> CO ^ | ADHM4TP   | 0.081 |   5.808 |    6.773 | 
     | add_131_40_g1518       | A ^ -> CO ^ | ADHM4TP   | 0.097 |   5.905 |    6.871 | 
     | FE_RC_9_0              | A ^ -> Z v  | INVM3TP   | 0.038 |   5.943 |    6.909 | 
     | FE_RC_8_0              | B v -> Z ^  | NR2B1M6TP | 0.051 |   5.995 |    6.960 | 
     | add_131_40_g1515       | A ^ -> CO ^ | ADHM4TP   | 0.087 |   6.082 |    7.047 | 
     | add_131_40_g1514       | A ^ -> CO ^ | ADHM4TP   | 0.083 |   6.165 |    7.130 | 
     | add_131_40_g1513       | A ^ -> CO ^ | ADHM4TP   | 0.084 |   6.248 |    7.214 | 
     | add_131_40_g1512       | A ^ -> CO ^ | ADHM4TP   | 0.083 |   6.331 |    7.297 | 
     | add_131_40_g1511       | A ^ -> CO ^ | ADHM4TP   | 0.081 |   6.412 |    7.378 | 
     | add_131_40_g1510       | A ^ -> CO ^ | ADHM4TP   | 0.081 |   6.493 |    7.459 | 
     | add_131_40_g1509       | A ^ -> CO ^ | ADHM4TP   | 0.082 |   6.575 |    7.540 | 
     | add_131_40_g1508       | A ^ -> CO ^ | ADHM4TP   | 0.087 |   6.662 |    7.627 | 
     | add_131_40_g1507       | A ^ -> CO ^ | ADHM4TP   | 0.084 |   6.746 |    7.711 | 
     | add_131_40_g1506       | A ^ -> CO ^ | ADHM4TP   | 0.080 |   6.826 |    7.791 | 
     | add_131_40_g1505       | A ^ -> CO ^ | ADHM4TP   | 0.080 |   6.906 |    7.871 | 
     | add_131_40_g1504       | A ^ -> CO ^ | ADHM4TP   | 0.080 |   6.986 |    7.951 | 
     | add_131_40_g1503       | A ^ -> CO ^ | ADHM4TP   | 0.081 |   7.067 |    8.032 | 
     | add_131_40_g1502       | A ^ -> CO ^ | ADHM4TP   | 0.081 |   7.147 |    8.113 | 
     | add_131_40_g1501       | A ^ -> CO ^ | ADHM4TP   | 0.079 |   7.227 |    8.192 | 
     | add_131_40_g1500       | A ^ -> CO ^ | ADHM4TP   | 0.083 |   7.310 |    8.276 | 
     | add_131_40_g1499       | A ^ -> CO ^ | ADHM4TP   | 0.083 |   7.393 |    8.359 | 
     | add_131_40_g1498       | A ^ -> CO ^ | ADHM4TP   | 0.081 |   7.474 |    8.440 | 
     | add_131_40_g1497       | A ^ -> CO ^ | ADHM4TP   | 0.081 |   7.555 |    8.520 | 
     | add_131_40_g1496       | A ^ -> CO ^ | ADHM4TP   | 0.080 |   7.634 |    8.600 | 
     | add_131_40_g1495       | A ^ -> CO ^ | ADHM4TP   | 0.081 |   7.716 |    8.681 | 
     | add_131_40_g1494       | A ^ -> CO ^ | ADHM4TP   | 0.085 |   7.800 |    8.766 | 
     | add_131_40_g1493       | A ^ -> CO ^ | ADHM4TP   | 0.083 |   7.883 |    8.848 | 
     | add_131_40_g1492       | A ^ -> CO ^ | ADHM4TP   | 0.082 |   7.966 |    8.931 | 
     | add_131_40_g1491       | A ^ -> CO ^ | ADHM4TP   | 0.082 |   8.047 |    9.013 | 
     | add_131_40_g1490       | A ^ -> CO ^ | ADHM4TP   | 0.082 |   8.129 |    9.095 | 
     | add_131_40_g1489       | A ^ -> CO ^ | ADHM4TP   | 0.085 |   8.214 |    9.179 | 
     | add_131_40_g1488       | A ^ -> CO ^ | ADHM4TP   | 0.085 |   8.299 |    9.264 | 
     | add_131_40_g1487       | A ^ -> CO ^ | ADHM4TP   | 0.085 |   8.384 |    9.349 | 
     | add_131_40_g1486       | A ^ -> CO ^ | ADHM4TP   | 0.081 |   8.465 |    9.430 | 
     | add_131_40_g1485       | A ^ -> CO ^ | ADHM4TP   | 0.079 |   8.544 |    9.509 | 
     | add_131_40_g1484       | A ^ -> CO ^ | ADHM4TP   | 0.080 |   8.623 |    9.589 | 
     | add_131_40_g1483       | A ^ -> CO ^ | ADHM4TP   | 0.080 |   8.703 |    9.669 | 
     | add_131_40_g1482       | A ^ -> S v  | ADHM4TP   | 0.122 |   8.825 |    9.791 | 
     | g76748                 | A2 v -> Z v | AO22M1TP  | 0.187 |   9.012 |    9.978 | 
     | nonce_counter_reg[113] | D v         | DFQRM1TP  | 0.000 |   9.012 |    9.978 | 
     +-------------------------------------------------------------------------------+ 
Path 16: MET Setup Check with Pin nonce_counter_reg[112]/CK 
Endpoint:   nonce_counter_reg[112]/D (v) checked with  leading edge of 'clk'
Beginpoint: nonce_counter_reg[5]/Q   (^) triggered by  leading edge of 'clk'
Path Groups: {clk}
Analysis View: av_setup
Other End Arrival Time          0.000
- Setup                         0.023
+ Phase Shift                  10.000
= Required Time                 9.977
- Arrival Time                  8.935
= Slack Time                    1.042
     Clock Rise Edge                 0.000
     + Clock Network Latency (Ideal) 0.000
     = Beginpoint Arrival Time       0.000
     +-------------------------------------------------------------------------------+ 
     |        Instance        |     Arc     |   Cell    | Delay | Arrival | Required | 
     |                        |             |           |       |  Time   |   Time   | 
     |------------------------+-------------+-----------+-------+---------+----------| 
     | nonce_counter_reg[5]   | CK ^        |           |       |   0.000 |    1.042 | 
     | nonce_counter_reg[5]   | CK ^ -> Q ^ | DFQRM4TP  | 0.231 |   0.231 |    1.273 | 
     | add_131_40_g1591       | B ^ -> Z ^  | AN2M4TP   | 0.105 |   0.336 |    1.378 | 
     | add_131_40_g1589       | A ^ -> CO ^ | ADHM4TP   | 0.084 |   0.421 |    1.462 | 
     | add_131_40_g1588       | A ^ -> CO ^ | ADHM4TP   | 0.083 |   0.504 |    1.546 | 
     | add_131_40_g1587       | A ^ -> CO ^ | ADHM4TP   | 0.086 |   0.589 |    1.631 | 
     | add_131_40_g1586       | A ^ -> CO ^ | ADHM4TP   | 0.083 |   0.673 |    1.714 | 
     | add_131_40_g1585       | A ^ -> CO ^ | ADHM4TP   | 0.080 |   0.752 |    1.794 | 
     | add_131_40_g1584       | A ^ -> CO ^ | ADHM4TP   | 0.089 |   0.842 |    1.883 | 
     | add_131_40_g1583       | A ^ -> CO ^ | ADHM4TP   | 0.087 |   0.928 |    1.970 | 
     | add_131_40_g1582       | A ^ -> CO ^ | ADHM4TP   | 0.080 |   1.008 |    2.050 | 
     | add_131_40_g1581       | A ^ -> CO ^ | ADHM4TP   | 0.079 |   1.088 |    2.130 | 
     | add_131_40_g1580       | A ^ -> CO ^ | ADHM4TP   | 0.089 |   1.176 |    2.218 | 
     | add_131_40_g1579       | A ^ -> CO ^ | ADHM4TP   | 0.085 |   1.261 |    2.303 | 
     | add_131_40_g1578       | A ^ -> CO ^ | ADHM4TP   | 0.080 |   1.341 |    2.383 | 
     | add_131_40_g1577       | A ^ -> CO ^ | ADHM4TP   | 0.080 |   1.422 |    2.463 | 
     | add_131_40_g1576       | A ^ -> CO ^ | ADHM4TP   | 0.085 |   1.506 |    2.548 | 
     | add_131_40_g1575       | A ^ -> CO ^ | ADHM4TP   | 0.084 |   1.590 |    2.632 | 
     | add_131_40_g1574       | A ^ -> CO ^ | ADHM4TP   | 0.082 |   1.672 |    2.714 | 
     | add_131_40_g1573       | A ^ -> CO ^ | ADHM4TP   | 0.086 |   1.758 |    2.800 | 
     | FE_RC_77_0             | A ^ -> Z v  | ND3M6TP   | 0.046 |   1.804 |    2.846 | 
     | FE_RC_65_0             | B v -> Z ^  | NR2B1M6TP | 0.066 |   1.870 |    2.912 | 
     | add_131_40_g1567       | A ^ -> CO ^ | ADHM4TP   | 0.090 |   1.960 |    3.002 | 
     | add_131_40_g1566       | A ^ -> CO ^ | ADHM4TP   | 0.083 |   2.044 |    3.085 | 
     | add_131_40_g1565       | A ^ -> CO ^ | ADHM4TP   | 0.083 |   2.126 |    3.168 | 
     | add_131_40_g1564       | A ^ -> CO ^ | ADHM4TP   | 0.084 |   2.211 |    3.253 | 
     | add_131_40_g1563       | A ^ -> CO ^ | ADHM4TP   | 0.085 |   2.296 |    3.338 | 
     | add_131_40_g1562       | A ^ -> CO ^ | ADHM4TP   | 0.081 |   2.377 |    3.419 | 
     | add_131_40_g1561       | A ^ -> CO ^ | ADHM4TP   | 0.081 |   2.458 |    3.500 | 
     | add_131_40_g1560       | A ^ -> CO ^ | ADHM4TP   | 0.082 |   2.540 |    3.582 | 
     | add_131_40_g1559       | A ^ -> CO ^ | ADHM4TP   | 0.082 |   2.623 |    3.665 | 
     | add_131_40_g1558       | A ^ -> CO ^ | ADHM4TP   | 0.084 |   2.707 |    3.749 | 
     | add_131_40_g1557       | A ^ -> CO ^ | ADHM4TP   | 0.082 |   2.789 |    3.831 | 
     | add_131_40_g1556       | A ^ -> CO ^ | ADHM4TP   | 0.081 |   2.870 |    3.912 | 
     | add_131_40_g1555       | A ^ -> CO ^ | ADHM4TP   | 0.081 |   2.951 |    3.993 | 
     | add_131_40_g1554       | A ^ -> CO ^ | ADHM4TP   | 0.083 |   3.034 |    4.076 | 
     | add_131_40_g1553       | A ^ -> CO ^ | ADHM4TP   | 0.084 |   3.118 |    4.160 | 
     | add_131_40_g1552       | A ^ -> CO ^ | ADHM4TP   | 0.084 |   3.201 |    4.243 | 
     | add_131_40_g1551       | A ^ -> CO ^ | ADHM4TP   | 0.084 |   3.286 |    4.328 | 
     | add_131_40_g1550       | A ^ -> CO ^ | ADHM4TP   | 0.081 |   3.367 |    4.409 | 
     | add_131_40_g1549       | A ^ -> CO ^ | ADHM4TP   | 0.082 |   3.448 |    4.490 | 
     | add_131_40_g1548       | A ^ -> CO ^ | ADHM4TP   | 0.081 |   3.529 |    4.571 | 
     | add_131_40_g1547       | A ^ -> CO ^ | ADHM4TP   | 0.083 |   3.612 |    4.654 | 
     | add_131_40_g1546       | A ^ -> CO ^ | ADHM4TP   | 0.081 |   3.693 |    4.735 | 
     | add_131_40_g1545       | A ^ -> CO ^ | ADHM4TP   | 0.088 |   3.781 |    4.823 | 
     | add_131_40_g1544       | A ^ -> CO ^ | ADHM4TP   | 0.086 |   3.867 |    4.908 | 
     | add_131_40_g1543       | A ^ -> CO ^ | ADHM4TP   | 0.084 |   3.951 |    4.993 | 
     | add_131_40_g1542       | A ^ -> CO ^ | ADHM4TP   | 0.082 |   4.033 |    5.074 | 
     | add_131_40_g1541       | A ^ -> CO ^ | ADHM4TP   | 0.082 |   4.115 |    5.157 | 
     | add_131_40_g1540       | A ^ -> CO ^ | ADHM4TP   | 0.083 |   4.198 |    5.239 | 
     | add_131_40_g1539       | A ^ -> CO ^ | ADHM4TP   | 0.081 |   4.279 |    5.320 | 
     | add_131_40_g1538       | A ^ -> CO ^ | ADHM4TP   | 0.081 |   4.359 |    5.401 | 
     | add_131_40_g1537       | A ^ -> CO ^ | ADHM4TP   | 0.081 |   4.440 |    5.482 | 
     | add_131_40_g1536       | A ^ -> CO ^ | ADHM4TP   | 0.084 |   4.525 |    5.567 | 
     | FE_RC_34_0             | A ^ -> Z v  | INVM2TP   | 0.044 |   4.569 |    5.611 | 
     | FE_RC_28_0             | B v -> Z ^  | NR2B1M6TP | 0.048 |   4.617 |    5.659 | 
     | add_131_40_g1532       | A ^ -> CO ^ | ADHM8TP   | 0.106 |   4.724 |    5.765 | 
     | add_131_40_g1531       | A ^ -> CO ^ | ADHM4TP   | 0.097 |   4.821 |    5.863 | 
     | add_131_40_g1530       | A ^ -> CO ^ | ADHM4TP   | 0.082 |   4.903 |    5.945 | 
     | add_131_40_g1529       | A ^ -> CO ^ | ADHM4TP   | 0.083 |   4.986 |    6.028 | 
     | add_131_40_g1528       | A ^ -> CO ^ | ADHM4TP   | 0.086 |   5.073 |    6.115 | 
     | add_131_40_g1527       | A ^ -> CO ^ | ADHM4TP   | 0.082 |   5.155 |    6.197 | 
     | add_131_40_g1526       | A ^ -> CO ^ | ADHM4TP   | 0.081 |   5.236 |    6.278 | 
     | add_131_40_g1525       | A ^ -> CO ^ | ADHM4TP   | 0.080 |   5.316 |    6.358 | 
     | add_131_40_g1524       | A ^ -> CO ^ | ADHM4TP   | 0.082 |   5.398 |    6.440 | 
     | add_131_40_g1523       | A ^ -> CO ^ | ADHM4TP   | 0.084 |   5.482 |    6.524 | 
     | add_131_40_g1522       | A ^ -> CO ^ | ADHM4TP   | 0.082 |   5.564 |    6.606 | 
     | add_131_40_g1521       | A ^ -> CO ^ | ADHM4TP   | 0.083 |   5.647 |    6.688 | 
     | add_131_40_g1520       | A ^ -> CO ^ | ADHM4TP   | 0.081 |   5.727 |    6.769 | 
     | add_131_40_g1519       | A ^ -> CO ^ | ADHM4TP   | 0.081 |   5.808 |    6.850 | 
     | add_131_40_g1518       | A ^ -> CO ^ | ADHM4TP   | 0.097 |   5.905 |    6.947 | 
     | FE_RC_9_0              | A ^ -> Z v  | INVM3TP   | 0.038 |   5.943 |    6.985 | 
     | FE_RC_8_0              | B v -> Z ^  | NR2B1M6TP | 0.051 |   5.995 |    7.036 | 
     | add_131_40_g1515       | A ^ -> CO ^ | ADHM4TP   | 0.087 |   6.082 |    7.123 | 
     | add_131_40_g1514       | A ^ -> CO ^ | ADHM4TP   | 0.083 |   6.165 |    7.206 | 
     | add_131_40_g1513       | A ^ -> CO ^ | ADHM4TP   | 0.084 |   6.248 |    7.290 | 
     | add_131_40_g1512       | A ^ -> CO ^ | ADHM4TP   | 0.083 |   6.331 |    7.373 | 
     | add_131_40_g1511       | A ^ -> CO ^ | ADHM4TP   | 0.081 |   6.412 |    7.454 | 
     | add_131_40_g1510       | A ^ -> CO ^ | ADHM4TP   | 0.081 |   6.493 |    7.535 | 
     | add_131_40_g1509       | A ^ -> CO ^ | ADHM4TP   | 0.082 |   6.575 |    7.617 | 
     | add_131_40_g1508       | A ^ -> CO ^ | ADHM4TP   | 0.087 |   6.662 |    7.703 | 
     | add_131_40_g1507       | A ^ -> CO ^ | ADHM4TP   | 0.084 |   6.746 |    7.787 | 
     | add_131_40_g1506       | A ^ -> CO ^ | ADHM4TP   | 0.080 |   6.826 |    7.868 | 
     | add_131_40_g1505       | A ^ -> CO ^ | ADHM4TP   | 0.080 |   6.906 |    7.948 | 
     | add_131_40_g1504       | A ^ -> CO ^ | ADHM4TP   | 0.080 |   6.986 |    8.028 | 
     | add_131_40_g1503       | A ^ -> CO ^ | ADHM4TP   | 0.081 |   7.067 |    8.109 | 
     | add_131_40_g1502       | A ^ -> CO ^ | ADHM4TP   | 0.081 |   7.147 |    8.189 | 
     | add_131_40_g1501       | A ^ -> CO ^ | ADHM4TP   | 0.079 |   7.227 |    8.269 | 
     | add_131_40_g1500       | A ^ -> CO ^ | ADHM4TP   | 0.083 |   7.310 |    8.352 | 
     | add_131_40_g1499       | A ^ -> CO ^ | ADHM4TP   | 0.083 |   7.393 |    8.435 | 
     | add_131_40_g1498       | A ^ -> CO ^ | ADHM4TP   | 0.081 |   7.474 |    8.516 | 
     | add_131_40_g1497       | A ^ -> CO ^ | ADHM4TP   | 0.081 |   7.555 |    8.597 | 
     | add_131_40_g1496       | A ^ -> CO ^ | ADHM4TP   | 0.080 |   7.634 |    8.676 | 
     | add_131_40_g1495       | A ^ -> CO ^ | ADHM4TP   | 0.081 |   7.716 |    8.757 | 
     | add_131_40_g1494       | A ^ -> CO ^ | ADHM4TP   | 0.085 |   7.800 |    8.842 | 
     | add_131_40_g1493       | A ^ -> CO ^ | ADHM4TP   | 0.083 |   7.883 |    8.925 | 
     | add_131_40_g1492       | A ^ -> CO ^ | ADHM4TP   | 0.082 |   7.966 |    9.007 | 
     | add_131_40_g1491       | A ^ -> CO ^ | ADHM4TP   | 0.082 |   8.047 |    9.089 | 
     | add_131_40_g1490       | A ^ -> CO ^ | ADHM4TP   | 0.082 |   8.129 |    9.171 | 
     | add_131_40_g1489       | A ^ -> CO ^ | ADHM4TP   | 0.085 |   8.214 |    9.256 | 
     | add_131_40_g1488       | A ^ -> CO ^ | ADHM4TP   | 0.085 |   8.299 |    9.341 | 
     | add_131_40_g1487       | A ^ -> CO ^ | ADHM4TP   | 0.085 |   8.384 |    9.425 | 
     | add_131_40_g1486       | A ^ -> CO ^ | ADHM4TP   | 0.081 |   8.465 |    9.507 | 
     | add_131_40_g1485       | A ^ -> CO ^ | ADHM4TP   | 0.079 |   8.544 |    9.586 | 
     | add_131_40_g1484       | A ^ -> CO ^ | ADHM4TP   | 0.080 |   8.623 |    9.665 | 
     | add_131_40_g1483       | A ^ -> S v  | ADHM4TP   | 0.122 |   8.745 |    9.787 | 
     | g76747                 | A2 v -> Z v | AO22M1TP  | 0.190 |   8.935 |    9.977 | 
     | nonce_counter_reg[112] | D v         | DFQRM1TP  | 0.000 |   8.935 |    9.977 | 
     +-------------------------------------------------------------------------------+ 
Path 17: MET Setup Check with Pin nonce_counter_reg[111]/CK 
Endpoint:   nonce_counter_reg[111]/D (v) checked with  leading edge of 'clk'
Beginpoint: nonce_counter_reg[5]/Q   (^) triggered by  leading edge of 'clk'
Path Groups: {clk}
Analysis View: av_setup
Other End Arrival Time          0.000
- Setup                         0.023
+ Phase Shift                  10.000
= Required Time                 9.977
- Arrival Time                  8.856
= Slack Time                    1.121
     Clock Rise Edge                 0.000
     + Clock Network Latency (Ideal) 0.000
     = Beginpoint Arrival Time       0.000
     +-------------------------------------------------------------------------------+ 
     |        Instance        |     Arc     |   Cell    | Delay | Arrival | Required | 
     |                        |             |           |       |  Time   |   Time   | 
     |------------------------+-------------+-----------+-------+---------+----------| 
     | nonce_counter_reg[5]   | CK ^        |           |       |   0.000 |    1.121 | 
     | nonce_counter_reg[5]   | CK ^ -> Q ^ | DFQRM4TP  | 0.231 |   0.231 |    1.352 | 
     | add_131_40_g1591       | B ^ -> Z ^  | AN2M4TP   | 0.105 |   0.336 |    1.457 | 
     | add_131_40_g1589       | A ^ -> CO ^ | ADHM4TP   | 0.084 |   0.421 |    1.542 | 
     | add_131_40_g1588       | A ^ -> CO ^ | ADHM4TP   | 0.083 |   0.504 |    1.625 | 
     | add_131_40_g1587       | A ^ -> CO ^ | ADHM4TP   | 0.086 |   0.589 |    1.710 | 
     | add_131_40_g1586       | A ^ -> CO ^ | ADHM4TP   | 0.083 |   0.673 |    1.794 | 
     | add_131_40_g1585       | A ^ -> CO ^ | ADHM4TP   | 0.080 |   0.752 |    1.873 | 
     | add_131_40_g1584       | A ^ -> CO ^ | ADHM4TP   | 0.089 |   0.842 |    1.963 | 
     | add_131_40_g1583       | A ^ -> CO ^ | ADHM4TP   | 0.087 |   0.928 |    2.049 | 
     | add_131_40_g1582       | A ^ -> CO ^ | ADHM4TP   | 0.080 |   1.008 |    2.129 | 
     | add_131_40_g1581       | A ^ -> CO ^ | ADHM4TP   | 0.079 |   1.088 |    2.209 | 
     | add_131_40_g1580       | A ^ -> CO ^ | ADHM4TP   | 0.089 |   1.176 |    2.297 | 
     | add_131_40_g1579       | A ^ -> CO ^ | ADHM4TP   | 0.085 |   1.261 |    2.382 | 
     | add_131_40_g1578       | A ^ -> CO ^ | ADHM4TP   | 0.080 |   1.341 |    2.462 | 
     | add_131_40_g1577       | A ^ -> CO ^ | ADHM4TP   | 0.080 |   1.422 |    2.543 | 
     | add_131_40_g1576       | A ^ -> CO ^ | ADHM4TP   | 0.085 |   1.506 |    2.627 | 
     | add_131_40_g1575       | A ^ -> CO ^ | ADHM4TP   | 0.084 |   1.590 |    2.711 | 
     | add_131_40_g1574       | A ^ -> CO ^ | ADHM4TP   | 0.082 |   1.672 |    2.793 | 
     | add_131_40_g1573       | A ^ -> CO ^ | ADHM4TP   | 0.086 |   1.758 |    2.879 | 
     | FE_RC_77_0             | A ^ -> Z v  | ND3M6TP   | 0.046 |   1.804 |    2.925 | 
     | FE_RC_65_0             | B v -> Z ^  | NR2B1M6TP | 0.066 |   1.870 |    2.991 | 
     | add_131_40_g1567       | A ^ -> CO ^ | ADHM4TP   | 0.090 |   1.960 |    3.081 | 
     | add_131_40_g1566       | A ^ -> CO ^ | ADHM4TP   | 0.083 |   2.044 |    3.165 | 
     | add_131_40_g1565       | A ^ -> CO ^ | ADHM4TP   | 0.083 |   2.126 |    3.247 | 
     | add_131_40_g1564       | A ^ -> CO ^ | ADHM4TP   | 0.084 |   2.211 |    3.332 | 
     | add_131_40_g1563       | A ^ -> CO ^ | ADHM4TP   | 0.085 |   2.296 |    3.417 | 
     | add_131_40_g1562       | A ^ -> CO ^ | ADHM4TP   | 0.081 |   2.377 |    3.498 | 
     | add_131_40_g1561       | A ^ -> CO ^ | ADHM4TP   | 0.081 |   2.458 |    3.579 | 
     | add_131_40_g1560       | A ^ -> CO ^ | ADHM4TP   | 0.082 |   2.540 |    3.661 | 
     | add_131_40_g1559       | A ^ -> CO ^ | ADHM4TP   | 0.082 |   2.623 |    3.744 | 
     | add_131_40_g1558       | A ^ -> CO ^ | ADHM4TP   | 0.084 |   2.707 |    3.828 | 
     | add_131_40_g1557       | A ^ -> CO ^ | ADHM4TP   | 0.082 |   2.789 |    3.910 | 
     | add_131_40_g1556       | A ^ -> CO ^ | ADHM4TP   | 0.081 |   2.870 |    3.991 | 
     | add_131_40_g1555       | A ^ -> CO ^ | ADHM4TP   | 0.081 |   2.951 |    4.072 | 
     | add_131_40_g1554       | A ^ -> CO ^ | ADHM4TP   | 0.083 |   3.034 |    4.155 | 
     | add_131_40_g1553       | A ^ -> CO ^ | ADHM4TP   | 0.084 |   3.118 |    4.239 | 
     | add_131_40_g1552       | A ^ -> CO ^ | ADHM4TP   | 0.084 |   3.201 |    4.322 | 
     | add_131_40_g1551       | A ^ -> CO ^ | ADHM4TP   | 0.084 |   3.286 |    4.407 | 
     | add_131_40_g1550       | A ^ -> CO ^ | ADHM4TP   | 0.081 |   3.367 |    4.488 | 
     | add_131_40_g1549       | A ^ -> CO ^ | ADHM4TP   | 0.082 |   3.448 |    4.569 | 
     | add_131_40_g1548       | A ^ -> CO ^ | ADHM4TP   | 0.081 |   3.529 |    4.650 | 
     | add_131_40_g1547       | A ^ -> CO ^ | ADHM4TP   | 0.083 |   3.612 |    4.733 | 
     | add_131_40_g1546       | A ^ -> CO ^ | ADHM4TP   | 0.081 |   3.693 |    4.814 | 
     | add_131_40_g1545       | A ^ -> CO ^ | ADHM4TP   | 0.088 |   3.781 |    4.902 | 
     | add_131_40_g1544       | A ^ -> CO ^ | ADHM4TP   | 0.086 |   3.867 |    4.988 | 
     | add_131_40_g1543       | A ^ -> CO ^ | ADHM4TP   | 0.084 |   3.951 |    5.072 | 
     | add_131_40_g1542       | A ^ -> CO ^ | ADHM4TP   | 0.082 |   4.033 |    5.154 | 
     | add_131_40_g1541       | A ^ -> CO ^ | ADHM4TP   | 0.082 |   4.115 |    5.236 | 
     | add_131_40_g1540       | A ^ -> CO ^ | ADHM4TP   | 0.083 |   4.198 |    5.319 | 
     | add_131_40_g1539       | A ^ -> CO ^ | ADHM4TP   | 0.081 |   4.279 |    5.400 | 
     | add_131_40_g1538       | A ^ -> CO ^ | ADHM4TP   | 0.081 |   4.359 |    5.480 | 
     | add_131_40_g1537       | A ^ -> CO ^ | ADHM4TP   | 0.081 |   4.440 |    5.561 | 
     | add_131_40_g1536       | A ^ -> CO ^ | ADHM4TP   | 0.084 |   4.525 |    5.646 | 
     | FE_RC_34_0             | A ^ -> Z v  | INVM2TP   | 0.044 |   4.569 |    5.690 | 
     | FE_RC_28_0             | B v -> Z ^  | NR2B1M6TP | 0.048 |   4.617 |    5.738 | 
     | add_131_40_g1532       | A ^ -> CO ^ | ADHM8TP   | 0.106 |   4.724 |    5.845 | 
     | add_131_40_g1531       | A ^ -> CO ^ | ADHM4TP   | 0.097 |   4.821 |    5.942 | 
     | add_131_40_g1530       | A ^ -> CO ^ | ADHM4TP   | 0.082 |   4.903 |    6.024 | 
     | add_131_40_g1529       | A ^ -> CO ^ | ADHM4TP   | 0.083 |   4.986 |    6.107 | 
     | add_131_40_g1528       | A ^ -> CO ^ | ADHM4TP   | 0.086 |   5.073 |    6.194 | 
     | add_131_40_g1527       | A ^ -> CO ^ | ADHM4TP   | 0.082 |   5.155 |    6.276 | 
     | add_131_40_g1526       | A ^ -> CO ^ | ADHM4TP   | 0.081 |   5.236 |    6.357 | 
     | add_131_40_g1525       | A ^ -> CO ^ | ADHM4TP   | 0.080 |   5.316 |    6.437 | 
     | add_131_40_g1524       | A ^ -> CO ^ | ADHM4TP   | 0.082 |   5.398 |    6.519 | 
     | add_131_40_g1523       | A ^ -> CO ^ | ADHM4TP   | 0.084 |   5.482 |    6.603 | 
     | add_131_40_g1522       | A ^ -> CO ^ | ADHM4TP   | 0.082 |   5.564 |    6.685 | 
     | add_131_40_g1521       | A ^ -> CO ^ | ADHM4TP   | 0.083 |   5.647 |    6.768 | 
     | add_131_40_g1520       | A ^ -> CO ^ | ADHM4TP   | 0.081 |   5.727 |    6.848 | 
     | add_131_40_g1519       | A ^ -> CO ^ | ADHM4TP   | 0.081 |   5.808 |    6.929 | 
     | add_131_40_g1518       | A ^ -> CO ^ | ADHM4TP   | 0.097 |   5.905 |    7.026 | 
     | FE_RC_9_0              | A ^ -> Z v  | INVM3TP   | 0.038 |   5.943 |    7.064 | 
     | FE_RC_8_0              | B v -> Z ^  | NR2B1M6TP | 0.051 |   5.995 |    7.115 | 
     | add_131_40_g1515       | A ^ -> CO ^ | ADHM4TP   | 0.087 |   6.082 |    7.202 | 
     | add_131_40_g1514       | A ^ -> CO ^ | ADHM4TP   | 0.083 |   6.165 |    7.286 | 
     | add_131_40_g1513       | A ^ -> CO ^ | ADHM4TP   | 0.084 |   6.248 |    7.369 | 
     | add_131_40_g1512       | A ^ -> CO ^ | ADHM4TP   | 0.083 |   6.331 |    7.452 | 
     | add_131_40_g1511       | A ^ -> CO ^ | ADHM4TP   | 0.081 |   6.412 |    7.533 | 
     | add_131_40_g1510       | A ^ -> CO ^ | ADHM4TP   | 0.081 |   6.493 |    7.614 | 
     | add_131_40_g1509       | A ^ -> CO ^ | ADHM4TP   | 0.082 |   6.575 |    7.696 | 
     | add_131_40_g1508       | A ^ -> CO ^ | ADHM4TP   | 0.087 |   6.662 |    7.782 | 
     | add_131_40_g1507       | A ^ -> CO ^ | ADHM4TP   | 0.084 |   6.746 |    7.866 | 
     | add_131_40_g1506       | A ^ -> CO ^ | ADHM4TP   | 0.080 |   6.826 |    7.947 | 
     | add_131_40_g1505       | A ^ -> CO ^ | ADHM4TP   | 0.080 |   6.906 |    8.027 | 
     | add_131_40_g1504       | A ^ -> CO ^ | ADHM4TP   | 0.080 |   6.986 |    8.107 | 
     | add_131_40_g1503       | A ^ -> CO ^ | ADHM4TP   | 0.081 |   7.067 |    8.188 | 
     | add_131_40_g1502       | A ^ -> CO ^ | ADHM4TP   | 0.081 |   7.147 |    8.268 | 
     | add_131_40_g1501       | A ^ -> CO ^ | ADHM4TP   | 0.079 |   7.227 |    8.348 | 
     | add_131_40_g1500       | A ^ -> CO ^ | ADHM4TP   | 0.083 |   7.310 |    8.431 | 
     | add_131_40_g1499       | A ^ -> CO ^ | ADHM4TP   | 0.083 |   7.393 |    8.514 | 
     | add_131_40_g1498       | A ^ -> CO ^ | ADHM4TP   | 0.081 |   7.474 |    8.595 | 
     | add_131_40_g1497       | A ^ -> CO ^ | ADHM4TP   | 0.081 |   7.555 |    8.676 | 
     | add_131_40_g1496       | A ^ -> CO ^ | ADHM4TP   | 0.080 |   7.634 |    8.755 | 
     | add_131_40_g1495       | A ^ -> CO ^ | ADHM4TP   | 0.081 |   7.716 |    8.837 | 
     | add_131_40_g1494       | A ^ -> CO ^ | ADHM4TP   | 0.085 |   7.800 |    8.921 | 
     | add_131_40_g1493       | A ^ -> CO ^ | ADHM4TP   | 0.083 |   7.883 |    9.004 | 
     | add_131_40_g1492       | A ^ -> CO ^ | ADHM4TP   | 0.082 |   7.966 |    9.086 | 
     | add_131_40_g1491       | A ^ -> CO ^ | ADHM4TP   | 0.082 |   8.047 |    9.168 | 
     | add_131_40_g1490       | A ^ -> CO ^ | ADHM4TP   | 0.082 |   8.129 |    9.250 | 
     | add_131_40_g1489       | A ^ -> CO ^ | ADHM4TP   | 0.085 |   8.214 |    9.335 | 
     | add_131_40_g1488       | A ^ -> CO ^ | ADHM4TP   | 0.085 |   8.299 |    9.420 | 
     | add_131_40_g1487       | A ^ -> CO ^ | ADHM4TP   | 0.085 |   8.384 |    9.504 | 
     | add_131_40_g1486       | A ^ -> CO ^ | ADHM4TP   | 0.081 |   8.465 |    9.586 | 
     | add_131_40_g1485       | A ^ -> CO ^ | ADHM4TP   | 0.079 |   8.544 |    9.665 | 
     | add_131_40_g1484       | A ^ -> S v  | ADHM4TP   | 0.123 |   8.667 |    9.787 | 
     | g76746                 | A2 v -> Z v | AO22M1TP  | 0.190 |   8.856 |    9.977 | 
     | nonce_counter_reg[111] | D v         | DFQRM1TP  | 0.000 |   8.856 |    9.977 | 
     +-------------------------------------------------------------------------------+ 
Path 18: MET Setup Check with Pin nonce_counter_reg[110]/CK 
Endpoint:   nonce_counter_reg[110]/D (v) checked with  leading edge of 'clk'
Beginpoint: nonce_counter_reg[5]/Q   (^) triggered by  leading edge of 'clk'
Path Groups: {clk}
Analysis View: av_setup
Other End Arrival Time          0.000
- Setup                         0.023
+ Phase Shift                  10.000
= Required Time                 9.977
- Arrival Time                  8.775
= Slack Time                    1.202
     Clock Rise Edge                 0.000
     + Clock Network Latency (Ideal) 0.000
     = Beginpoint Arrival Time       0.000
     +-------------------------------------------------------------------------------+ 
     |        Instance        |     Arc     |   Cell    | Delay | Arrival | Required | 
     |                        |             |           |       |  Time   |   Time   | 
     |------------------------+-------------+-----------+-------+---------+----------| 
     | nonce_counter_reg[5]   | CK ^        |           |       |   0.000 |    1.202 | 
     | nonce_counter_reg[5]   | CK ^ -> Q ^ | DFQRM4TP  | 0.231 |   0.231 |    1.433 | 
     | add_131_40_g1591       | B ^ -> Z ^  | AN2M4TP   | 0.105 |   0.336 |    1.538 | 
     | add_131_40_g1589       | A ^ -> CO ^ | ADHM4TP   | 0.084 |   0.421 |    1.623 | 
     | add_131_40_g1588       | A ^ -> CO ^ | ADHM4TP   | 0.083 |   0.504 |    1.706 | 
     | add_131_40_g1587       | A ^ -> CO ^ | ADHM4TP   | 0.086 |   0.589 |    1.791 | 
     | add_131_40_g1586       | A ^ -> CO ^ | ADHM4TP   | 0.083 |   0.673 |    1.875 | 
     | add_131_40_g1585       | A ^ -> CO ^ | ADHM4TP   | 0.080 |   0.752 |    1.954 | 
     | add_131_40_g1584       | A ^ -> CO ^ | ADHM4TP   | 0.089 |   0.842 |    2.044 | 
     | add_131_40_g1583       | A ^ -> CO ^ | ADHM4TP   | 0.087 |   0.928 |    2.130 | 
     | add_131_40_g1582       | A ^ -> CO ^ | ADHM4TP   | 0.080 |   1.008 |    2.210 | 
     | add_131_40_g1581       | A ^ -> CO ^ | ADHM4TP   | 0.079 |   1.088 |    2.290 | 
     | add_131_40_g1580       | A ^ -> CO ^ | ADHM4TP   | 0.089 |   1.176 |    2.378 | 
     | add_131_40_g1579       | A ^ -> CO ^ | ADHM4TP   | 0.085 |   1.261 |    2.463 | 
     | add_131_40_g1578       | A ^ -> CO ^ | ADHM4TP   | 0.080 |   1.341 |    2.543 | 
     | add_131_40_g1577       | A ^ -> CO ^ | ADHM4TP   | 0.080 |   1.422 |    2.624 | 
     | add_131_40_g1576       | A ^ -> CO ^ | ADHM4TP   | 0.085 |   1.506 |    2.708 | 
     | add_131_40_g1575       | A ^ -> CO ^ | ADHM4TP   | 0.084 |   1.590 |    2.792 | 
     | add_131_40_g1574       | A ^ -> CO ^ | ADHM4TP   | 0.082 |   1.672 |    2.874 | 
     | add_131_40_g1573       | A ^ -> CO ^ | ADHM4TP   | 0.086 |   1.758 |    2.960 | 
     | FE_RC_77_0             | A ^ -> Z v  | ND3M6TP   | 0.046 |   1.804 |    3.006 | 
     | FE_RC_65_0             | B v -> Z ^  | NR2B1M6TP | 0.066 |   1.870 |    3.072 | 
     | add_131_40_g1567       | A ^ -> CO ^ | ADHM4TP   | 0.090 |   1.960 |    3.162 | 
     | add_131_40_g1566       | A ^ -> CO ^ | ADHM4TP   | 0.083 |   2.044 |    3.246 | 
     | add_131_40_g1565       | A ^ -> CO ^ | ADHM4TP   | 0.083 |   2.126 |    3.328 | 
     | add_131_40_g1564       | A ^ -> CO ^ | ADHM4TP   | 0.084 |   2.211 |    3.413 | 
     | add_131_40_g1563       | A ^ -> CO ^ | ADHM4TP   | 0.085 |   2.296 |    3.498 | 
     | add_131_40_g1562       | A ^ -> CO ^ | ADHM4TP   | 0.081 |   2.377 |    3.579 | 
     | add_131_40_g1561       | A ^ -> CO ^ | ADHM4TP   | 0.081 |   2.458 |    3.660 | 
     | add_131_40_g1560       | A ^ -> CO ^ | ADHM4TP   | 0.082 |   2.540 |    3.742 | 
     | add_131_40_g1559       | A ^ -> CO ^ | ADHM4TP   | 0.082 |   2.623 |    3.825 | 
     | add_131_40_g1558       | A ^ -> CO ^ | ADHM4TP   | 0.084 |   2.707 |    3.909 | 
     | add_131_40_g1557       | A ^ -> CO ^ | ADHM4TP   | 0.082 |   2.789 |    3.991 | 
     | add_131_40_g1556       | A ^ -> CO ^ | ADHM4TP   | 0.081 |   2.870 |    4.072 | 
     | add_131_40_g1555       | A ^ -> CO ^ | ADHM4TP   | 0.081 |   2.951 |    4.153 | 
     | add_131_40_g1554       | A ^ -> CO ^ | ADHM4TP   | 0.083 |   3.034 |    4.236 | 
     | add_131_40_g1553       | A ^ -> CO ^ | ADHM4TP   | 0.084 |   3.118 |    4.320 | 
     | add_131_40_g1552       | A ^ -> CO ^ | ADHM4TP   | 0.084 |   3.201 |    4.403 | 
     | add_131_40_g1551       | A ^ -> CO ^ | ADHM4TP   | 0.084 |   3.286 |    4.488 | 
     | add_131_40_g1550       | A ^ -> CO ^ | ADHM4TP   | 0.081 |   3.367 |    4.569 | 
     | add_131_40_g1549       | A ^ -> CO ^ | ADHM4TP   | 0.082 |   3.448 |    4.650 | 
     | add_131_40_g1548       | A ^ -> CO ^ | ADHM4TP   | 0.081 |   3.529 |    4.731 | 
     | add_131_40_g1547       | A ^ -> CO ^ | ADHM4TP   | 0.083 |   3.612 |    4.814 | 
     | add_131_40_g1546       | A ^ -> CO ^ | ADHM4TP   | 0.081 |   3.693 |    4.895 | 
     | add_131_40_g1545       | A ^ -> CO ^ | ADHM4TP   | 0.088 |   3.781 |    4.983 | 
     | add_131_40_g1544       | A ^ -> CO ^ | ADHM4TP   | 0.086 |   3.867 |    5.069 | 
     | add_131_40_g1543       | A ^ -> CO ^ | ADHM4TP   | 0.084 |   3.951 |    5.153 | 
     | add_131_40_g1542       | A ^ -> CO ^ | ADHM4TP   | 0.082 |   4.033 |    5.235 | 
     | add_131_40_g1541       | A ^ -> CO ^ | ADHM4TP   | 0.082 |   4.115 |    5.317 | 
     | add_131_40_g1540       | A ^ -> CO ^ | ADHM4TP   | 0.083 |   4.198 |    5.400 | 
     | add_131_40_g1539       | A ^ -> CO ^ | ADHM4TP   | 0.081 |   4.279 |    5.481 | 
     | add_131_40_g1538       | A ^ -> CO ^ | ADHM4TP   | 0.081 |   4.359 |    5.561 | 
     | add_131_40_g1537       | A ^ -> CO ^ | ADHM4TP   | 0.081 |   4.440 |    5.642 | 
     | add_131_40_g1536       | A ^ -> CO ^ | ADHM4TP   | 0.084 |   4.525 |    5.727 | 
     | FE_RC_34_0             | A ^ -> Z v  | INVM2TP   | 0.044 |   4.569 |    5.771 | 
     | FE_RC_28_0             | B v -> Z ^  | NR2B1M6TP | 0.048 |   4.617 |    5.819 | 
     | add_131_40_g1532       | A ^ -> CO ^ | ADHM8TP   | 0.106 |   4.724 |    5.926 | 
     | add_131_40_g1531       | A ^ -> CO ^ | ADHM4TP   | 0.097 |   4.821 |    6.023 | 
     | add_131_40_g1530       | A ^ -> CO ^ | ADHM4TP   | 0.082 |   4.903 |    6.105 | 
     | add_131_40_g1529       | A ^ -> CO ^ | ADHM4TP   | 0.083 |   4.986 |    6.188 | 
     | add_131_40_g1528       | A ^ -> CO ^ | ADHM4TP   | 0.086 |   5.073 |    6.275 | 
     | add_131_40_g1527       | A ^ -> CO ^ | ADHM4TP   | 0.082 |   5.155 |    6.357 | 
     | add_131_40_g1526       | A ^ -> CO ^ | ADHM4TP   | 0.081 |   5.236 |    6.438 | 
     | add_131_40_g1525       | A ^ -> CO ^ | ADHM4TP   | 0.080 |   5.316 |    6.518 | 
     | add_131_40_g1524       | A ^ -> CO ^ | ADHM4TP   | 0.082 |   5.398 |    6.600 | 
     | add_131_40_g1523       | A ^ -> CO ^ | ADHM4TP   | 0.084 |   5.482 |    6.684 | 
     | add_131_40_g1522       | A ^ -> CO ^ | ADHM4TP   | 0.082 |   5.564 |    6.766 | 
     | add_131_40_g1521       | A ^ -> CO ^ | ADHM4TP   | 0.083 |   5.647 |    6.849 | 
     | add_131_40_g1520       | A ^ -> CO ^ | ADHM4TP   | 0.081 |   5.727 |    6.929 | 
     | add_131_40_g1519       | A ^ -> CO ^ | ADHM4TP   | 0.081 |   5.808 |    7.010 | 
     | add_131_40_g1518       | A ^ -> CO ^ | ADHM4TP   | 0.097 |   5.905 |    7.107 | 
     | FE_RC_9_0              | A ^ -> Z v  | INVM3TP   | 0.038 |   5.943 |    7.145 | 
     | FE_RC_8_0              | B v -> Z ^  | NR2B1M6TP | 0.051 |   5.995 |    7.196 | 
     | add_131_40_g1515       | A ^ -> CO ^ | ADHM4TP   | 0.087 |   6.082 |    7.283 | 
     | add_131_40_g1514       | A ^ -> CO ^ | ADHM4TP   | 0.083 |   6.165 |    7.367 | 
     | add_131_40_g1513       | A ^ -> CO ^ | ADHM4TP   | 0.084 |   6.248 |    7.450 | 
     | add_131_40_g1512       | A ^ -> CO ^ | ADHM4TP   | 0.083 |   6.331 |    7.533 | 
     | add_131_40_g1511       | A ^ -> CO ^ | ADHM4TP   | 0.081 |   6.412 |    7.614 | 
     | add_131_40_g1510       | A ^ -> CO ^ | ADHM4TP   | 0.081 |   6.493 |    7.695 | 
     | add_131_40_g1509       | A ^ -> CO ^ | ADHM4TP   | 0.082 |   6.575 |    7.777 | 
     | add_131_40_g1508       | A ^ -> CO ^ | ADHM4TP   | 0.087 |   6.662 |    7.863 | 
     | add_131_40_g1507       | A ^ -> CO ^ | ADHM4TP   | 0.084 |   6.746 |    7.947 | 
     | add_131_40_g1506       | A ^ -> CO ^ | ADHM4TP   | 0.080 |   6.826 |    8.028 | 
     | add_131_40_g1505       | A ^ -> CO ^ | ADHM4TP   | 0.080 |   6.906 |    8.108 | 
     | add_131_40_g1504       | A ^ -> CO ^ | ADHM4TP   | 0.080 |   6.986 |    8.188 | 
     | add_131_40_g1503       | A ^ -> CO ^ | ADHM4TP   | 0.081 |   7.067 |    8.269 | 
     | add_131_40_g1502       | A ^ -> CO ^ | ADHM4TP   | 0.081 |   7.147 |    8.349 | 
     | add_131_40_g1501       | A ^ -> CO ^ | ADHM4TP   | 0.079 |   7.227 |    8.429 | 
     | add_131_40_g1500       | A ^ -> CO ^ | ADHM4TP   | 0.083 |   7.310 |    8.512 | 
     | add_131_40_g1499       | A ^ -> CO ^ | ADHM4TP   | 0.083 |   7.393 |    8.595 | 
     | add_131_40_g1498       | A ^ -> CO ^ | ADHM4TP   | 0.081 |   7.474 |    8.676 | 
     | add_131_40_g1497       | A ^ -> CO ^ | ADHM4TP   | 0.081 |   7.555 |    8.757 | 
     | add_131_40_g1496       | A ^ -> CO ^ | ADHM4TP   | 0.080 |   7.634 |    8.836 | 
     | add_131_40_g1495       | A ^ -> CO ^ | ADHM4TP   | 0.081 |   7.716 |    8.918 | 
     | add_131_40_g1494       | A ^ -> CO ^ | ADHM4TP   | 0.085 |   7.800 |    9.002 | 
     | add_131_40_g1493       | A ^ -> CO ^ | ADHM4TP   | 0.083 |   7.883 |    9.085 | 
     | add_131_40_g1492       | A ^ -> CO ^ | ADHM4TP   | 0.082 |   7.966 |    9.167 | 
     | add_131_40_g1491       | A ^ -> CO ^ | ADHM4TP   | 0.082 |   8.047 |    9.249 | 
     | add_131_40_g1490       | A ^ -> CO ^ | ADHM4TP   | 0.082 |   8.129 |    9.331 | 
     | add_131_40_g1489       | A ^ -> CO ^ | ADHM4TP   | 0.085 |   8.214 |    9.416 | 
     | add_131_40_g1488       | A ^ -> CO ^ | ADHM4TP   | 0.085 |   8.299 |    9.501 | 
     | add_131_40_g1487       | A ^ -> CO ^ | ADHM4TP   | 0.085 |   8.384 |    9.585 | 
     | add_131_40_g1486       | A ^ -> CO ^ | ADHM4TP   | 0.081 |   8.465 |    9.667 | 
     | add_131_40_g1485       | A ^ -> S v  | ADHM4TP   | 0.122 |   8.586 |    9.788 | 
     | g76745                 | A2 v -> Z v | AO22M1TP  | 0.189 |   8.775 |    9.977 | 
     | nonce_counter_reg[110] | D v         | DFQRM1TP  | 0.000 |   8.775 |    9.977 | 
     +-------------------------------------------------------------------------------+ 
Path 19: MET Setup Check with Pin nonce_counter_reg[109]/CK 
Endpoint:   nonce_counter_reg[109]/D (v) checked with  leading edge of 'clk'
Beginpoint: nonce_counter_reg[5]/Q   (^) triggered by  leading edge of 'clk'
Path Groups: {clk}
Analysis View: av_setup
Other End Arrival Time          0.000
- Setup                         0.024
+ Phase Shift                  10.000
= Required Time                 9.976
- Arrival Time                  8.697
= Slack Time                    1.279
     Clock Rise Edge                 0.000
     + Clock Network Latency (Ideal) 0.000
     = Beginpoint Arrival Time       0.000
     +-------------------------------------------------------------------------------+ 
     |        Instance        |     Arc     |   Cell    | Delay | Arrival | Required | 
     |                        |             |           |       |  Time   |   Time   | 
     |------------------------+-------------+-----------+-------+---------+----------| 
     | nonce_counter_reg[5]   | CK ^        |           |       |   0.000 |    1.279 | 
     | nonce_counter_reg[5]   | CK ^ -> Q ^ | DFQRM4TP  | 0.231 |   0.231 |    1.511 | 
     | add_131_40_g1591       | B ^ -> Z ^  | AN2M4TP   | 0.105 |   0.336 |    1.615 | 
     | add_131_40_g1589       | A ^ -> CO ^ | ADHM4TP   | 0.084 |   0.421 |    1.700 | 
     | add_131_40_g1588       | A ^ -> CO ^ | ADHM4TP   | 0.083 |   0.504 |    1.783 | 
     | add_131_40_g1587       | A ^ -> CO ^ | ADHM4TP   | 0.086 |   0.589 |    1.869 | 
     | add_131_40_g1586       | A ^ -> CO ^ | ADHM4TP   | 0.083 |   0.673 |    1.952 | 
     | add_131_40_g1585       | A ^ -> CO ^ | ADHM4TP   | 0.080 |   0.752 |    2.032 | 
     | add_131_40_g1584       | A ^ -> CO ^ | ADHM4TP   | 0.089 |   0.842 |    2.121 | 
     | add_131_40_g1583       | A ^ -> CO ^ | ADHM4TP   | 0.087 |   0.928 |    2.207 | 
     | add_131_40_g1582       | A ^ -> CO ^ | ADHM4TP   | 0.080 |   1.008 |    2.288 | 
     | add_131_40_g1581       | A ^ -> CO ^ | ADHM4TP   | 0.079 |   1.088 |    2.367 | 
     | add_131_40_g1580       | A ^ -> CO ^ | ADHM4TP   | 0.089 |   1.176 |    2.456 | 
     | add_131_40_g1579       | A ^ -> CO ^ | ADHM4TP   | 0.085 |   1.261 |    2.540 | 
     | add_131_40_g1578       | A ^ -> CO ^ | ADHM4TP   | 0.080 |   1.341 |    2.620 | 
     | add_131_40_g1577       | A ^ -> CO ^ | ADHM4TP   | 0.080 |   1.422 |    2.701 | 
     | add_131_40_g1576       | A ^ -> CO ^ | ADHM4TP   | 0.085 |   1.506 |    2.786 | 
     | add_131_40_g1575       | A ^ -> CO ^ | ADHM4TP   | 0.084 |   1.590 |    2.869 | 
     | add_131_40_g1574       | A ^ -> CO ^ | ADHM4TP   | 0.082 |   1.672 |    2.951 | 
     | add_131_40_g1573       | A ^ -> CO ^ | ADHM4TP   | 0.086 |   1.758 |    3.037 | 
     | FE_RC_77_0             | A ^ -> Z v  | ND3M6TP   | 0.046 |   1.804 |    3.083 | 
     | FE_RC_65_0             | B v -> Z ^  | NR2B1M6TP | 0.066 |   1.870 |    3.149 | 
     | add_131_40_g1567       | A ^ -> CO ^ | ADHM4TP   | 0.090 |   1.960 |    3.240 | 
     | add_131_40_g1566       | A ^ -> CO ^ | ADHM4TP   | 0.083 |   2.044 |    3.323 | 
     | add_131_40_g1565       | A ^ -> CO ^ | ADHM4TP   | 0.083 |   2.126 |    3.405 | 
     | add_131_40_g1564       | A ^ -> CO ^ | ADHM4TP   | 0.084 |   2.211 |    3.490 | 
     | add_131_40_g1563       | A ^ -> CO ^ | ADHM4TP   | 0.085 |   2.296 |    3.575 | 
     | add_131_40_g1562       | A ^ -> CO ^ | ADHM4TP   | 0.081 |   2.377 |    3.656 | 
     | add_131_40_g1561       | A ^ -> CO ^ | ADHM4TP   | 0.081 |   2.458 |    3.738 | 
     | add_131_40_g1560       | A ^ -> CO ^ | ADHM4TP   | 0.082 |   2.540 |    3.820 | 
     | add_131_40_g1559       | A ^ -> CO ^ | ADHM4TP   | 0.082 |   2.623 |    3.902 | 
     | add_131_40_g1558       | A ^ -> CO ^ | ADHM4TP   | 0.084 |   2.707 |    3.986 | 
     | add_131_40_g1557       | A ^ -> CO ^ | ADHM4TP   | 0.082 |   2.789 |    4.068 | 
     | add_131_40_g1556       | A ^ -> CO ^ | ADHM4TP   | 0.081 |   2.870 |    4.150 | 
     | add_131_40_g1555       | A ^ -> CO ^ | ADHM4TP   | 0.081 |   2.951 |    4.230 | 
     | add_131_40_g1554       | A ^ -> CO ^ | ADHM4TP   | 0.083 |   3.034 |    4.313 | 
     | add_131_40_g1553       | A ^ -> CO ^ | ADHM4TP   | 0.084 |   3.118 |    4.397 | 
     | add_131_40_g1552       | A ^ -> CO ^ | ADHM4TP   | 0.084 |   3.201 |    4.481 | 
     | add_131_40_g1551       | A ^ -> CO ^ | ADHM4TP   | 0.084 |   3.286 |    4.565 | 
     | add_131_40_g1550       | A ^ -> CO ^ | ADHM4TP   | 0.081 |   3.367 |    4.646 | 
     | add_131_40_g1549       | A ^ -> CO ^ | ADHM4TP   | 0.082 |   3.448 |    4.728 | 
     | add_131_40_g1548       | A ^ -> CO ^ | ADHM4TP   | 0.081 |   3.529 |    4.809 | 
     | add_131_40_g1547       | A ^ -> CO ^ | ADHM4TP   | 0.083 |   3.612 |    4.891 | 
     | add_131_40_g1546       | A ^ -> CO ^ | ADHM4TP   | 0.081 |   3.693 |    4.972 | 
     | add_131_40_g1545       | A ^ -> CO ^ | ADHM4TP   | 0.088 |   3.781 |    5.060 | 
     | add_131_40_g1544       | A ^ -> CO ^ | ADHM4TP   | 0.086 |   3.867 |    5.146 | 
     | add_131_40_g1543       | A ^ -> CO ^ | ADHM4TP   | 0.084 |   3.951 |    5.230 | 
     | add_131_40_g1542       | A ^ -> CO ^ | ADHM4TP   | 0.082 |   4.033 |    5.312 | 
     | add_131_40_g1541       | A ^ -> CO ^ | ADHM4TP   | 0.082 |   4.115 |    5.394 | 
     | add_131_40_g1540       | A ^ -> CO ^ | ADHM4TP   | 0.083 |   4.198 |    5.477 | 
     | add_131_40_g1539       | A ^ -> CO ^ | ADHM4TP   | 0.081 |   4.279 |    5.558 | 
     | add_131_40_g1538       | A ^ -> CO ^ | ADHM4TP   | 0.081 |   4.359 |    5.638 | 
     | add_131_40_g1537       | A ^ -> CO ^ | ADHM4TP   | 0.081 |   4.440 |    5.720 | 
     | add_131_40_g1536       | A ^ -> CO ^ | ADHM4TP   | 0.084 |   4.525 |    5.804 | 
     | FE_RC_34_0             | A ^ -> Z v  | INVM2TP   | 0.044 |   4.569 |    5.848 | 
     | FE_RC_28_0             | B v -> Z ^  | NR2B1M6TP | 0.048 |   4.617 |    5.896 | 
     | add_131_40_g1532       | A ^ -> CO ^ | ADHM8TP   | 0.106 |   4.724 |    6.003 | 
     | add_131_40_g1531       | A ^ -> CO ^ | ADHM4TP   | 0.097 |   4.821 |    6.100 | 
     | add_131_40_g1530       | A ^ -> CO ^ | ADHM4TP   | 0.082 |   4.903 |    6.182 | 
     | add_131_40_g1529       | A ^ -> CO ^ | ADHM4TP   | 0.083 |   4.986 |    6.266 | 
     | add_131_40_g1528       | A ^ -> CO ^ | ADHM4TP   | 0.086 |   5.073 |    6.352 | 
     | add_131_40_g1527       | A ^ -> CO ^ | ADHM4TP   | 0.082 |   5.155 |    6.434 | 
     | add_131_40_g1526       | A ^ -> CO ^ | ADHM4TP   | 0.081 |   5.236 |    6.515 | 
     | add_131_40_g1525       | A ^ -> CO ^ | ADHM4TP   | 0.080 |   5.316 |    6.595 | 
     | add_131_40_g1524       | A ^ -> CO ^ | ADHM4TP   | 0.082 |   5.398 |    6.677 | 
     | add_131_40_g1523       | A ^ -> CO ^ | ADHM4TP   | 0.084 |   5.482 |    6.761 | 
     | add_131_40_g1522       | A ^ -> CO ^ | ADHM4TP   | 0.082 |   5.564 |    6.843 | 
     | add_131_40_g1521       | A ^ -> CO ^ | ADHM4TP   | 0.083 |   5.647 |    6.926 | 
     | add_131_40_g1520       | A ^ -> CO ^ | ADHM4TP   | 0.081 |   5.727 |    7.007 | 
     | add_131_40_g1519       | A ^ -> CO ^ | ADHM4TP   | 0.081 |   5.808 |    7.087 | 
     | add_131_40_g1518       | A ^ -> CO ^ | ADHM4TP   | 0.097 |   5.905 |    7.185 | 
     | FE_RC_9_0              | A ^ -> Z v  | INVM3TP   | 0.038 |   5.943 |    7.223 | 
     | FE_RC_8_0              | B v -> Z ^  | NR2B1M6TP | 0.051 |   5.995 |    7.274 | 
     | add_131_40_g1515       | A ^ -> CO ^ | ADHM4TP   | 0.087 |   6.082 |    7.361 | 
     | add_131_40_g1514       | A ^ -> CO ^ | ADHM4TP   | 0.083 |   6.165 |    7.444 | 
     | add_131_40_g1513       | A ^ -> CO ^ | ADHM4TP   | 0.084 |   6.248 |    7.527 | 
     | add_131_40_g1512       | A ^ -> CO ^ | ADHM4TP   | 0.083 |   6.331 |    7.610 | 
     | add_131_40_g1511       | A ^ -> CO ^ | ADHM4TP   | 0.081 |   6.412 |    7.691 | 
     | add_131_40_g1510       | A ^ -> CO ^ | ADHM4TP   | 0.081 |   6.493 |    7.772 | 
     | add_131_40_g1509       | A ^ -> CO ^ | ADHM4TP   | 0.082 |   6.575 |    7.854 | 
     | add_131_40_g1508       | A ^ -> CO ^ | ADHM4TP   | 0.087 |   6.662 |    7.941 | 
     | add_131_40_g1507       | A ^ -> CO ^ | ADHM4TP   | 0.084 |   6.746 |    8.025 | 
     | add_131_40_g1506       | A ^ -> CO ^ | ADHM4TP   | 0.080 |   6.826 |    8.105 | 
     | add_131_40_g1505       | A ^ -> CO ^ | ADHM4TP   | 0.080 |   6.906 |    8.185 | 
     | add_131_40_g1504       | A ^ -> CO ^ | ADHM4TP   | 0.080 |   6.986 |    8.265 | 
     | add_131_40_g1503       | A ^ -> CO ^ | ADHM4TP   | 0.081 |   7.067 |    8.346 | 
     | add_131_40_g1502       | A ^ -> CO ^ | ADHM4TP   | 0.081 |   7.147 |    8.427 | 
     | add_131_40_g1501       | A ^ -> CO ^ | ADHM4TP   | 0.079 |   7.227 |    8.506 | 
     | add_131_40_g1500       | A ^ -> CO ^ | ADHM4TP   | 0.083 |   7.310 |    8.589 | 
     | add_131_40_g1499       | A ^ -> CO ^ | ADHM4TP   | 0.083 |   7.393 |    8.672 | 
     | add_131_40_g1498       | A ^ -> CO ^ | ADHM4TP   | 0.081 |   7.474 |    8.753 | 
     | add_131_40_g1497       | A ^ -> CO ^ | ADHM4TP   | 0.081 |   7.555 |    8.834 | 
     | add_131_40_g1496       | A ^ -> CO ^ | ADHM4TP   | 0.080 |   7.634 |    8.913 | 
     | add_131_40_g1495       | A ^ -> CO ^ | ADHM4TP   | 0.081 |   7.716 |    8.995 | 
     | add_131_40_g1494       | A ^ -> CO ^ | ADHM4TP   | 0.085 |   7.800 |    9.079 | 
     | add_131_40_g1493       | A ^ -> CO ^ | ADHM4TP   | 0.083 |   7.883 |    9.162 | 
     | add_131_40_g1492       | A ^ -> CO ^ | ADHM4TP   | 0.082 |   7.966 |    9.245 | 
     | add_131_40_g1491       | A ^ -> CO ^ | ADHM4TP   | 0.082 |   8.047 |    9.326 | 
     | add_131_40_g1490       | A ^ -> CO ^ | ADHM4TP   | 0.082 |   8.129 |    9.408 | 
     | add_131_40_g1489       | A ^ -> CO ^ | ADHM4TP   | 0.085 |   8.214 |    9.493 | 
     | add_131_40_g1488       | A ^ -> CO ^ | ADHM4TP   | 0.085 |   8.299 |    9.578 | 
     | add_131_40_g1487       | A ^ -> CO ^ | ADHM4TP   | 0.085 |   8.384 |    9.663 | 
     | add_131_40_g1486       | A ^ -> S v  | ADHM4TP   | 0.122 |   8.506 |    9.785 | 
     | g76744                 | A2 v -> Z v | AO22M1TP  | 0.191 |   8.697 |    9.976 | 
     | nonce_counter_reg[109] | D v         | DFQRM1TP  | 0.000 |   8.697 |    9.976 | 
     +-------------------------------------------------------------------------------+ 
Path 20: MET Setup Check with Pin nonce_counter_reg[108]/CK 
Endpoint:   nonce_counter_reg[108]/D (v) checked with  leading edge of 'clk'
Beginpoint: nonce_counter_reg[5]/Q   (^) triggered by  leading edge of 'clk'
Path Groups: {clk}
Analysis View: av_setup
Other End Arrival Time          0.000
- Setup                         0.026
+ Phase Shift                  10.000
= Required Time                 9.974
- Arrival Time                  8.623
= Slack Time                    1.351
     Clock Rise Edge                 0.000
     + Clock Network Latency (Ideal) 0.000
     = Beginpoint Arrival Time       0.000
     +-------------------------------------------------------------------------------+ 
     |        Instance        |     Arc     |   Cell    | Delay | Arrival | Required | 
     |                        |             |           |       |  Time   |   Time   | 
     |------------------------+-------------+-----------+-------+---------+----------| 
     | nonce_counter_reg[5]   | CK ^        |           |       |   0.000 |    1.351 | 
     | nonce_counter_reg[5]   | CK ^ -> Q ^ | DFQRM4TP  | 0.231 |   0.231 |    1.582 | 
     | add_131_40_g1591       | B ^ -> Z ^  | AN2M4TP   | 0.105 |   0.336 |    1.687 | 
     | add_131_40_g1589       | A ^ -> CO ^ | ADHM4TP   | 0.084 |   0.421 |    1.771 | 
     | add_131_40_g1588       | A ^ -> CO ^ | ADHM4TP   | 0.083 |   0.504 |    1.854 | 
     | add_131_40_g1587       | A ^ -> CO ^ | ADHM4TP   | 0.086 |   0.589 |    1.940 | 
     | add_131_40_g1586       | A ^ -> CO ^ | ADHM4TP   | 0.083 |   0.673 |    2.023 | 
     | add_131_40_g1585       | A ^ -> CO ^ | ADHM4TP   | 0.080 |   0.752 |    2.103 | 
     | add_131_40_g1584       | A ^ -> CO ^ | ADHM4TP   | 0.089 |   0.842 |    2.192 | 
     | add_131_40_g1583       | A ^ -> CO ^ | ADHM4TP   | 0.087 |   0.928 |    2.279 | 
     | add_131_40_g1582       | A ^ -> CO ^ | ADHM4TP   | 0.080 |   1.008 |    2.359 | 
     | add_131_40_g1581       | A ^ -> CO ^ | ADHM4TP   | 0.079 |   1.088 |    2.438 | 
     | add_131_40_g1580       | A ^ -> CO ^ | ADHM4TP   | 0.089 |   1.176 |    2.527 | 
     | add_131_40_g1579       | A ^ -> CO ^ | ADHM4TP   | 0.085 |   1.261 |    2.612 | 
     | add_131_40_g1578       | A ^ -> CO ^ | ADHM4TP   | 0.080 |   1.341 |    2.692 | 
     | add_131_40_g1577       | A ^ -> CO ^ | ADHM4TP   | 0.080 |   1.422 |    2.772 | 
     | add_131_40_g1576       | A ^ -> CO ^ | ADHM4TP   | 0.085 |   1.506 |    2.857 | 
     | add_131_40_g1575       | A ^ -> CO ^ | ADHM4TP   | 0.084 |   1.590 |    2.941 | 
     | add_131_40_g1574       | A ^ -> CO ^ | ADHM4TP   | 0.082 |   1.672 |    3.023 | 
     | add_131_40_g1573       | A ^ -> CO ^ | ADHM4TP   | 0.086 |   1.758 |    3.108 | 
     | FE_RC_77_0             | A ^ -> Z v  | ND3M6TP   | 0.046 |   1.804 |    3.154 | 
     | FE_RC_65_0             | B v -> Z ^  | NR2B1M6TP | 0.066 |   1.870 |    3.221 | 
     | add_131_40_g1567       | A ^ -> CO ^ | ADHM4TP   | 0.090 |   1.960 |    3.311 | 
     | add_131_40_g1566       | A ^ -> CO ^ | ADHM4TP   | 0.083 |   2.044 |    3.394 | 
     | add_131_40_g1565       | A ^ -> CO ^ | ADHM4TP   | 0.083 |   2.126 |    3.477 | 
     | add_131_40_g1564       | A ^ -> CO ^ | ADHM4TP   | 0.084 |   2.211 |    3.561 | 
     | add_131_40_g1563       | A ^ -> CO ^ | ADHM4TP   | 0.085 |   2.296 |    3.646 | 
     | add_131_40_g1562       | A ^ -> CO ^ | ADHM4TP   | 0.081 |   2.377 |    3.728 | 
     | add_131_40_g1561       | A ^ -> CO ^ | ADHM4TP   | 0.081 |   2.458 |    3.809 | 
     | add_131_40_g1560       | A ^ -> CO ^ | ADHM4TP   | 0.082 |   2.540 |    3.891 | 
     | add_131_40_g1559       | A ^ -> CO ^ | ADHM4TP   | 0.082 |   2.623 |    3.973 | 
     | add_131_40_g1558       | A ^ -> CO ^ | ADHM4TP   | 0.084 |   2.707 |    4.057 | 
     | add_131_40_g1557       | A ^ -> CO ^ | ADHM4TP   | 0.082 |   2.789 |    4.140 | 
     | add_131_40_g1556       | A ^ -> CO ^ | ADHM4TP   | 0.081 |   2.870 |    4.221 | 
     | add_131_40_g1555       | A ^ -> CO ^ | ADHM4TP   | 0.081 |   2.951 |    4.302 | 
     | add_131_40_g1554       | A ^ -> CO ^ | ADHM4TP   | 0.083 |   3.034 |    4.384 | 
     | add_131_40_g1553       | A ^ -> CO ^ | ADHM4TP   | 0.084 |   3.118 |    4.468 | 
     | add_131_40_g1552       | A ^ -> CO ^ | ADHM4TP   | 0.084 |   3.201 |    4.552 | 
     | add_131_40_g1551       | A ^ -> CO ^ | ADHM4TP   | 0.084 |   3.286 |    4.636 | 
     | add_131_40_g1550       | A ^ -> CO ^ | ADHM4TP   | 0.081 |   3.367 |    4.717 | 
     | add_131_40_g1549       | A ^ -> CO ^ | ADHM4TP   | 0.082 |   3.448 |    4.799 | 
     | add_131_40_g1548       | A ^ -> CO ^ | ADHM4TP   | 0.081 |   3.529 |    4.880 | 
     | add_131_40_g1547       | A ^ -> CO ^ | ADHM4TP   | 0.083 |   3.612 |    4.963 | 
     | add_131_40_g1546       | A ^ -> CO ^ | ADHM4TP   | 0.081 |   3.693 |    5.044 | 
     | add_131_40_g1545       | A ^ -> CO ^ | ADHM4TP   | 0.088 |   3.781 |    5.132 | 
     | add_131_40_g1544       | A ^ -> CO ^ | ADHM4TP   | 0.086 |   3.867 |    5.217 | 
     | add_131_40_g1543       | A ^ -> CO ^ | ADHM4TP   | 0.084 |   3.951 |    5.302 | 
     | add_131_40_g1542       | A ^ -> CO ^ | ADHM4TP   | 0.082 |   4.033 |    5.383 | 
     | add_131_40_g1541       | A ^ -> CO ^ | ADHM4TP   | 0.082 |   4.115 |    5.465 | 
     | add_131_40_g1540       | A ^ -> CO ^ | ADHM4TP   | 0.083 |   4.198 |    5.548 | 
     | add_131_40_g1539       | A ^ -> CO ^ | ADHM4TP   | 0.081 |   4.279 |    5.629 | 
     | add_131_40_g1538       | A ^ -> CO ^ | ADHM4TP   | 0.081 |   4.359 |    5.710 | 
     | add_131_40_g1537       | A ^ -> CO ^ | ADHM4TP   | 0.081 |   4.440 |    5.791 | 
     | add_131_40_g1536       | A ^ -> CO ^ | ADHM4TP   | 0.084 |   4.525 |    5.875 | 
     | FE_RC_34_0             | A ^ -> Z v  | INVM2TP   | 0.044 |   4.569 |    5.920 | 
     | FE_RC_28_0             | B v -> Z ^  | NR2B1M6TP | 0.048 |   4.617 |    5.968 | 
     | add_131_40_g1532       | A ^ -> CO ^ | ADHM8TP   | 0.106 |   4.724 |    6.074 | 
     | add_131_40_g1531       | A ^ -> CO ^ | ADHM4TP   | 0.097 |   4.821 |    6.172 | 
     | add_131_40_g1530       | A ^ -> CO ^ | ADHM4TP   | 0.082 |   4.903 |    6.254 | 
     | add_131_40_g1529       | A ^ -> CO ^ | ADHM4TP   | 0.083 |   4.986 |    6.337 | 
     | add_131_40_g1528       | A ^ -> CO ^ | ADHM4TP   | 0.086 |   5.073 |    6.423 | 
     | add_131_40_g1527       | A ^ -> CO ^ | ADHM4TP   | 0.082 |   5.155 |    6.506 | 
     | add_131_40_g1526       | A ^ -> CO ^ | ADHM4TP   | 0.081 |   5.236 |    6.586 | 
     | add_131_40_g1525       | A ^ -> CO ^ | ADHM4TP   | 0.080 |   5.316 |    6.667 | 
     | add_131_40_g1524       | A ^ -> CO ^ | ADHM4TP   | 0.082 |   5.398 |    6.749 | 
     | add_131_40_g1523       | A ^ -> CO ^ | ADHM4TP   | 0.084 |   5.482 |    6.833 | 
     | add_131_40_g1522       | A ^ -> CO ^ | ADHM4TP   | 0.082 |   5.564 |    6.914 | 
     | add_131_40_g1521       | A ^ -> CO ^ | ADHM4TP   | 0.083 |   5.647 |    6.997 | 
     | add_131_40_g1520       | A ^ -> CO ^ | ADHM4TP   | 0.081 |   5.727 |    7.078 | 
     | add_131_40_g1519       | A ^ -> CO ^ | ADHM4TP   | 0.081 |   5.808 |    7.159 | 
     | add_131_40_g1518       | A ^ -> CO ^ | ADHM4TP   | 0.097 |   5.905 |    7.256 | 
     | FE_RC_9_0              | A ^ -> Z v  | INVM3TP   | 0.038 |   5.943 |    7.294 | 
     | FE_RC_8_0              | B v -> Z ^  | NR2B1M6TP | 0.051 |   5.995 |    7.345 | 
     | add_131_40_g1515       | A ^ -> CO ^ | ADHM4TP   | 0.087 |   6.082 |    7.432 | 
     | add_131_40_g1514       | A ^ -> CO ^ | ADHM4TP   | 0.083 |   6.165 |    7.515 | 
     | add_131_40_g1513       | A ^ -> CO ^ | ADHM4TP   | 0.084 |   6.248 |    7.599 | 
     | add_131_40_g1512       | A ^ -> CO ^ | ADHM4TP   | 0.083 |   6.331 |    7.682 | 
     | add_131_40_g1511       | A ^ -> CO ^ | ADHM4TP   | 0.081 |   6.412 |    7.763 | 
     | add_131_40_g1510       | A ^ -> CO ^ | ADHM4TP   | 0.081 |   6.493 |    7.844 | 
     | add_131_40_g1509       | A ^ -> CO ^ | ADHM4TP   | 0.082 |   6.575 |    7.925 | 
     | add_131_40_g1508       | A ^ -> CO ^ | ADHM4TP   | 0.087 |   6.662 |    8.012 | 
     | add_131_40_g1507       | A ^ -> CO ^ | ADHM4TP   | 0.084 |   6.746 |    8.096 | 
     | add_131_40_g1506       | A ^ -> CO ^ | ADHM4TP   | 0.080 |   6.826 |    8.176 | 
     | add_131_40_g1505       | A ^ -> CO ^ | ADHM4TP   | 0.080 |   6.906 |    8.256 | 
     | add_131_40_g1504       | A ^ -> CO ^ | ADHM4TP   | 0.080 |   6.986 |    8.336 | 
     | add_131_40_g1503       | A ^ -> CO ^ | ADHM4TP   | 0.081 |   7.067 |    8.417 | 
     | add_131_40_g1502       | A ^ -> CO ^ | ADHM4TP   | 0.081 |   7.147 |    8.498 | 
     | add_131_40_g1501       | A ^ -> CO ^ | ADHM4TP   | 0.079 |   7.227 |    8.577 | 
     | add_131_40_g1500       | A ^ -> CO ^ | ADHM4TP   | 0.083 |   7.310 |    8.661 | 
     | add_131_40_g1499       | A ^ -> CO ^ | ADHM4TP   | 0.083 |   7.393 |    8.744 | 
     | add_131_40_g1498       | A ^ -> CO ^ | ADHM4TP   | 0.081 |   7.474 |    8.825 | 
     | add_131_40_g1497       | A ^ -> CO ^ | ADHM4TP   | 0.081 |   7.555 |    8.905 | 
     | add_131_40_g1496       | A ^ -> CO ^ | ADHM4TP   | 0.080 |   7.634 |    8.985 | 
     | add_131_40_g1495       | A ^ -> CO ^ | ADHM4TP   | 0.081 |   7.716 |    9.066 | 
     | add_131_40_g1494       | A ^ -> CO ^ | ADHM4TP   | 0.085 |   7.800 |    9.151 | 
     | add_131_40_g1493       | A ^ -> CO ^ | ADHM4TP   | 0.083 |   7.883 |    9.234 | 
     | add_131_40_g1492       | A ^ -> CO ^ | ADHM4TP   | 0.082 |   7.966 |    9.316 | 
     | add_131_40_g1491       | A ^ -> CO ^ | ADHM4TP   | 0.082 |   8.047 |    9.398 | 
     | add_131_40_g1490       | A ^ -> CO ^ | ADHM4TP   | 0.082 |   8.129 |    9.480 | 
     | add_131_40_g1489       | A ^ -> CO ^ | ADHM4TP   | 0.085 |   8.214 |    9.564 | 
     | add_131_40_g1488       | A ^ -> CO ^ | ADHM4TP   | 0.085 |   8.299 |    9.649 | 
     | add_131_40_g1487       | A ^ -> S v  | ADHM4TP   | 0.123 |   8.421 |    9.772 | 
     | g76743                 | A2 v -> Z v | AO22M1TP  | 0.201 |   8.623 |    9.973 | 
     | nonce_counter_reg[108] | D v         | DFQRM1TP  | 0.000 |   8.623 |    9.974 | 
     +-------------------------------------------------------------------------------+ 

