###############################################################
#  Generated by:      Cadence Innovus 21.19-s058_1
#  OS:                Linux x86_64(Host ID c2s3.gectcr.ac.in)
#  Generated on:      Wed Apr 22 15:03:23 2026
#  Design:            top_dht11_ascon_uart
#  Command:           report_timing -view av_setup -max_paths 20 > $REPORT_DIR/setup_wc.rpt
###############################################################
Path 1: MET Setup Check with Pin nonce_counter_reg[126]/CK 
Endpoint:   nonce_counter_reg[126]/D (v) checked with  leading edge of 'clk'
Beginpoint: nonce_counter_reg[5]/Q   (^) triggered by  leading edge of 'clk'
Path Groups: {clk}
Analysis View: av_setup
Other End Arrival Time          0.000
- Setup                         0.016
+ Phase Shift                  10.000
= Required Time                 9.984
- Arrival Time                  9.754
= Slack Time                    0.231
     Clock Rise Edge                 0.000
     + Clock Network Latency (Ideal) 0.000
     = Beginpoint Arrival Time       0.000
     +-------------------------------------------------------------------------------+ 
     |        Instance        |     Arc     |   Cell    | Delay | Arrival | Required | 
     |                        |             |           |       |  Time   |   Time   | 
     |------------------------+-------------+-----------+-------+---------+----------| 
     | nonce_counter_reg[5]   | CK ^        |           |       |   0.000 |    0.231 | 
     | nonce_counter_reg[5]   | CK ^ -> Q ^ | DFQRM4TP  | 0.224 |   0.224 |    0.455 | 
     | add_131_40_g1591       | B ^ -> Z ^  | AN2M4TP   | 0.100 |   0.325 |    0.555 | 
     | add_131_40_g1589       | A ^ -> CO ^ | ADHM4TP   | 0.084 |   0.409 |    0.639 | 
     | add_131_40_g1588       | A ^ -> CO ^ | ADHM4TP   | 0.081 |   0.490 |    0.721 | 
     | add_131_40_g1587       | A ^ -> CO ^ | ADHM4TP   | 0.083 |   0.573 |    0.803 | 
     | add_131_40_g1586       | A ^ -> CO ^ | ADHM4TP   | 0.081 |   0.654 |    0.885 | 
     | add_131_40_g1585       | A ^ -> CO ^ | ADHM4TP   | 0.079 |   0.733 |    0.963 | 
     | add_131_40_g1584       | A ^ -> CO ^ | ADHM4TP   | 0.087 |   0.820 |    1.050 | 
     | add_131_40_g1583       | A ^ -> CO ^ | ADHM4TP   | 0.084 |   0.904 |    1.135 | 
     | add_131_40_g1582       | A ^ -> CO ^ | ADHM4TP   | 0.079 |   0.983 |    1.213 | 
     | add_131_40_g1581       | A ^ -> CO ^ | ADHM4TP   | 0.078 |   1.061 |    1.292 | 
     | add_131_40_g1580       | A ^ -> CO ^ | ADHM4TP   | 0.085 |   1.146 |    1.377 | 
     | add_131_40_g1579       | A ^ -> CO ^ | ADHM4TP   | 0.083 |   1.229 |    1.459 | 
     | add_131_40_g1578       | A ^ -> CO ^ | ADHM4TP   | 0.078 |   1.307 |    1.538 | 
     | add_131_40_g1577       | A ^ -> CO ^ | ADHM4TP   | 0.078 |   1.385 |    1.616 | 
     | add_131_40_g1576       | A ^ -> CO ^ | ADHM4TP   | 0.082 |   1.467 |    1.698 | 
     | add_131_40_g1575       | A ^ -> CO ^ | ADHM4TP   | 0.082 |   1.549 |    1.780 | 
     | add_131_40_g1574       | A ^ -> CO ^ | ADHM4TP   | 0.080 |   1.630 |    1.860 | 
     | add_131_40_g1573       | A ^ -> CO ^ | ADHM4TP   | 0.086 |   1.716 |    1.946 | 
     | FE_RC_77_0             | A ^ -> Z v  | ND3M6TP   | 0.045 |   1.760 |    1.991 | 
     | FE_RC_65_0             | B v -> Z ^  | NR2B1M6TP | 0.063 |   1.823 |    2.054 | 
     | add_131_40_g1567       | A ^ -> CO ^ | ADHM4TP   | 0.088 |   1.911 |    2.142 | 
     | add_131_40_g1566       | A ^ -> CO ^ | ADHM4TP   | 0.081 |   1.992 |    2.223 | 
     | add_131_40_g1565       | A ^ -> CO ^ | ADHM4TP   | 0.080 |   2.072 |    2.303 | 
     | add_131_40_g1564       | A ^ -> CO ^ | ADHM4TP   | 0.082 |   2.154 |    2.385 | 
     | add_131_40_g1563       | A ^ -> CO ^ | ADHM4TP   | 0.081 |   2.235 |    2.466 | 
     | add_131_40_g1562       | A ^ -> CO ^ | ADHM4TP   | 0.079 |   2.315 |    2.545 | 
     | add_131_40_g1561       | A ^ -> CO ^ | ADHM4TP   | 0.079 |   2.394 |    2.624 | 
     | add_131_40_g1560       | A ^ -> CO ^ | ADHM4TP   | 0.080 |   2.473 |    2.704 | 
     | add_131_40_g1559       | A ^ -> CO ^ | ADHM4TP   | 0.079 |   2.552 |    2.783 | 
     | add_131_40_g1558       | A ^ -> CO ^ | ADHM4TP   | 0.082 |   2.635 |    2.865 | 
     | add_131_40_g1557       | A ^ -> CO ^ | ADHM4TP   | 0.081 |   2.716 |    2.947 | 
     | add_131_40_g1556       | A ^ -> CO ^ | ADHM4TP   | 0.080 |   2.796 |    3.027 | 
     | add_131_40_g1555       | A ^ -> CO ^ | ADHM4TP   | 0.080 |   2.877 |    3.107 | 
     | add_131_40_g1554       | A ^ -> CO ^ | ADHM4TP   | 0.081 |   2.958 |    3.188 | 
     | add_131_40_g1553       | A ^ -> CO ^ | ADHM4TP   | 0.081 |   3.038 |    3.269 | 
     | add_131_40_g1552       | A ^ -> CO ^ | ADHM4TP   | 0.080 |   3.119 |    3.350 | 
     | add_131_40_g1551       | A ^ -> CO ^ | ADHM4TP   | 0.082 |   3.201 |    3.432 | 
     | add_131_40_g1550       | A ^ -> CO ^ | ADHM4TP   | 0.080 |   3.281 |    3.512 | 
     | add_131_40_g1549       | A ^ -> CO ^ | ADHM4TP   | 0.082 |   3.363 |    3.594 | 
     | add_131_40_g1548       | A ^ -> CO ^ | ADHM4TP   | 0.081 |   3.444 |    3.675 | 
     | add_131_40_g1547       | A ^ -> CO ^ | ADHM4TP   | 0.082 |   3.526 |    3.757 | 
     | add_131_40_g1546       | A ^ -> CO ^ | ADHM4TP   | 0.080 |   3.606 |    3.837 | 
     | add_131_40_g1545       | A ^ -> CO ^ | ADHM4TP   | 0.085 |   3.691 |    3.922 | 
     | add_131_40_g1544       | A ^ -> CO ^ | ADHM4TP   | 0.082 |   3.773 |    4.004 | 
     | add_131_40_g1543       | A ^ -> CO ^ | ADHM4TP   | 0.080 |   3.853 |    4.084 | 
     | add_131_40_g1542       | A ^ -> CO ^ | ADHM4TP   | 0.078 |   3.932 |    4.162 | 
     | add_131_40_g1541       | A ^ -> CO ^ | ADHM4TP   | 0.080 |   4.012 |    4.243 | 
     | add_131_40_g1540       | A ^ -> CO ^ | ADHM4TP   | 0.081 |   4.093 |    4.324 | 
     | add_131_40_g1539       | A ^ -> CO ^ | ADHM4TP   | 0.080 |   4.172 |    4.403 | 
     | add_131_40_g1538       | A ^ -> CO ^ | ADHM4TP   | 0.079 |   4.252 |    4.482 | 
     | add_131_40_g1537       | A ^ -> CO ^ | ADHM4TP   | 0.079 |   4.331 |    4.561 | 
     | add_131_40_g1536       | A ^ -> CO ^ | ADHM4TP   | 0.085 |   4.416 |    4.646 | 
     | FE_RC_34_0             | A ^ -> Z v  | INVM2TP   | 0.045 |   4.460 |    4.691 | 
     | FE_RC_28_0             | B v -> Z ^  | NR2B1M6TP | 0.048 |   4.508 |    4.739 | 
     | add_131_40_g1532       | A ^ -> CO ^ | ADHM8TP   | 0.102 |   4.611 |    4.841 | 
     | add_131_40_g1531       | A ^ -> CO ^ | ADHM4TP   | 0.094 |   4.704 |    4.935 | 
     | add_131_40_g1530       | A ^ -> CO ^ | ADHM4TP   | 0.080 |   4.785 |    5.016 | 
     | add_131_40_g1529       | A ^ -> CO ^ | ADHM4TP   | 0.082 |   4.866 |    5.097 | 
     | add_131_40_g1528       | A ^ -> CO ^ | ADHM4TP   | 0.084 |   4.950 |    5.181 | 
     | add_131_40_g1527       | A ^ -> CO ^ | ADHM4TP   | 0.081 |   5.031 |    5.262 | 
     | add_131_40_g1526       | A ^ -> CO ^ | ADHM4TP   | 0.078 |   5.109 |    5.340 | 
     | add_131_40_g1525       | A ^ -> CO ^ | ADHM4TP   | 0.078 |   5.187 |    5.417 | 
     | add_131_40_g1524       | A ^ -> CO ^ | ADHM4TP   | 0.081 |   5.267 |    5.498 | 
     | add_131_40_g1523       | A ^ -> CO ^ | ADHM4TP   | 0.081 |   5.348 |    5.579 | 
     | add_131_40_g1522       | A ^ -> CO ^ | ADHM4TP   | 0.079 |   5.427 |    5.658 | 
     | add_131_40_g1521       | A ^ -> CO ^ | ADHM4TP   | 0.079 |   5.506 |    5.736 | 
     | add_131_40_g1520       | A ^ -> CO ^ | ADHM4TP   | 0.079 |   5.584 |    5.815 | 
     | add_131_40_g1519       | A ^ -> CO ^ | ADHM4TP   | 0.081 |   5.665 |    5.896 | 
     | add_131_40_g1518       | A ^ -> CO ^ | ADHM4TP   | 0.099 |   5.764 |    5.995 | 
     | FE_RC_9_0              | A ^ -> Z v  | INVM3TP   | 0.038 |   5.802 |    6.033 | 
     | FE_RC_8_0              | B v -> Z ^  | NR2B1M6TP | 0.048 |   5.850 |    6.081 | 
     | add_131_40_g1515       | A ^ -> CO ^ | ADHM4TP   | 0.085 |   5.935 |    6.166 | 
     | add_131_40_g1514       | A ^ -> CO ^ | ADHM4TP   | 0.081 |   6.016 |    6.247 | 
     | add_131_40_g1513       | A ^ -> CO ^ | ADHM4TP   | 0.082 |   6.098 |    6.329 | 
     | add_131_40_g1512       | A ^ -> CO ^ | ADHM4TP   | 0.082 |   6.180 |    6.411 | 
     | add_131_40_g1511       | A ^ -> CO ^ | ADHM4TP   | 0.081 |   6.261 |    6.492 | 
     | add_131_40_g1510       | A ^ -> CO ^ | ADHM4TP   | 0.080 |   6.341 |    6.572 | 
     | add_131_40_g1509       | A ^ -> CO ^ | ADHM4TP   | 0.079 |   6.421 |    6.651 | 
     | add_131_40_g1508       | A ^ -> CO ^ | ADHM4TP   | 0.086 |   6.506 |    6.737 | 
     | add_131_40_g1507       | A ^ -> CO ^ | ADHM4TP   | 0.083 |   6.589 |    6.820 | 
     | add_131_40_g1506       | A ^ -> CO ^ | ADHM4TP   | 0.080 |   6.670 |    6.900 | 
     | add_131_40_g1505       | A ^ -> CO ^ | ADHM4TP   | 0.079 |   6.748 |    6.979 | 
     | add_131_40_g1504       | A ^ -> CO ^ | ADHM4TP   | 0.079 |   6.827 |    7.058 | 
     | add_131_40_g1503       | A ^ -> CO ^ | ADHM4TP   | 0.080 |   6.907 |    7.138 | 
     | add_131_40_g1502       | A ^ -> CO ^ | ADHM4TP   | 0.079 |   6.986 |    7.217 | 
     | add_131_40_g1501       | A ^ -> CO ^ | ADHM4TP   | 0.079 |   7.065 |    7.296 | 
     | add_131_40_g1500       | A ^ -> CO ^ | ADHM4TP   | 0.082 |   7.148 |    7.379 | 
     | add_131_40_g1499       | A ^ -> CO ^ | ADHM4TP   | 0.081 |   7.229 |    7.460 | 
     | add_131_40_g1498       | A ^ -> CO ^ | ADHM4TP   | 0.079 |   7.308 |    7.538 | 
     | add_131_40_g1497       | A ^ -> CO ^ | ADHM4TP   | 0.079 |   7.386 |    7.617 | 
     | add_131_40_g1496       | A ^ -> CO ^ | ADHM4TP   | 0.079 |   7.465 |    7.696 | 
     | add_131_40_g1495       | A ^ -> CO ^ | ADHM4TP   | 0.080 |   7.545 |    7.776 | 
     | add_131_40_g1494       | A ^ -> CO ^ | ADHM4TP   | 0.082 |   7.627 |    7.858 | 
     | add_131_40_g1493       | A ^ -> CO ^ | ADHM4TP   | 0.080 |   7.708 |    7.938 | 
     | add_131_40_g1492       | A ^ -> CO ^ | ADHM4TP   | 0.080 |   7.787 |    8.018 | 
     | add_131_40_g1491       | A ^ -> CO ^ | ADHM4TP   | 0.079 |   7.866 |    8.097 | 
     | add_131_40_g1490       | A ^ -> CO ^ | ADHM4TP   | 0.080 |   7.946 |    8.177 | 
     | add_131_40_g1489       | A ^ -> CO ^ | ADHM4TP   | 0.081 |   8.027 |    8.258 | 
     | add_131_40_g1488       | A ^ -> CO ^ | ADHM4TP   | 0.082 |   8.109 |    8.340 | 
     | add_131_40_g1487       | A ^ -> CO ^ | ADHM4TP   | 0.083 |   8.192 |    8.422 | 
     | add_131_40_g1486       | A ^ -> CO ^ | ADHM4TP   | 0.080 |   8.271 |    8.502 | 
     | add_131_40_g1485       | A ^ -> CO ^ | ADHM4TP   | 0.078 |   8.350 |    8.580 | 
     | add_131_40_g1484       | A ^ -> CO ^ | ADHM4TP   | 0.079 |   8.429 |    8.659 | 
     | add_131_40_g1483       | A ^ -> CO ^ | ADHM4TP   | 0.079 |   8.507 |    8.738 | 
     | add_131_40_g1482       | A ^ -> CO ^ | ADHM4TP   | 0.091 |   8.598 |    8.829 | 
     | FE_RC_49_0             | A ^ -> Z v  | INVM2TP   | 0.038 |   8.636 |    8.867 | 
     | FE_RC_48_0             | B v -> Z ^  | NR2B1M4TP | 0.056 |   8.692 |    8.923 | 
     | add_131_40_g1478       | A ^ -> CO ^ | ADHM4TP   | 0.090 |   8.782 |    9.013 | 
     | add_131_40_g1477       | A ^ -> CO ^ | ADHM4TP   | 0.080 |   8.863 |    9.093 | 
     | add_131_40_g1476       | A ^ -> CO ^ | ADHM4TP   | 0.084 |   8.947 |    9.177 | 
     | add_131_40_g1475       | A ^ -> CO ^ | ADHM4TP   | 0.081 |   9.028 |    9.258 | 
     | add_131_40_g1474       | A ^ -> CO ^ | ADHM4TP   | 0.076 |   9.104 |    9.334 | 
     | add_131_40_g1473       | A ^ -> CO ^ | ADHM2TP   | 0.099 |   9.202 |    9.433 | 
     | add_131_40_g1472       | A ^ -> CO ^ | ADHM4TP   | 0.083 |   9.285 |    9.516 | 
     | add_131_40_g1471       | A ^ -> CO ^ | ADHM2TP   | 0.101 |   9.386 |    9.617 | 
     | add_131_40_g1470       | A ^ -> CO ^ | ADHM4TP   | 0.090 |   9.476 |    9.707 | 
     | add_131_40_g1469       | A ^ -> Z v  | ND2M3TP   | 0.047 |   9.523 |    9.754 | 
     | FE_RC_6_0              | B v -> Z ^  | OAI21M1TP | 0.067 |   9.590 |    9.821 | 
     | FE_OFC248_RN_1_0       | A ^ -> Z v  | INVM1TP   | 0.047 |   9.637 |    9.868 | 
     | FE_RC_5_0              | B1 v -> Z v | AO22M2TP  | 0.116 |   9.754 |    9.984 | 
     | nonce_counter_reg[126] | D v         | DFQRM1TP  | 0.000 |   9.754 |    9.984 | 
     +-------------------------------------------------------------------------------+ 
Path 2: MET Setup Check with Pin nonce_counter_reg[127]/CK 
Endpoint:   nonce_counter_reg[127]/D (v) checked with  leading edge of 'clk'
Beginpoint: nonce_counter_reg[5]/Q   (^) triggered by  leading edge of 'clk'
Path Groups: {clk}
Analysis View: av_setup
Other End Arrival Time          0.000
- Setup                         0.015
+ Phase Shift                  10.000
= Required Time                 9.985
- Arrival Time                  9.750
= Slack Time                    0.235
     Clock Rise Edge                 0.000
     + Clock Network Latency (Ideal) 0.000
     = Beginpoint Arrival Time       0.000
     +-------------------------------------------------------------------------------+ 
     |        Instance        |     Arc     |   Cell    | Delay | Arrival | Required | 
     |                        |             |           |       |  Time   |   Time   | 
     |------------------------+-------------+-----------+-------+---------+----------| 
     | nonce_counter_reg[5]   | CK ^        |           |       |   0.000 |    0.235 | 
     | nonce_counter_reg[5]   | CK ^ -> Q ^ | DFQRM4TP  | 0.224 |   0.224 |    0.459 | 
     | add_131_40_g1591       | B ^ -> Z ^  | AN2M4TP   | 0.100 |   0.324 |    0.560 | 
     | add_131_40_g1589       | A ^ -> CO ^ | ADHM4TP   | 0.084 |   0.409 |    0.644 | 
     | add_131_40_g1588       | A ^ -> CO ^ | ADHM4TP   | 0.081 |   0.490 |    0.725 | 
     | add_131_40_g1587       | A ^ -> CO ^ | ADHM4TP   | 0.083 |   0.573 |    0.808 | 
     | add_131_40_g1586       | A ^ -> CO ^ | ADHM4TP   | 0.081 |   0.654 |    0.889 | 
     | add_131_40_g1585       | A ^ -> CO ^ | ADHM4TP   | 0.079 |   0.733 |    0.968 | 
     | add_131_40_g1584       | A ^ -> CO ^ | ADHM4TP   | 0.087 |   0.820 |    1.055 | 
     | add_131_40_g1583       | A ^ -> CO ^ | ADHM4TP   | 0.084 |   0.904 |    1.139 | 
     | add_131_40_g1582       | A ^ -> CO ^ | ADHM4TP   | 0.079 |   0.983 |    1.218 | 
     | add_131_40_g1581       | A ^ -> CO ^ | ADHM4TP   | 0.078 |   1.061 |    1.296 | 
     | add_131_40_g1580       | A ^ -> CO ^ | ADHM4TP   | 0.085 |   1.146 |    1.381 | 
     | add_131_40_g1579       | A ^ -> CO ^ | ADHM4TP   | 0.083 |   1.229 |    1.464 | 
     | add_131_40_g1578       | A ^ -> CO ^ | ADHM4TP   | 0.078 |   1.307 |    1.542 | 
     | add_131_40_g1577       | A ^ -> CO ^ | ADHM4TP   | 0.078 |   1.385 |    1.620 | 
     | add_131_40_g1576       | A ^ -> CO ^ | ADHM4TP   | 0.082 |   1.467 |    1.703 | 
     | add_131_40_g1575       | A ^ -> CO ^ | ADHM4TP   | 0.082 |   1.549 |    1.785 | 
     | add_131_40_g1574       | A ^ -> CO ^ | ADHM4TP   | 0.080 |   1.629 |    1.865 | 
     | add_131_40_g1573       | A ^ -> CO ^ | ADHM4TP   | 0.086 |   1.716 |    1.951 | 
     | FE_RC_77_0             | A ^ -> Z v  | ND3M6TP   | 0.045 |   1.760 |    1.995 | 
     | FE_RC_65_0             | B v -> Z ^  | NR2B1M6TP | 0.063 |   1.823 |    2.058 | 
     | add_131_40_g1567       | A ^ -> CO ^ | ADHM4TP   | 0.088 |   1.911 |    2.146 | 
     | add_131_40_g1566       | A ^ -> CO ^ | ADHM4TP   | 0.081 |   1.992 |    2.227 | 
     | add_131_40_g1565       | A ^ -> CO ^ | ADHM4TP   | 0.080 |   2.072 |    2.308 | 
     | add_131_40_g1564       | A ^ -> CO ^ | ADHM4TP   | 0.082 |   2.154 |    2.389 | 
     | add_131_40_g1563       | A ^ -> CO ^ | ADHM4TP   | 0.081 |   2.235 |    2.470 | 
     | add_131_40_g1562       | A ^ -> CO ^ | ADHM4TP   | 0.079 |   2.314 |    2.550 | 
     | add_131_40_g1561       | A ^ -> CO ^ | ADHM4TP   | 0.079 |   2.393 |    2.629 | 
     | add_131_40_g1560       | A ^ -> CO ^ | ADHM4TP   | 0.080 |   2.473 |    2.708 | 
     | add_131_40_g1559       | A ^ -> CO ^ | ADHM4TP   | 0.079 |   2.552 |    2.788 | 
     | add_131_40_g1558       | A ^ -> CO ^ | ADHM4TP   | 0.082 |   2.635 |    2.870 | 
     | add_131_40_g1557       | A ^ -> CO ^ | ADHM4TP   | 0.081 |   2.716 |    2.951 | 
     | add_131_40_g1556       | A ^ -> CO ^ | ADHM4TP   | 0.080 |   2.796 |    3.032 | 
     | add_131_40_g1555       | A ^ -> CO ^ | ADHM4TP   | 0.080 |   2.877 |    3.112 | 
     | add_131_40_g1554       | A ^ -> CO ^ | ADHM4TP   | 0.081 |   2.958 |    3.193 | 
     | add_131_40_g1553       | A ^ -> CO ^ | ADHM4TP   | 0.081 |   3.038 |    3.274 | 
     | add_131_40_g1552       | A ^ -> CO ^ | ADHM4TP   | 0.080 |   3.119 |    3.354 | 
     | add_131_40_g1551       | A ^ -> CO ^ | ADHM4TP   | 0.082 |   3.201 |    3.437 | 
     | add_131_40_g1550       | A ^ -> CO ^ | ADHM4TP   | 0.080 |   3.281 |    3.517 | 
     | add_131_40_g1549       | A ^ -> CO ^ | ADHM4TP   | 0.082 |   3.363 |    3.599 | 
     | add_131_40_g1548       | A ^ -> CO ^ | ADHM4TP   | 0.081 |   3.444 |    3.680 | 
     | add_131_40_g1547       | A ^ -> CO ^ | ADHM4TP   | 0.082 |   3.526 |    3.761 | 
     | add_131_40_g1546       | A ^ -> CO ^ | ADHM4TP   | 0.080 |   3.606 |    3.841 | 
     | add_131_40_g1545       | A ^ -> CO ^ | ADHM4TP   | 0.085 |   3.691 |    3.927 | 
     | add_131_40_g1544       | A ^ -> CO ^ | ADHM4TP   | 0.082 |   3.773 |    4.008 | 
     | add_131_40_g1543       | A ^ -> CO ^ | ADHM4TP   | 0.080 |   3.853 |    4.088 | 
     | add_131_40_g1542       | A ^ -> CO ^ | ADHM4TP   | 0.078 |   3.932 |    4.167 | 
     | add_131_40_g1541       | A ^ -> CO ^ | ADHM4TP   | 0.080 |   4.012 |    4.247 | 
     | add_131_40_g1540       | A ^ -> CO ^ | ADHM4TP   | 0.081 |   4.093 |    4.328 | 
     | add_131_40_g1539       | A ^ -> CO ^ | ADHM4TP   | 0.080 |   4.172 |    4.408 | 
     | add_131_40_g1538       | A ^ -> CO ^ | ADHM4TP   | 0.079 |   4.252 |    4.487 | 
     | add_131_40_g1537       | A ^ -> CO ^ | ADHM4TP   | 0.079 |   4.331 |    4.566 | 
     | add_131_40_g1536       | A ^ -> CO ^ | ADHM4TP   | 0.085 |   4.416 |    4.651 | 
     | FE_RC_34_0             | A ^ -> Z v  | INVM2TP   | 0.045 |   4.460 |    4.696 | 
     | FE_RC_28_0             | B v -> Z ^  | NR2B1M6TP | 0.048 |   4.508 |    4.744 | 
     | add_131_40_g1532       | A ^ -> CO ^ | ADHM8TP   | 0.102 |   4.611 |    4.846 | 
     | add_131_40_g1531       | A ^ -> CO ^ | ADHM4TP   | 0.094 |   4.704 |    4.940 | 
     | add_131_40_g1530       | A ^ -> CO ^ | ADHM4TP   | 0.080 |   4.785 |    5.020 | 
     | add_131_40_g1529       | A ^ -> CO ^ | ADHM4TP   | 0.082 |   4.866 |    5.102 | 
     | add_131_40_g1528       | A ^ -> CO ^ | ADHM4TP   | 0.084 |   4.950 |    5.186 | 
     | add_131_40_g1527       | A ^ -> CO ^ | ADHM4TP   | 0.081 |   5.031 |    5.266 | 
     | add_131_40_g1526       | A ^ -> CO ^ | ADHM4TP   | 0.078 |   5.109 |    5.344 | 
     | add_131_40_g1525       | A ^ -> CO ^ | ADHM4TP   | 0.078 |   5.187 |    5.422 | 
     | add_131_40_g1524       | A ^ -> CO ^ | ADHM4TP   | 0.081 |   5.267 |    5.503 | 
     | add_131_40_g1523       | A ^ -> CO ^ | ADHM4TP   | 0.081 |   5.348 |    5.583 | 
     | add_131_40_g1522       | A ^ -> CO ^ | ADHM4TP   | 0.079 |   5.427 |    5.662 | 
     | add_131_40_g1521       | A ^ -> CO ^ | ADHM4TP   | 0.079 |   5.506 |    5.741 | 
     | add_131_40_g1520       | A ^ -> CO ^ | ADHM4TP   | 0.079 |   5.584 |    5.820 | 
     | add_131_40_g1519       | A ^ -> CO ^ | ADHM4TP   | 0.081 |   5.665 |    5.900 | 
     | add_131_40_g1518       | A ^ -> CO ^ | ADHM4TP   | 0.099 |   5.764 |    5.999 | 
     | FE_RC_9_0              | A ^ -> Z v  | INVM3TP   | 0.038 |   5.802 |    6.037 | 
     | FE_RC_8_0              | B v -> Z ^  | NR2B1M6TP | 0.048 |   5.850 |    6.085 | 
     | add_131_40_g1515       | A ^ -> CO ^ | ADHM4TP   | 0.085 |   5.935 |    6.170 | 
     | add_131_40_g1514       | A ^ -> CO ^ | ADHM4TP   | 0.081 |   6.016 |    6.252 | 
     | add_131_40_g1513       | A ^ -> CO ^ | ADHM4TP   | 0.082 |   6.098 |    6.333 | 
     | add_131_40_g1512       | A ^ -> CO ^ | ADHM4TP   | 0.082 |   6.180 |    6.416 | 
     | add_131_40_g1511       | A ^ -> CO ^ | ADHM4TP   | 0.081 |   6.261 |    6.496 | 
     | add_131_40_g1510       | A ^ -> CO ^ | ADHM4TP   | 0.080 |   6.341 |    6.576 | 
     | add_131_40_g1509       | A ^ -> CO ^ | ADHM4TP   | 0.079 |   6.420 |    6.656 | 
     | add_131_40_g1508       | A ^ -> CO ^ | ADHM4TP   | 0.086 |   6.506 |    6.741 | 
     | add_131_40_g1507       | A ^ -> CO ^ | ADHM4TP   | 0.083 |   6.589 |    6.825 | 
     | add_131_40_g1506       | A ^ -> CO ^ | ADHM4TP   | 0.080 |   6.669 |    6.905 | 
     | add_131_40_g1505       | A ^ -> CO ^ | ADHM4TP   | 0.079 |   6.748 |    6.984 | 
     | add_131_40_g1504       | A ^ -> CO ^ | ADHM4TP   | 0.079 |   6.827 |    7.063 | 
     | add_131_40_g1503       | A ^ -> CO ^ | ADHM4TP   | 0.080 |   6.907 |    7.142 | 
     | add_131_40_g1502       | A ^ -> CO ^ | ADHM4TP   | 0.079 |   6.986 |    7.221 | 
     | add_131_40_g1501       | A ^ -> CO ^ | ADHM4TP   | 0.079 |   7.065 |    7.301 | 
     | add_131_40_g1500       | A ^ -> CO ^ | ADHM4TP   | 0.082 |   7.148 |    7.383 | 
     | add_131_40_g1499       | A ^ -> CO ^ | ADHM4TP   | 0.081 |   7.229 |    7.464 | 
     | add_131_40_g1498       | A ^ -> CO ^ | ADHM4TP   | 0.079 |   7.308 |    7.543 | 
     | add_131_40_g1497       | A ^ -> CO ^ | ADHM4TP   | 0.079 |   7.386 |    7.622 | 
     | add_131_40_g1496       | A ^ -> CO ^ | ADHM4TP   | 0.079 |   7.465 |    7.701 | 
     | add_131_40_g1495       | A ^ -> CO ^ | ADHM4TP   | 0.080 |   7.545 |    7.780 | 
     | add_131_40_g1494       | A ^ -> CO ^ | ADHM4TP   | 0.082 |   7.627 |    7.863 | 
     | add_131_40_g1493       | A ^ -> CO ^ | ADHM4TP   | 0.080 |   7.708 |    7.943 | 
     | add_131_40_g1492       | A ^ -> CO ^ | ADHM4TP   | 0.080 |   7.787 |    8.022 | 
     | add_131_40_g1491       | A ^ -> CO ^ | ADHM4TP   | 0.079 |   7.866 |    8.101 | 
     | add_131_40_g1490       | A ^ -> CO ^ | ADHM4TP   | 0.080 |   7.946 |    8.182 | 
     | add_131_40_g1489       | A ^ -> CO ^ | ADHM4TP   | 0.081 |   8.027 |    8.262 | 
     | add_131_40_g1488       | A ^ -> CO ^ | ADHM4TP   | 0.082 |   8.109 |    8.344 | 
     | add_131_40_g1487       | A ^ -> CO ^ | ADHM4TP   | 0.083 |   8.192 |    8.427 | 
     | add_131_40_g1486       | A ^ -> CO ^ | ADHM4TP   | 0.080 |   8.271 |    8.506 | 
     | add_131_40_g1485       | A ^ -> CO ^ | ADHM4TP   | 0.078 |   8.350 |    8.585 | 
     | add_131_40_g1484       | A ^ -> CO ^ | ADHM4TP   | 0.079 |   8.429 |    8.664 | 
     | add_131_40_g1483       | A ^ -> CO ^ | ADHM4TP   | 0.079 |   8.507 |    8.743 | 
     | add_131_40_g1482       | A ^ -> CO ^ | ADHM4TP   | 0.091 |   8.598 |    8.834 | 
     | FE_RC_49_0             | A ^ -> Z v  | INVM2TP   | 0.038 |   8.636 |    8.871 | 
     | FE_RC_48_0             | B v -> Z ^  | NR2B1M4TP | 0.056 |   8.692 |    8.927 | 
     | add_131_40_g1478       | A ^ -> CO ^ | ADHM4TP   | 0.090 |   8.782 |    9.017 | 
     | add_131_40_g1477       | A ^ -> CO ^ | ADHM4TP   | 0.080 |   8.863 |    9.098 | 
     | add_131_40_g1476       | A ^ -> CO ^ | ADHM4TP   | 0.084 |   8.947 |    9.182 | 
     | add_131_40_g1475       | A ^ -> CO ^ | ADHM4TP   | 0.081 |   9.028 |    9.263 | 
     | add_131_40_g1474       | A ^ -> CO ^ | ADHM4TP   | 0.076 |   9.104 |    9.339 | 
     | add_131_40_g1473       | A ^ -> CO ^ | ADHM2TP   | 0.099 |   9.202 |    9.438 | 
     | add_131_40_g1472       | A ^ -> CO ^ | ADHM4TP   | 0.083 |   9.285 |    9.520 | 
     | add_131_40_g1471       | A ^ -> CO ^ | ADHM2TP   | 0.101 |   9.386 |    9.621 | 
     | add_131_40_g1470       | A ^ -> CO ^ | ADHM4TP   | 0.090 |   9.476 |    9.711 | 
     | add_131_40_g1469       | A ^ -> Z v  | ND2M3TP   | 0.047 |   9.523 |    9.759 | 
     | FE_RC_3_0              | A v -> Z ^  | CKND2M2TP | 0.053 |   9.577 |    9.812 | 
     | FE_RC_2_0              | B ^ -> Z v  | OAI21M2TP | 0.050 |   9.627 |    9.862 | 
     | FE_RC_4_0              | B1 v -> Z v | AO22M2TP  | 0.123 |   9.750 |    9.985 | 
     | nonce_counter_reg[127] | D v         | DFQRM1TP  | 0.000 |   9.750 |    9.985 | 
     +-------------------------------------------------------------------------------+ 
Path 3: MET Setup Check with Pin nonce_counter_reg[125]/CK 
Endpoint:   nonce_counter_reg[125]/D (v) checked with  leading edge of 'clk'
Beginpoint: nonce_counter_reg[5]/Q   (^) triggered by  leading edge of 'clk'
Path Groups: {clk}
Analysis View: av_setup
Other End Arrival Time          0.000
- Setup                         0.016
+ Phase Shift                  10.000
= Required Time                 9.984
- Arrival Time                  9.662
= Slack Time                    0.322
     Clock Rise Edge                 0.000
     + Clock Network Latency (Ideal) 0.000
     = Beginpoint Arrival Time       0.000
     +-------------------------------------------------------------------------------+ 
     |        Instance        |     Arc     |   Cell    | Delay | Arrival | Required | 
     |                        |             |           |       |  Time   |   Time   | 
     |------------------------+-------------+-----------+-------+---------+----------| 
     | nonce_counter_reg[5]   | CK ^        |           |       |   0.000 |    0.322 | 
     | nonce_counter_reg[5]   | CK ^ -> Q ^ | DFQRM4TP  | 0.224 |   0.224 |    0.546 | 
     | add_131_40_g1591       | B ^ -> Z ^  | AN2M4TP   | 0.100 |   0.324 |    0.646 | 
     | add_131_40_g1589       | A ^ -> CO ^ | ADHM4TP   | 0.084 |   0.409 |    0.731 | 
     | add_131_40_g1588       | A ^ -> CO ^ | ADHM4TP   | 0.081 |   0.490 |    0.812 | 
     | add_131_40_g1587       | A ^ -> CO ^ | ADHM4TP   | 0.083 |   0.573 |    0.894 | 
     | add_131_40_g1586       | A ^ -> CO ^ | ADHM4TP   | 0.081 |   0.654 |    0.976 | 
     | add_131_40_g1585       | A ^ -> CO ^ | ADHM4TP   | 0.079 |   0.733 |    1.055 | 
     | add_131_40_g1584       | A ^ -> CO ^ | ADHM4TP   | 0.087 |   0.820 |    1.142 | 
     | add_131_40_g1583       | A ^ -> CO ^ | ADHM4TP   | 0.084 |   0.904 |    1.226 | 
     | add_131_40_g1582       | A ^ -> CO ^ | ADHM4TP   | 0.079 |   0.983 |    1.305 | 
     | add_131_40_g1581       | A ^ -> CO ^ | ADHM4TP   | 0.078 |   1.061 |    1.383 | 
     | add_131_40_g1580       | A ^ -> CO ^ | ADHM4TP   | 0.085 |   1.146 |    1.468 | 
     | add_131_40_g1579       | A ^ -> CO ^ | ADHM4TP   | 0.083 |   1.229 |    1.551 | 
     | add_131_40_g1578       | A ^ -> CO ^ | ADHM4TP   | 0.078 |   1.307 |    1.629 | 
     | add_131_40_g1577       | A ^ -> CO ^ | ADHM4TP   | 0.078 |   1.385 |    1.707 | 
     | add_131_40_g1576       | A ^ -> CO ^ | ADHM4TP   | 0.082 |   1.467 |    1.789 | 
     | add_131_40_g1575       | A ^ -> CO ^ | ADHM4TP   | 0.082 |   1.549 |    1.871 | 
     | add_131_40_g1574       | A ^ -> CO ^ | ADHM4TP   | 0.080 |   1.630 |    1.951 | 
     | add_131_40_g1573       | A ^ -> CO ^ | ADHM4TP   | 0.086 |   1.716 |    2.037 | 
     | FE_RC_77_0             | A ^ -> Z v  | ND3M6TP   | 0.045 |   1.760 |    2.082 | 
     | FE_RC_65_0             | B v -> Z ^  | NR2B1M6TP | 0.063 |   1.823 |    2.145 | 
     | add_131_40_g1567       | A ^ -> CO ^ | ADHM4TP   | 0.088 |   1.911 |    2.233 | 
     | add_131_40_g1566       | A ^ -> CO ^ | ADHM4TP   | 0.081 |   1.992 |    2.314 | 
     | add_131_40_g1565       | A ^ -> CO ^ | ADHM4TP   | 0.080 |   2.072 |    2.394 | 
     | add_131_40_g1564       | A ^ -> CO ^ | ADHM4TP   | 0.082 |   2.154 |    2.476 | 
     | add_131_40_g1563       | A ^ -> CO ^ | ADHM4TP   | 0.081 |   2.235 |    2.557 | 
     | add_131_40_g1562       | A ^ -> CO ^ | ADHM4TP   | 0.079 |   2.315 |    2.636 | 
     | add_131_40_g1561       | A ^ -> CO ^ | ADHM4TP   | 0.079 |   2.394 |    2.715 | 
     | add_131_40_g1560       | A ^ -> CO ^ | ADHM4TP   | 0.080 |   2.473 |    2.795 | 
     | add_131_40_g1559       | A ^ -> CO ^ | ADHM4TP   | 0.079 |   2.552 |    2.874 | 
     | add_131_40_g1558       | A ^ -> CO ^ | ADHM4TP   | 0.082 |   2.635 |    2.956 | 
     | add_131_40_g1557       | A ^ -> CO ^ | ADHM4TP   | 0.081 |   2.716 |    3.038 | 
     | add_131_40_g1556       | A ^ -> CO ^ | ADHM4TP   | 0.080 |   2.796 |    3.118 | 
     | add_131_40_g1555       | A ^ -> CO ^ | ADHM4TP   | 0.080 |   2.877 |    3.198 | 
     | add_131_40_g1554       | A ^ -> CO ^ | ADHM4TP   | 0.081 |   2.958 |    3.280 | 
     | add_131_40_g1553       | A ^ -> CO ^ | ADHM4TP   | 0.081 |   3.038 |    3.360 | 
     | add_131_40_g1552       | A ^ -> CO ^ | ADHM4TP   | 0.080 |   3.119 |    3.441 | 
     | add_131_40_g1551       | A ^ -> CO ^ | ADHM4TP   | 0.082 |   3.201 |    3.523 | 
     | add_131_40_g1550       | A ^ -> CO ^ | ADHM4TP   | 0.080 |   3.281 |    3.603 | 
     | add_131_40_g1549       | A ^ -> CO ^ | ADHM4TP   | 0.082 |   3.363 |    3.685 | 
     | add_131_40_g1548       | A ^ -> CO ^ | ADHM4TP   | 0.081 |   3.444 |    3.766 | 
     | add_131_40_g1547       | A ^ -> CO ^ | ADHM4TP   | 0.082 |   3.526 |    3.848 | 
     | add_131_40_g1546       | A ^ -> CO ^ | ADHM4TP   | 0.080 |   3.606 |    3.928 | 
     | add_131_40_g1545       | A ^ -> CO ^ | ADHM4TP   | 0.085 |   3.691 |    4.013 | 
     | add_131_40_g1544       | A ^ -> CO ^ | ADHM4TP   | 0.082 |   3.773 |    4.095 | 
     | add_131_40_g1543       | A ^ -> CO ^ | ADHM4TP   | 0.080 |   3.853 |    4.175 | 
     | add_131_40_g1542       | A ^ -> CO ^ | ADHM4TP   | 0.078 |   3.932 |    4.254 | 
     | add_131_40_g1541       | A ^ -> CO ^ | ADHM4TP   | 0.080 |   4.012 |    4.334 | 
     | add_131_40_g1540       | A ^ -> CO ^ | ADHM4TP   | 0.081 |   4.093 |    4.415 | 
     | add_131_40_g1539       | A ^ -> CO ^ | ADHM4TP   | 0.080 |   4.172 |    4.494 | 
     | add_131_40_g1538       | A ^ -> CO ^ | ADHM4TP   | 0.079 |   4.252 |    4.574 | 
     | add_131_40_g1537       | A ^ -> CO ^ | ADHM4TP   | 0.079 |   4.331 |    4.653 | 
     | add_131_40_g1536       | A ^ -> CO ^ | ADHM4TP   | 0.085 |   4.416 |    4.738 | 
     | FE_RC_34_0             | A ^ -> Z v  | INVM2TP   | 0.045 |   4.460 |    4.782 | 
     | FE_RC_28_0             | B v -> Z ^  | NR2B1M6TP | 0.048 |   4.508 |    4.830 | 
     | add_131_40_g1532       | A ^ -> CO ^ | ADHM8TP   | 0.102 |   4.611 |    4.933 | 
     | add_131_40_g1531       | A ^ -> CO ^ | ADHM4TP   | 0.094 |   4.704 |    5.026 | 
     | add_131_40_g1530       | A ^ -> CO ^ | ADHM4TP   | 0.080 |   4.785 |    5.107 | 
     | add_131_40_g1529       | A ^ -> CO ^ | ADHM4TP   | 0.082 |   4.866 |    5.188 | 
     | add_131_40_g1528       | A ^ -> CO ^ | ADHM4TP   | 0.084 |   4.950 |    5.272 | 
     | add_131_40_g1527       | A ^ -> CO ^ | ADHM4TP   | 0.081 |   5.031 |    5.353 | 
     | add_131_40_g1526       | A ^ -> CO ^ | ADHM4TP   | 0.078 |   5.109 |    5.431 | 
     | add_131_40_g1525       | A ^ -> CO ^ | ADHM4TP   | 0.078 |   5.187 |    5.509 | 
     | add_131_40_g1524       | A ^ -> CO ^ | ADHM4TP   | 0.081 |   5.267 |    5.589 | 
     | add_131_40_g1523       | A ^ -> CO ^ | ADHM4TP   | 0.081 |   5.348 |    5.670 | 
     | add_131_40_g1522       | A ^ -> CO ^ | ADHM4TP   | 0.079 |   5.427 |    5.749 | 
     | add_131_40_g1521       | A ^ -> CO ^ | ADHM4TP   | 0.079 |   5.506 |    5.828 | 
     | add_131_40_g1520       | A ^ -> CO ^ | ADHM4TP   | 0.079 |   5.584 |    5.906 | 
     | add_131_40_g1519       | A ^ -> CO ^ | ADHM4TP   | 0.081 |   5.665 |    5.987 | 
     | add_131_40_g1518       | A ^ -> CO ^ | ADHM4TP   | 0.099 |   5.764 |    6.086 | 
     | FE_RC_9_0              | A ^ -> Z v  | INVM3TP   | 0.038 |   5.802 |    6.124 | 
     | FE_RC_8_0              | B v -> Z ^  | NR2B1M6TP | 0.048 |   5.850 |    6.172 | 
     | add_131_40_g1515       | A ^ -> CO ^ | ADHM4TP   | 0.085 |   5.935 |    6.257 | 
     | add_131_40_g1514       | A ^ -> CO ^ | ADHM4TP   | 0.081 |   6.016 |    6.338 | 
     | add_131_40_g1513       | A ^ -> CO ^ | ADHM4TP   | 0.082 |   6.098 |    6.420 | 
     | add_131_40_g1512       | A ^ -> CO ^ | ADHM4TP   | 0.082 |   6.180 |    6.502 | 
     | add_131_40_g1511       | A ^ -> CO ^ | ADHM4TP   | 0.081 |   6.261 |    6.583 | 
     | add_131_40_g1510       | A ^ -> CO ^ | ADHM4TP   | 0.080 |   6.341 |    6.663 | 
     | add_131_40_g1509       | A ^ -> CO ^ | ADHM4TP   | 0.079 |   6.421 |    6.742 | 
     | add_131_40_g1508       | A ^ -> CO ^ | ADHM4TP   | 0.086 |   6.506 |    6.828 | 
     | add_131_40_g1507       | A ^ -> CO ^ | ADHM4TP   | 0.083 |   6.589 |    6.911 | 
     | add_131_40_g1506       | A ^ -> CO ^ | ADHM4TP   | 0.080 |   6.670 |    6.991 | 
     | add_131_40_g1505       | A ^ -> CO ^ | ADHM4TP   | 0.079 |   6.748 |    7.070 | 
     | add_131_40_g1504       | A ^ -> CO ^ | ADHM4TP   | 0.079 |   6.827 |    7.149 | 
     | add_131_40_g1503       | A ^ -> CO ^ | ADHM4TP   | 0.080 |   6.907 |    7.229 | 
     | add_131_40_g1502       | A ^ -> CO ^ | ADHM4TP   | 0.079 |   6.986 |    7.308 | 
     | add_131_40_g1501       | A ^ -> CO ^ | ADHM4TP   | 0.079 |   7.065 |    7.387 | 
     | add_131_40_g1500       | A ^ -> CO ^ | ADHM4TP   | 0.082 |   7.148 |    7.470 | 
     | add_131_40_g1499       | A ^ -> CO ^ | ADHM4TP   | 0.081 |   7.229 |    7.551 | 
     | add_131_40_g1498       | A ^ -> CO ^ | ADHM4TP   | 0.079 |   7.308 |    7.630 | 
     | add_131_40_g1497       | A ^ -> CO ^ | ADHM4TP   | 0.079 |   7.386 |    7.708 | 
     | add_131_40_g1496       | A ^ -> CO ^ | ADHM4TP   | 0.079 |   7.465 |    7.787 | 
     | add_131_40_g1495       | A ^ -> CO ^ | ADHM4TP   | 0.080 |   7.545 |    7.867 | 
     | add_131_40_g1494       | A ^ -> CO ^ | ADHM4TP   | 0.082 |   7.627 |    7.949 | 
     | add_131_40_g1493       | A ^ -> CO ^ | ADHM4TP   | 0.080 |   7.708 |    8.030 | 
     | add_131_40_g1492       | A ^ -> CO ^ | ADHM4TP   | 0.080 |   7.787 |    8.109 | 
     | add_131_40_g1491       | A ^ -> CO ^ | ADHM4TP   | 0.079 |   7.866 |    8.188 | 
     | add_131_40_g1490       | A ^ -> CO ^ | ADHM4TP   | 0.080 |   7.946 |    8.268 | 
     | add_131_40_g1489       | A ^ -> CO ^ | ADHM4TP   | 0.081 |   8.027 |    8.349 | 
     | add_131_40_g1488       | A ^ -> CO ^ | ADHM4TP   | 0.082 |   8.109 |    8.431 | 
     | add_131_40_g1487       | A ^ -> CO ^ | ADHM4TP   | 0.083 |   8.192 |    8.514 | 
     | add_131_40_g1486       | A ^ -> CO ^ | ADHM4TP   | 0.080 |   8.271 |    8.593 | 
     | add_131_40_g1485       | A ^ -> CO ^ | ADHM4TP   | 0.078 |   8.350 |    8.671 | 
     | add_131_40_g1484       | A ^ -> CO ^ | ADHM4TP   | 0.079 |   8.429 |    8.751 | 
     | add_131_40_g1483       | A ^ -> CO ^ | ADHM4TP   | 0.079 |   8.507 |    8.829 | 
     | add_131_40_g1482       | A ^ -> CO ^ | ADHM4TP   | 0.091 |   8.598 |    8.920 | 
     | FE_RC_49_0             | A ^ -> Z v  | INVM2TP   | 0.038 |   8.636 |    8.958 | 
     | FE_RC_48_0             | B v -> Z ^  | NR2B1M4TP | 0.056 |   8.692 |    9.014 | 
     | add_131_40_g1478       | A ^ -> CO ^ | ADHM4TP   | 0.090 |   8.782 |    9.104 | 
     | add_131_40_g1477       | A ^ -> CO ^ | ADHM4TP   | 0.080 |   8.863 |    9.185 | 
     | add_131_40_g1476       | A ^ -> CO ^ | ADHM4TP   | 0.084 |   8.947 |    9.269 | 
     | add_131_40_g1475       | A ^ -> CO ^ | ADHM4TP   | 0.081 |   9.028 |    9.349 | 
     | add_131_40_g1474       | A ^ -> CO ^ | ADHM4TP   | 0.076 |   9.104 |    9.426 | 
     | add_131_40_g1473       | A ^ -> CO ^ | ADHM2TP   | 0.099 |   9.202 |    9.524 | 
     | add_131_40_g1472       | A ^ -> CO ^ | ADHM4TP   | 0.083 |   9.285 |    9.607 | 
     | add_131_40_g1471       | A ^ -> CO ^ | ADHM2TP   | 0.101 |   9.386 |    9.708 | 
     | add_131_40_g1470       | A ^ -> S v  | ADHM4TP   | 0.128 |   9.514 |    9.836 | 
     | g76760                 | A2 v -> Z v | AO22M2TP  | 0.148 |   9.662 |    9.984 | 
     | nonce_counter_reg[125] | D v         | DFQRM1TP  | 0.000 |   9.662 |    9.984 | 
     +-------------------------------------------------------------------------------+ 
Path 4: MET Setup Check with Pin nonce_counter_reg[124]/CK 
Endpoint:   nonce_counter_reg[124]/D (v) checked with  leading edge of 'clk'
Beginpoint: nonce_counter_reg[5]/Q   (^) triggered by  leading edge of 'clk'
Path Groups: {clk}
Analysis View: av_setup
Other End Arrival Time          0.000
- Setup                         0.016
+ Phase Shift                  10.000
= Required Time                 9.984
- Arrival Time                  9.571
= Slack Time                    0.413
     Clock Rise Edge                 0.000
     + Clock Network Latency (Ideal) 0.000
     = Beginpoint Arrival Time       0.000
     +-------------------------------------------------------------------------------+ 
     |        Instance        |     Arc     |   Cell    | Delay | Arrival | Required | 
     |                        |             |           |       |  Time   |   Time   | 
     |------------------------+-------------+-----------+-------+---------+----------| 
     | nonce_counter_reg[5]   | CK ^        |           |       |   0.000 |    0.413 | 
     | nonce_counter_reg[5]   | CK ^ -> Q ^ | DFQRM4TP  | 0.224 |   0.224 |    0.637 | 
     | add_131_40_g1591       | B ^ -> Z ^  | AN2M4TP   | 0.100 |   0.324 |    0.737 | 
     | add_131_40_g1589       | A ^ -> CO ^ | ADHM4TP   | 0.084 |   0.409 |    0.821 | 
     | add_131_40_g1588       | A ^ -> CO ^ | ADHM4TP   | 0.081 |   0.490 |    0.903 | 
     | add_131_40_g1587       | A ^ -> CO ^ | ADHM4TP   | 0.083 |   0.573 |    0.985 | 
     | add_131_40_g1586       | A ^ -> CO ^ | ADHM4TP   | 0.081 |   0.654 |    1.067 | 
     | add_131_40_g1585       | A ^ -> CO ^ | ADHM4TP   | 0.079 |   0.733 |    1.145 | 
     | add_131_40_g1584       | A ^ -> CO ^ | ADHM4TP   | 0.087 |   0.820 |    1.232 | 
     | add_131_40_g1583       | A ^ -> CO ^ | ADHM4TP   | 0.084 |   0.904 |    1.317 | 
     | add_131_40_g1582       | A ^ -> CO ^ | ADHM4TP   | 0.079 |   0.983 |    1.395 | 
     | add_131_40_g1581       | A ^ -> CO ^ | ADHM4TP   | 0.078 |   1.061 |    1.474 | 
     | add_131_40_g1580       | A ^ -> CO ^ | ADHM4TP   | 0.085 |   1.146 |    1.559 | 
     | add_131_40_g1579       | A ^ -> CO ^ | ADHM4TP   | 0.083 |   1.229 |    1.641 | 
     | add_131_40_g1578       | A ^ -> CO ^ | ADHM4TP   | 0.078 |   1.307 |    1.720 | 
     | add_131_40_g1577       | A ^ -> CO ^ | ADHM4TP   | 0.078 |   1.385 |    1.798 | 
     | add_131_40_g1576       | A ^ -> CO ^ | ADHM4TP   | 0.082 |   1.467 |    1.880 | 
     | add_131_40_g1575       | A ^ -> CO ^ | ADHM4TP   | 0.082 |   1.549 |    1.962 | 
     | add_131_40_g1574       | A ^ -> CO ^ | ADHM4TP   | 0.080 |   1.629 |    2.042 | 
     | add_131_40_g1573       | A ^ -> CO ^ | ADHM4TP   | 0.086 |   1.716 |    2.128 | 
     | FE_RC_77_0             | A ^ -> Z v  | ND3M6TP   | 0.045 |   1.760 |    2.173 | 
     | FE_RC_65_0             | B v -> Z ^  | NR2B1M6TP | 0.063 |   1.823 |    2.236 | 
     | add_131_40_g1567       | A ^ -> CO ^ | ADHM4TP   | 0.088 |   1.911 |    2.324 | 
     | add_131_40_g1566       | A ^ -> CO ^ | ADHM4TP   | 0.081 |   1.992 |    2.405 | 
     | add_131_40_g1565       | A ^ -> CO ^ | ADHM4TP   | 0.080 |   2.072 |    2.485 | 
     | add_131_40_g1564       | A ^ -> CO ^ | ADHM4TP   | 0.082 |   2.154 |    2.567 | 
     | add_131_40_g1563       | A ^ -> CO ^ | ADHM4TP   | 0.081 |   2.235 |    2.648 | 
     | add_131_40_g1562       | A ^ -> CO ^ | ADHM4TP   | 0.079 |   2.315 |    2.727 | 
     | add_131_40_g1561       | A ^ -> CO ^ | ADHM4TP   | 0.079 |   2.394 |    2.806 | 
     | add_131_40_g1560       | A ^ -> CO ^ | ADHM4TP   | 0.080 |   2.473 |    2.886 | 
     | add_131_40_g1559       | A ^ -> CO ^ | ADHM4TP   | 0.079 |   2.552 |    2.965 | 
     | add_131_40_g1558       | A ^ -> CO ^ | ADHM4TP   | 0.082 |   2.635 |    3.047 | 
     | add_131_40_g1557       | A ^ -> CO ^ | ADHM4TP   | 0.081 |   2.716 |    3.129 | 
     | add_131_40_g1556       | A ^ -> CO ^ | ADHM4TP   | 0.080 |   2.796 |    3.209 | 
     | add_131_40_g1555       | A ^ -> CO ^ | ADHM4TP   | 0.080 |   2.877 |    3.289 | 
     | add_131_40_g1554       | A ^ -> CO ^ | ADHM4TP   | 0.081 |   2.958 |    3.370 | 
     | add_131_40_g1553       | A ^ -> CO ^ | ADHM4TP   | 0.081 |   3.038 |    3.451 | 
     | add_131_40_g1552       | A ^ -> CO ^ | ADHM4TP   | 0.080 |   3.119 |    3.532 | 
     | add_131_40_g1551       | A ^ -> CO ^ | ADHM4TP   | 0.082 |   3.201 |    3.614 | 
     | add_131_40_g1550       | A ^ -> CO ^ | ADHM4TP   | 0.080 |   3.281 |    3.694 | 
     | add_131_40_g1549       | A ^ -> CO ^ | ADHM4TP   | 0.082 |   3.363 |    3.776 | 
     | add_131_40_g1548       | A ^ -> CO ^ | ADHM4TP   | 0.081 |   3.444 |    3.857 | 
     | add_131_40_g1547       | A ^ -> CO ^ | ADHM4TP   | 0.082 |   3.526 |    3.939 | 
     | add_131_40_g1546       | A ^ -> CO ^ | ADHM4TP   | 0.080 |   3.606 |    4.019 | 
     | add_131_40_g1545       | A ^ -> CO ^ | ADHM4TP   | 0.085 |   3.691 |    4.104 | 
     | add_131_40_g1544       | A ^ -> CO ^ | ADHM4TP   | 0.082 |   3.773 |    4.186 | 
     | add_131_40_g1543       | A ^ -> CO ^ | ADHM4TP   | 0.080 |   3.853 |    4.266 | 
     | add_131_40_g1542       | A ^ -> CO ^ | ADHM4TP   | 0.078 |   3.932 |    4.344 | 
     | add_131_40_g1541       | A ^ -> CO ^ | ADHM4TP   | 0.080 |   4.012 |    4.425 | 
     | add_131_40_g1540       | A ^ -> CO ^ | ADHM4TP   | 0.081 |   4.093 |    4.506 | 
     | add_131_40_g1539       | A ^ -> CO ^ | ADHM4TP   | 0.080 |   4.172 |    4.585 | 
     | add_131_40_g1538       | A ^ -> CO ^ | ADHM4TP   | 0.079 |   4.252 |    4.664 | 
     | add_131_40_g1537       | A ^ -> CO ^ | ADHM4TP   | 0.079 |   4.331 |    4.743 | 
     | add_131_40_g1536       | A ^ -> CO ^ | ADHM4TP   | 0.085 |   4.416 |    4.828 | 
     | FE_RC_34_0             | A ^ -> Z v  | INVM2TP   | 0.045 |   4.460 |    4.873 | 
     | FE_RC_28_0             | B v -> Z ^  | NR2B1M6TP | 0.048 |   4.508 |    4.921 | 
     | add_131_40_g1532       | A ^ -> CO ^ | ADHM8TP   | 0.102 |   4.611 |    5.023 | 
     | add_131_40_g1531       | A ^ -> CO ^ | ADHM4TP   | 0.094 |   4.704 |    5.117 | 
     | add_131_40_g1530       | A ^ -> CO ^ | ADHM4TP   | 0.080 |   4.785 |    5.198 | 
     | add_131_40_g1529       | A ^ -> CO ^ | ADHM4TP   | 0.082 |   4.866 |    5.279 | 
     | add_131_40_g1528       | A ^ -> CO ^ | ADHM4TP   | 0.084 |   4.950 |    5.363 | 
     | add_131_40_g1527       | A ^ -> CO ^ | ADHM4TP   | 0.081 |   5.031 |    5.444 | 
     | add_131_40_g1526       | A ^ -> CO ^ | ADHM4TP   | 0.078 |   5.109 |    5.522 | 
     | add_131_40_g1525       | A ^ -> CO ^ | ADHM4TP   | 0.078 |   5.187 |    5.599 | 
     | add_131_40_g1524       | A ^ -> CO ^ | ADHM4TP   | 0.081 |   5.267 |    5.680 | 
     | add_131_40_g1523       | A ^ -> CO ^ | ADHM4TP   | 0.081 |   5.348 |    5.761 | 
     | add_131_40_g1522       | A ^ -> CO ^ | ADHM4TP   | 0.079 |   5.427 |    5.840 | 
     | add_131_40_g1521       | A ^ -> CO ^ | ADHM4TP   | 0.079 |   5.506 |    5.918 | 
     | add_131_40_g1520       | A ^ -> CO ^ | ADHM4TP   | 0.079 |   5.584 |    5.997 | 
     | add_131_40_g1519       | A ^ -> CO ^ | ADHM4TP   | 0.081 |   5.665 |    6.078 | 
     | add_131_40_g1518       | A ^ -> CO ^ | ADHM4TP   | 0.099 |   5.764 |    6.177 | 
     | FE_RC_9_0              | A ^ -> Z v  | INVM3TP   | 0.038 |   5.802 |    6.215 | 
     | FE_RC_8_0              | B v -> Z ^  | NR2B1M6TP | 0.048 |   5.850 |    6.263 | 
     | add_131_40_g1515       | A ^ -> CO ^ | ADHM4TP   | 0.085 |   5.935 |    6.348 | 
     | add_131_40_g1514       | A ^ -> CO ^ | ADHM4TP   | 0.081 |   6.016 |    6.429 | 
     | add_131_40_g1513       | A ^ -> CO ^ | ADHM4TP   | 0.082 |   6.098 |    6.511 | 
     | add_131_40_g1512       | A ^ -> CO ^ | ADHM4TP   | 0.082 |   6.180 |    6.593 | 
     | add_131_40_g1511       | A ^ -> CO ^ | ADHM4TP   | 0.081 |   6.261 |    6.674 | 
     | add_131_40_g1510       | A ^ -> CO ^ | ADHM4TP   | 0.080 |   6.341 |    6.754 | 
     | add_131_40_g1509       | A ^ -> CO ^ | ADHM4TP   | 0.079 |   6.421 |    6.833 | 
     | add_131_40_g1508       | A ^ -> CO ^ | ADHM4TP   | 0.086 |   6.506 |    6.919 | 
     | add_131_40_g1507       | A ^ -> CO ^ | ADHM4TP   | 0.083 |   6.589 |    7.002 | 
     | add_131_40_g1506       | A ^ -> CO ^ | ADHM4TP   | 0.080 |   6.670 |    7.082 | 
     | add_131_40_g1505       | A ^ -> CO ^ | ADHM4TP   | 0.079 |   6.748 |    7.161 | 
     | add_131_40_g1504       | A ^ -> CO ^ | ADHM4TP   | 0.079 |   6.827 |    7.240 | 
     | add_131_40_g1503       | A ^ -> CO ^ | ADHM4TP   | 0.080 |   6.907 |    7.320 | 
     | add_131_40_g1502       | A ^ -> CO ^ | ADHM4TP   | 0.079 |   6.986 |    7.399 | 
     | add_131_40_g1501       | A ^ -> CO ^ | ADHM4TP   | 0.079 |   7.065 |    7.478 | 
     | add_131_40_g1500       | A ^ -> CO ^ | ADHM4TP   | 0.082 |   7.148 |    7.561 | 
     | add_131_40_g1499       | A ^ -> CO ^ | ADHM4TP   | 0.081 |   7.229 |    7.642 | 
     | add_131_40_g1498       | A ^ -> CO ^ | ADHM4TP   | 0.079 |   7.308 |    7.720 | 
     | add_131_40_g1497       | A ^ -> CO ^ | ADHM4TP   | 0.079 |   7.386 |    7.799 | 
     | add_131_40_g1496       | A ^ -> CO ^ | ADHM4TP   | 0.079 |   7.465 |    7.878 | 
     | add_131_40_g1495       | A ^ -> CO ^ | ADHM4TP   | 0.080 |   7.545 |    7.958 | 
     | add_131_40_g1494       | A ^ -> CO ^ | ADHM4TP   | 0.082 |   7.627 |    8.040 | 
     | add_131_40_g1493       | A ^ -> CO ^ | ADHM4TP   | 0.080 |   7.708 |    8.120 | 
     | add_131_40_g1492       | A ^ -> CO ^ | ADHM4TP   | 0.080 |   7.787 |    8.200 | 
     | add_131_40_g1491       | A ^ -> CO ^ | ADHM4TP   | 0.079 |   7.866 |    8.279 | 
     | add_131_40_g1490       | A ^ -> CO ^ | ADHM4TP   | 0.080 |   7.946 |    8.359 | 
     | add_131_40_g1489       | A ^ -> CO ^ | ADHM4TP   | 0.081 |   8.027 |    8.440 | 
     | add_131_40_g1488       | A ^ -> CO ^ | ADHM4TP   | 0.082 |   8.109 |    8.522 | 
     | add_131_40_g1487       | A ^ -> CO ^ | ADHM4TP   | 0.083 |   8.192 |    8.604 | 
     | add_131_40_g1486       | A ^ -> CO ^ | ADHM4TP   | 0.080 |   8.271 |    8.684 | 
     | add_131_40_g1485       | A ^ -> CO ^ | ADHM4TP   | 0.078 |   8.350 |    8.762 | 
     | add_131_40_g1484       | A ^ -> CO ^ | ADHM4TP   | 0.079 |   8.429 |    8.841 | 
     | add_131_40_g1483       | A ^ -> CO ^ | ADHM4TP   | 0.079 |   8.507 |    8.920 | 
     | add_131_40_g1482       | A ^ -> CO ^ | ADHM4TP   | 0.091 |   8.598 |    9.011 | 
     | FE_RC_49_0             | A ^ -> Z v  | INVM2TP   | 0.038 |   8.636 |    9.049 | 
     | FE_RC_48_0             | B v -> Z ^  | NR2B1M4TP | 0.056 |   8.692 |    9.105 | 
     | add_131_40_g1478       | A ^ -> CO ^ | ADHM4TP   | 0.090 |   8.782 |    9.195 | 
     | add_131_40_g1477       | A ^ -> CO ^ | ADHM4TP   | 0.080 |   8.863 |    9.275 | 
     | add_131_40_g1476       | A ^ -> CO ^ | ADHM4TP   | 0.084 |   8.947 |    9.359 | 
     | add_131_40_g1475       | A ^ -> CO ^ | ADHM4TP   | 0.081 |   9.028 |    9.440 | 
     | add_131_40_g1474       | A ^ -> CO ^ | ADHM4TP   | 0.076 |   9.104 |    9.516 | 
     | add_131_40_g1473       | A ^ -> CO ^ | ADHM2TP   | 0.099 |   9.202 |    9.615 | 
     | add_131_40_g1472       | A ^ -> CO ^ | ADHM4TP   | 0.083 |   9.285 |    9.698 | 
     | add_131_40_g1471       | A ^ -> S v  | ADHM2TP   | 0.136 |   9.421 |    9.834 | 
     | g76759                 | A2 v -> Z v | AO22M2TP  | 0.150 |   9.571 |    9.984 | 
     | nonce_counter_reg[124] | D v         | DFQRM1TP  | 0.000 |   9.571 |    9.984 | 
     +-------------------------------------------------------------------------------+ 
Path 5: MET Setup Check with Pin nonce_counter_reg[123]/CK 
Endpoint:   nonce_counter_reg[123]/D (v) checked with  leading edge of 'clk'
Beginpoint: nonce_counter_reg[5]/Q   (^) triggered by  leading edge of 'clk'
Path Groups: {clk}
Analysis View: av_setup
Other End Arrival Time          0.000
- Setup                         0.016
+ Phase Shift                  10.000
= Required Time                 9.984
- Arrival Time                  9.478
= Slack Time                    0.506
     Clock Rise Edge                 0.000
     + Clock Network Latency (Ideal) 0.000
     = Beginpoint Arrival Time       0.000
     +-------------------------------------------------------------------------------+ 
     |        Instance        |     Arc     |   Cell    | Delay | Arrival | Required | 
     |                        |             |           |       |  Time   |   Time   | 
     |------------------------+-------------+-----------+-------+---------+----------| 
     | nonce_counter_reg[5]   | CK ^        |           |       |   0.000 |    0.506 | 
     | nonce_counter_reg[5]   | CK ^ -> Q ^ | DFQRM4TP  | 0.224 |   0.224 |    0.730 | 
     | add_131_40_g1591       | B ^ -> Z ^  | AN2M4TP   | 0.100 |   0.324 |    0.831 | 
     | add_131_40_g1589       | A ^ -> CO ^ | ADHM4TP   | 0.084 |   0.409 |    0.915 | 
     | add_131_40_g1588       | A ^ -> CO ^ | ADHM4TP   | 0.081 |   0.490 |    0.996 | 
     | add_131_40_g1587       | A ^ -> CO ^ | ADHM4TP   | 0.083 |   0.573 |    1.079 | 
     | add_131_40_g1586       | A ^ -> CO ^ | ADHM4TP   | 0.081 |   0.654 |    1.160 | 
     | add_131_40_g1585       | A ^ -> CO ^ | ADHM4TP   | 0.079 |   0.733 |    1.239 | 
     | add_131_40_g1584       | A ^ -> CO ^ | ADHM4TP   | 0.087 |   0.820 |    1.326 | 
     | add_131_40_g1583       | A ^ -> CO ^ | ADHM4TP   | 0.084 |   0.904 |    1.410 | 
     | add_131_40_g1582       | A ^ -> CO ^ | ADHM4TP   | 0.079 |   0.983 |    1.489 | 
     | add_131_40_g1581       | A ^ -> CO ^ | ADHM4TP   | 0.078 |   1.061 |    1.567 | 
     | add_131_40_g1580       | A ^ -> CO ^ | ADHM4TP   | 0.085 |   1.146 |    1.652 | 
     | add_131_40_g1579       | A ^ -> CO ^ | ADHM4TP   | 0.083 |   1.229 |    1.735 | 
     | add_131_40_g1578       | A ^ -> CO ^ | ADHM4TP   | 0.078 |   1.307 |    1.813 | 
     | add_131_40_g1577       | A ^ -> CO ^ | ADHM4TP   | 0.078 |   1.385 |    1.891 | 
     | add_131_40_g1576       | A ^ -> CO ^ | ADHM4TP   | 0.082 |   1.467 |    1.974 | 
     | add_131_40_g1575       | A ^ -> CO ^ | ADHM4TP   | 0.082 |   1.549 |    2.056 | 
     | add_131_40_g1574       | A ^ -> CO ^ | ADHM4TP   | 0.080 |   1.629 |    2.136 | 
     | add_131_40_g1573       | A ^ -> CO ^ | ADHM4TP   | 0.086 |   1.716 |    2.222 | 
     | FE_RC_77_0             | A ^ -> Z v  | ND3M6TP   | 0.045 |   1.760 |    2.266 | 
     | FE_RC_65_0             | B v -> Z ^  | NR2B1M6TP | 0.063 |   1.823 |    2.329 | 
     | add_131_40_g1567       | A ^ -> CO ^ | ADHM4TP   | 0.088 |   1.911 |    2.417 | 
     | add_131_40_g1566       | A ^ -> CO ^ | ADHM4TP   | 0.081 |   1.992 |    2.498 | 
     | add_131_40_g1565       | A ^ -> CO ^ | ADHM4TP   | 0.080 |   2.072 |    2.578 | 
     | add_131_40_g1564       | A ^ -> CO ^ | ADHM4TP   | 0.082 |   2.154 |    2.660 | 
     | add_131_40_g1563       | A ^ -> CO ^ | ADHM4TP   | 0.081 |   2.235 |    2.741 | 
     | add_131_40_g1562       | A ^ -> CO ^ | ADHM4TP   | 0.079 |   2.314 |    2.821 | 
     | add_131_40_g1561       | A ^ -> CO ^ | ADHM4TP   | 0.079 |   2.393 |    2.900 | 
     | add_131_40_g1560       | A ^ -> CO ^ | ADHM4TP   | 0.080 |   2.473 |    2.979 | 
     | add_131_40_g1559       | A ^ -> CO ^ | ADHM4TP   | 0.079 |   2.552 |    3.058 | 
     | add_131_40_g1558       | A ^ -> CO ^ | ADHM4TP   | 0.082 |   2.635 |    3.141 | 
     | add_131_40_g1557       | A ^ -> CO ^ | ADHM4TP   | 0.081 |   2.716 |    3.222 | 
     | add_131_40_g1556       | A ^ -> CO ^ | ADHM4TP   | 0.080 |   2.796 |    3.303 | 
     | add_131_40_g1555       | A ^ -> CO ^ | ADHM4TP   | 0.080 |   2.877 |    3.383 | 
     | add_131_40_g1554       | A ^ -> CO ^ | ADHM4TP   | 0.081 |   2.958 |    3.464 | 
     | add_131_40_g1553       | A ^ -> CO ^ | ADHM4TP   | 0.081 |   3.038 |    3.545 | 
     | add_131_40_g1552       | A ^ -> CO ^ | ADHM4TP   | 0.080 |   3.119 |    3.625 | 
     | add_131_40_g1551       | A ^ -> CO ^ | ADHM4TP   | 0.082 |   3.201 |    3.707 | 
     | add_131_40_g1550       | A ^ -> CO ^ | ADHM4TP   | 0.080 |   3.281 |    3.787 | 
     | add_131_40_g1549       | A ^ -> CO ^ | ADHM4TP   | 0.082 |   3.363 |    3.870 | 
     | add_131_40_g1548       | A ^ -> CO ^ | ADHM4TP   | 0.081 |   3.444 |    3.951 | 
     | add_131_40_g1547       | A ^ -> CO ^ | ADHM4TP   | 0.082 |   3.526 |    4.032 | 
     | add_131_40_g1546       | A ^ -> CO ^ | ADHM4TP   | 0.080 |   3.606 |    4.112 | 
     | add_131_40_g1545       | A ^ -> CO ^ | ADHM4TP   | 0.085 |   3.691 |    4.197 | 
     | add_131_40_g1544       | A ^ -> CO ^ | ADHM4TP   | 0.082 |   3.773 |    4.279 | 
     | add_131_40_g1543       | A ^ -> CO ^ | ADHM4TP   | 0.080 |   3.853 |    4.359 | 
     | add_131_40_g1542       | A ^ -> CO ^ | ADHM4TP   | 0.078 |   3.932 |    4.438 | 
     | add_131_40_g1541       | A ^ -> CO ^ | ADHM4TP   | 0.080 |   4.012 |    4.518 | 
     | add_131_40_g1540       | A ^ -> CO ^ | ADHM4TP   | 0.081 |   4.093 |    4.599 | 
     | add_131_40_g1539       | A ^ -> CO ^ | ADHM4TP   | 0.080 |   4.172 |    4.679 | 
     | add_131_40_g1538       | A ^ -> CO ^ | ADHM4TP   | 0.079 |   4.252 |    4.758 | 
     | add_131_40_g1537       | A ^ -> CO ^ | ADHM4TP   | 0.079 |   4.331 |    4.837 | 
     | add_131_40_g1536       | A ^ -> CO ^ | ADHM4TP   | 0.085 |   4.416 |    4.922 | 
     | FE_RC_34_0             | A ^ -> Z v  | INVM2TP   | 0.045 |   4.460 |    4.966 | 
     | FE_RC_28_0             | B v -> Z ^  | NR2B1M6TP | 0.048 |   4.508 |    5.015 | 
     | add_131_40_g1532       | A ^ -> CO ^ | ADHM8TP   | 0.102 |   4.611 |    5.117 | 
     | add_131_40_g1531       | A ^ -> CO ^ | ADHM4TP   | 0.094 |   4.704 |    5.211 | 
     | add_131_40_g1530       | A ^ -> CO ^ | ADHM4TP   | 0.080 |   4.785 |    5.291 | 
     | add_131_40_g1529       | A ^ -> CO ^ | ADHM4TP   | 0.082 |   4.866 |    5.373 | 
     | add_131_40_g1528       | A ^ -> CO ^ | ADHM4TP   | 0.084 |   4.950 |    5.456 | 
     | add_131_40_g1527       | A ^ -> CO ^ | ADHM4TP   | 0.081 |   5.031 |    5.537 | 
     | add_131_40_g1526       | A ^ -> CO ^ | ADHM4TP   | 0.078 |   5.109 |    5.615 | 
     | add_131_40_g1525       | A ^ -> CO ^ | ADHM4TP   | 0.078 |   5.187 |    5.693 | 
     | add_131_40_g1524       | A ^ -> CO ^ | ADHM4TP   | 0.081 |   5.267 |    5.773 | 
     | add_131_40_g1523       | A ^ -> CO ^ | ADHM4TP   | 0.081 |   5.348 |    5.854 | 
     | add_131_40_g1522       | A ^ -> CO ^ | ADHM4TP   | 0.079 |   5.427 |    5.933 | 
     | add_131_40_g1521       | A ^ -> CO ^ | ADHM4TP   | 0.079 |   5.506 |    6.012 | 
     | add_131_40_g1520       | A ^ -> CO ^ | ADHM4TP   | 0.079 |   5.584 |    6.091 | 
     | add_131_40_g1519       | A ^ -> CO ^ | ADHM4TP   | 0.081 |   5.665 |    6.171 | 
     | add_131_40_g1518       | A ^ -> CO ^ | ADHM4TP   | 0.099 |   5.764 |    6.270 | 
     | FE_RC_9_0              | A ^ -> Z v  | INVM3TP   | 0.038 |   5.802 |    6.308 | 
     | FE_RC_8_0              | B v -> Z ^  | NR2B1M6TP | 0.048 |   5.850 |    6.356 | 
     | add_131_40_g1515       | A ^ -> CO ^ | ADHM4TP   | 0.085 |   5.935 |    6.441 | 
     | add_131_40_g1514       | A ^ -> CO ^ | ADHM4TP   | 0.081 |   6.016 |    6.522 | 
     | add_131_40_g1513       | A ^ -> CO ^ | ADHM4TP   | 0.082 |   6.098 |    6.604 | 
     | add_131_40_g1512       | A ^ -> CO ^ | ADHM4TP   | 0.082 |   6.180 |    6.687 | 
     | add_131_40_g1511       | A ^ -> CO ^ | ADHM4TP   | 0.081 |   6.261 |    6.767 | 
     | add_131_40_g1510       | A ^ -> CO ^ | ADHM4TP   | 0.080 |   6.341 |    6.847 | 
     | add_131_40_g1509       | A ^ -> CO ^ | ADHM4TP   | 0.079 |   6.420 |    6.927 | 
     | add_131_40_g1508       | A ^ -> CO ^ | ADHM4TP   | 0.086 |   6.506 |    7.012 | 
     | add_131_40_g1507       | A ^ -> CO ^ | ADHM4TP   | 0.083 |   6.589 |    7.095 | 
     | add_131_40_g1506       | A ^ -> CO ^ | ADHM4TP   | 0.080 |   6.669 |    7.176 | 
     | add_131_40_g1505       | A ^ -> CO ^ | ADHM4TP   | 0.079 |   6.748 |    7.255 | 
     | add_131_40_g1504       | A ^ -> CO ^ | ADHM4TP   | 0.079 |   6.827 |    7.334 | 
     | add_131_40_g1503       | A ^ -> CO ^ | ADHM4TP   | 0.080 |   6.907 |    7.413 | 
     | add_131_40_g1502       | A ^ -> CO ^ | ADHM4TP   | 0.079 |   6.986 |    7.492 | 
     | add_131_40_g1501       | A ^ -> CO ^ | ADHM4TP   | 0.079 |   7.065 |    7.572 | 
     | add_131_40_g1500       | A ^ -> CO ^ | ADHM4TP   | 0.082 |   7.148 |    7.654 | 
     | add_131_40_g1499       | A ^ -> CO ^ | ADHM4TP   | 0.081 |   7.229 |    7.735 | 
     | add_131_40_g1498       | A ^ -> CO ^ | ADHM4TP   | 0.079 |   7.308 |    7.814 | 
     | add_131_40_g1497       | A ^ -> CO ^ | ADHM4TP   | 0.079 |   7.386 |    7.893 | 
     | add_131_40_g1496       | A ^ -> CO ^ | ADHM4TP   | 0.079 |   7.465 |    7.972 | 
     | add_131_40_g1495       | A ^ -> CO ^ | ADHM4TP   | 0.080 |   7.545 |    8.051 | 
     | add_131_40_g1494       | A ^ -> CO ^ | ADHM4TP   | 0.082 |   7.627 |    8.134 | 
     | add_131_40_g1493       | A ^ -> CO ^ | ADHM4TP   | 0.080 |   7.708 |    8.214 | 
     | add_131_40_g1492       | A ^ -> CO ^ | ADHM4TP   | 0.080 |   7.787 |    8.293 | 
     | add_131_40_g1491       | A ^ -> CO ^ | ADHM4TP   | 0.079 |   7.866 |    8.372 | 
     | add_131_40_g1490       | A ^ -> CO ^ | ADHM4TP   | 0.080 |   7.946 |    8.453 | 
     | add_131_40_g1489       | A ^ -> CO ^ | ADHM4TP   | 0.081 |   8.027 |    8.533 | 
     | add_131_40_g1488       | A ^ -> CO ^ | ADHM4TP   | 0.082 |   8.109 |    8.615 | 
     | add_131_40_g1487       | A ^ -> CO ^ | ADHM4TP   | 0.083 |   8.192 |    8.698 | 
     | add_131_40_g1486       | A ^ -> CO ^ | ADHM4TP   | 0.080 |   8.271 |    8.777 | 
     | add_131_40_g1485       | A ^ -> CO ^ | ADHM4TP   | 0.078 |   8.350 |    8.856 | 
     | add_131_40_g1484       | A ^ -> CO ^ | ADHM4TP   | 0.079 |   8.429 |    8.935 | 
     | add_131_40_g1483       | A ^ -> CO ^ | ADHM4TP   | 0.079 |   8.507 |    9.014 | 
     | add_131_40_g1482       | A ^ -> CO ^ | ADHM4TP   | 0.091 |   8.598 |    9.104 | 
     | FE_RC_49_0             | A ^ -> Z v  | INVM2TP   | 0.038 |   8.636 |    9.142 | 
     | FE_RC_48_0             | B v -> Z ^  | NR2B1M4TP | 0.056 |   8.692 |    9.198 | 
     | add_131_40_g1478       | A ^ -> CO ^ | ADHM4TP   | 0.090 |   8.782 |    9.288 | 
     | add_131_40_g1477       | A ^ -> CO ^ | ADHM4TP   | 0.080 |   8.863 |    9.369 | 
     | add_131_40_g1476       | A ^ -> CO ^ | ADHM4TP   | 0.084 |   8.947 |    9.453 | 
     | add_131_40_g1475       | A ^ -> CO ^ | ADHM4TP   | 0.081 |   9.028 |    9.534 | 
     | add_131_40_g1474       | A ^ -> CO ^ | ADHM4TP   | 0.076 |   9.104 |    9.610 | 
     | add_131_40_g1473       | A ^ -> CO ^ | ADHM2TP   | 0.099 |   9.202 |    9.709 | 
     | add_131_40_g1472       | A ^ -> S v  | ADHM4TP   | 0.128 |   9.330 |    9.837 | 
     | g76758                 | A2 v -> Z v | AO22M2TP  | 0.148 |   9.478 |    9.984 | 
     | nonce_counter_reg[123] | D v         | DFQRM1TP  | 0.000 |   9.478 |    9.984 | 
     +-------------------------------------------------------------------------------+ 
Path 6: MET Setup Check with Pin nonce_counter_reg[122]/CK 
Endpoint:   nonce_counter_reg[122]/D (v) checked with  leading edge of 'clk'
Beginpoint: nonce_counter_reg[5]/Q   (^) triggered by  leading edge of 'clk'
Path Groups: {clk}
Analysis View: av_setup
Other End Arrival Time          0.000
- Setup                         0.016
+ Phase Shift                  10.000
= Required Time                 9.984
- Arrival Time                  9.389
= Slack Time                    0.595
     Clock Rise Edge                 0.000
     + Clock Network Latency (Ideal) 0.000
     = Beginpoint Arrival Time       0.000
     +-------------------------------------------------------------------------------+ 
     |        Instance        |     Arc     |   Cell    | Delay | Arrival | Required | 
     |                        |             |           |       |  Time   |   Time   | 
     |------------------------+-------------+-----------+-------+---------+----------| 
     | nonce_counter_reg[5]   | CK ^        |           |       |   0.000 |    0.595 | 
     | nonce_counter_reg[5]   | CK ^ -> Q ^ | DFQRM4TP  | 0.224 |   0.224 |    0.819 | 
     | add_131_40_g1591       | B ^ -> Z ^  | AN2M4TP   | 0.100 |   0.324 |    0.920 | 
     | add_131_40_g1589       | A ^ -> CO ^ | ADHM4TP   | 0.084 |   0.409 |    1.004 | 
     | add_131_40_g1588       | A ^ -> CO ^ | ADHM4TP   | 0.081 |   0.490 |    1.085 | 
     | add_131_40_g1587       | A ^ -> CO ^ | ADHM4TP   | 0.083 |   0.573 |    1.168 | 
     | add_131_40_g1586       | A ^ -> CO ^ | ADHM4TP   | 0.081 |   0.654 |    1.249 | 
     | add_131_40_g1585       | A ^ -> CO ^ | ADHM4TP   | 0.079 |   0.733 |    1.328 | 
     | add_131_40_g1584       | A ^ -> CO ^ | ADHM4TP   | 0.087 |   0.820 |    1.415 | 
     | add_131_40_g1583       | A ^ -> CO ^ | ADHM4TP   | 0.084 |   0.904 |    1.499 | 
     | add_131_40_g1582       | A ^ -> CO ^ | ADHM4TP   | 0.079 |   0.983 |    1.578 | 
     | add_131_40_g1581       | A ^ -> CO ^ | ADHM4TP   | 0.078 |   1.061 |    1.656 | 
     | add_131_40_g1580       | A ^ -> CO ^ | ADHM4TP   | 0.085 |   1.146 |    1.741 | 
     | add_131_40_g1579       | A ^ -> CO ^ | ADHM4TP   | 0.083 |   1.229 |    1.824 | 
     | add_131_40_g1578       | A ^ -> CO ^ | ADHM4TP   | 0.078 |   1.307 |    1.902 | 
     | add_131_40_g1577       | A ^ -> CO ^ | ADHM4TP   | 0.078 |   1.385 |    1.980 | 
     | add_131_40_g1576       | A ^ -> CO ^ | ADHM4TP   | 0.082 |   1.467 |    2.063 | 
     | add_131_40_g1575       | A ^ -> CO ^ | ADHM4TP   | 0.082 |   1.549 |    2.145 | 
     | add_131_40_g1574       | A ^ -> CO ^ | ADHM4TP   | 0.080 |   1.629 |    2.225 | 
     | add_131_40_g1573       | A ^ -> CO ^ | ADHM4TP   | 0.086 |   1.716 |    2.311 | 
     | FE_RC_77_0             | A ^ -> Z v  | ND3M6TP   | 0.045 |   1.760 |    2.355 | 
     | FE_RC_65_0             | B v -> Z ^  | NR2B1M6TP | 0.063 |   1.823 |    2.418 | 
     | add_131_40_g1567       | A ^ -> CO ^ | ADHM4TP   | 0.088 |   1.911 |    2.506 | 
     | add_131_40_g1566       | A ^ -> CO ^ | ADHM4TP   | 0.081 |   1.992 |    2.587 | 
     | add_131_40_g1565       | A ^ -> CO ^ | ADHM4TP   | 0.080 |   2.072 |    2.668 | 
     | add_131_40_g1564       | A ^ -> CO ^ | ADHM4TP   | 0.082 |   2.154 |    2.749 | 
     | add_131_40_g1563       | A ^ -> CO ^ | ADHM4TP   | 0.081 |   2.235 |    2.830 | 
     | add_131_40_g1562       | A ^ -> CO ^ | ADHM4TP   | 0.079 |   2.314 |    2.910 | 
     | add_131_40_g1561       | A ^ -> CO ^ | ADHM4TP   | 0.079 |   2.393 |    2.989 | 
     | add_131_40_g1560       | A ^ -> CO ^ | ADHM4TP   | 0.080 |   2.473 |    3.068 | 
     | add_131_40_g1559       | A ^ -> CO ^ | ADHM4TP   | 0.079 |   2.552 |    3.148 | 
     | add_131_40_g1558       | A ^ -> CO ^ | ADHM4TP   | 0.082 |   2.635 |    3.230 | 
     | add_131_40_g1557       | A ^ -> CO ^ | ADHM4TP   | 0.081 |   2.716 |    3.311 | 
     | add_131_40_g1556       | A ^ -> CO ^ | ADHM4TP   | 0.080 |   2.796 |    3.392 | 
     | add_131_40_g1555       | A ^ -> CO ^ | ADHM4TP   | 0.080 |   2.877 |    3.472 | 
     | add_131_40_g1554       | A ^ -> CO ^ | ADHM4TP   | 0.081 |   2.958 |    3.553 | 
     | add_131_40_g1553       | A ^ -> CO ^ | ADHM4TP   | 0.081 |   3.038 |    3.634 | 
     | add_131_40_g1552       | A ^ -> CO ^ | ADHM4TP   | 0.080 |   3.119 |    3.714 | 
     | add_131_40_g1551       | A ^ -> CO ^ | ADHM4TP   | 0.082 |   3.201 |    3.797 | 
     | add_131_40_g1550       | A ^ -> CO ^ | ADHM4TP   | 0.080 |   3.281 |    3.877 | 
     | add_131_40_g1549       | A ^ -> CO ^ | ADHM4TP   | 0.082 |   3.363 |    3.959 | 
     | add_131_40_g1548       | A ^ -> CO ^ | ADHM4TP   | 0.081 |   3.444 |    4.040 | 
     | add_131_40_g1547       | A ^ -> CO ^ | ADHM4TP   | 0.082 |   3.526 |    4.121 | 
     | add_131_40_g1546       | A ^ -> CO ^ | ADHM4TP   | 0.080 |   3.606 |    4.201 | 
     | add_131_40_g1545       | A ^ -> CO ^ | ADHM4TP   | 0.085 |   3.691 |    4.287 | 
     | add_131_40_g1544       | A ^ -> CO ^ | ADHM4TP   | 0.082 |   3.773 |    4.368 | 
     | add_131_40_g1543       | A ^ -> CO ^ | ADHM4TP   | 0.080 |   3.853 |    4.448 | 
     | add_131_40_g1542       | A ^ -> CO ^ | ADHM4TP   | 0.078 |   3.932 |    4.527 | 
     | add_131_40_g1541       | A ^ -> CO ^ | ADHM4TP   | 0.080 |   4.012 |    4.607 | 
     | add_131_40_g1540       | A ^ -> CO ^ | ADHM4TP   | 0.081 |   4.093 |    4.688 | 
     | add_131_40_g1539       | A ^ -> CO ^ | ADHM4TP   | 0.080 |   4.172 |    4.768 | 
     | add_131_40_g1538       | A ^ -> CO ^ | ADHM4TP   | 0.079 |   4.252 |    4.847 | 
     | add_131_40_g1537       | A ^ -> CO ^ | ADHM4TP   | 0.079 |   4.331 |    4.926 | 
     | add_131_40_g1536       | A ^ -> CO ^ | ADHM4TP   | 0.085 |   4.416 |    5.011 | 
     | FE_RC_34_0             | A ^ -> Z v  | INVM2TP   | 0.045 |   4.460 |    5.056 | 
     | FE_RC_28_0             | B v -> Z ^  | NR2B1M6TP | 0.048 |   4.508 |    5.104 | 
     | add_131_40_g1532       | A ^ -> CO ^ | ADHM8TP   | 0.102 |   4.611 |    5.206 | 
     | add_131_40_g1531       | A ^ -> CO ^ | ADHM4TP   | 0.094 |   4.704 |    5.300 | 
     | add_131_40_g1530       | A ^ -> CO ^ | ADHM4TP   | 0.080 |   4.785 |    5.380 | 
     | add_131_40_g1529       | A ^ -> CO ^ | ADHM4TP   | 0.082 |   4.866 |    5.462 | 
     | add_131_40_g1528       | A ^ -> CO ^ | ADHM4TP   | 0.084 |   4.950 |    5.546 | 
     | add_131_40_g1527       | A ^ -> CO ^ | ADHM4TP   | 0.081 |   5.031 |    5.626 | 
     | add_131_40_g1526       | A ^ -> CO ^ | ADHM4TP   | 0.078 |   5.109 |    5.704 | 
     | add_131_40_g1525       | A ^ -> CO ^ | ADHM4TP   | 0.078 |   5.187 |    5.782 | 
     | add_131_40_g1524       | A ^ -> CO ^ | ADHM4TP   | 0.081 |   5.267 |    5.863 | 
     | add_131_40_g1523       | A ^ -> CO ^ | ADHM4TP   | 0.081 |   5.348 |    5.943 | 
     | add_131_40_g1522       | A ^ -> CO ^ | ADHM4TP   | 0.079 |   5.427 |    6.022 | 
     | add_131_40_g1521       | A ^ -> CO ^ | ADHM4TP   | 0.079 |   5.506 |    6.101 | 
     | add_131_40_g1520       | A ^ -> CO ^ | ADHM4TP   | 0.079 |   5.584 |    6.180 | 
     | add_131_40_g1519       | A ^ -> CO ^ | ADHM4TP   | 0.081 |   5.665 |    6.260 | 
     | add_131_40_g1518       | A ^ -> CO ^ | ADHM4TP   | 0.099 |   5.764 |    6.359 | 
     | FE_RC_9_0              | A ^ -> Z v  | INVM3TP   | 0.038 |   5.802 |    6.397 | 
     | FE_RC_8_0              | B v -> Z ^  | NR2B1M6TP | 0.048 |   5.850 |    6.445 | 
     | add_131_40_g1515       | A ^ -> CO ^ | ADHM4TP   | 0.085 |   5.935 |    6.530 | 
     | add_131_40_g1514       | A ^ -> CO ^ | ADHM4TP   | 0.081 |   6.016 |    6.612 | 
     | add_131_40_g1513       | A ^ -> CO ^ | ADHM4TP   | 0.082 |   6.098 |    6.693 | 
     | add_131_40_g1512       | A ^ -> CO ^ | ADHM4TP   | 0.082 |   6.180 |    6.776 | 
     | add_131_40_g1511       | A ^ -> CO ^ | ADHM4TP   | 0.081 |   6.261 |    6.856 | 
     | add_131_40_g1510       | A ^ -> CO ^ | ADHM4TP   | 0.080 |   6.341 |    6.936 | 
     | add_131_40_g1509       | A ^ -> CO ^ | ADHM4TP   | 0.079 |   6.421 |    7.016 | 
     | add_131_40_g1508       | A ^ -> CO ^ | ADHM4TP   | 0.086 |   6.506 |    7.101 | 
     | add_131_40_g1507       | A ^ -> CO ^ | ADHM4TP   | 0.083 |   6.589 |    7.185 | 
     | add_131_40_g1506       | A ^ -> CO ^ | ADHM4TP   | 0.080 |   6.670 |    7.265 | 
     | add_131_40_g1505       | A ^ -> CO ^ | ADHM4TP   | 0.079 |   6.748 |    7.344 | 
     | add_131_40_g1504       | A ^ -> CO ^ | ADHM4TP   | 0.079 |   6.827 |    7.423 | 
     | add_131_40_g1503       | A ^ -> CO ^ | ADHM4TP   | 0.080 |   6.907 |    7.502 | 
     | add_131_40_g1502       | A ^ -> CO ^ | ADHM4TP   | 0.079 |   6.986 |    7.581 | 
     | add_131_40_g1501       | A ^ -> CO ^ | ADHM4TP   | 0.079 |   7.065 |    7.661 | 
     | add_131_40_g1500       | A ^ -> CO ^ | ADHM4TP   | 0.082 |   7.148 |    7.743 | 
     | add_131_40_g1499       | A ^ -> CO ^ | ADHM4TP   | 0.081 |   7.229 |    7.824 | 
     | add_131_40_g1498       | A ^ -> CO ^ | ADHM4TP   | 0.079 |   7.308 |    7.903 | 
     | add_131_40_g1497       | A ^ -> CO ^ | ADHM4TP   | 0.079 |   7.386 |    7.982 | 
     | add_131_40_g1496       | A ^ -> CO ^ | ADHM4TP   | 0.079 |   7.465 |    8.061 | 
     | add_131_40_g1495       | A ^ -> CO ^ | ADHM4TP   | 0.080 |   7.545 |    8.140 | 
     | add_131_40_g1494       | A ^ -> CO ^ | ADHM4TP   | 0.082 |   7.627 |    8.223 | 
     | add_131_40_g1493       | A ^ -> CO ^ | ADHM4TP   | 0.080 |   7.708 |    8.303 | 
     | add_131_40_g1492       | A ^ -> CO ^ | ADHM4TP   | 0.080 |   7.787 |    8.382 | 
     | add_131_40_g1491       | A ^ -> CO ^ | ADHM4TP   | 0.079 |   7.866 |    8.461 | 
     | add_131_40_g1490       | A ^ -> CO ^ | ADHM4TP   | 0.080 |   7.946 |    8.542 | 
     | add_131_40_g1489       | A ^ -> CO ^ | ADHM4TP   | 0.081 |   8.027 |    8.622 | 
     | add_131_40_g1488       | A ^ -> CO ^ | ADHM4TP   | 0.082 |   8.109 |    8.704 | 
     | add_131_40_g1487       | A ^ -> CO ^ | ADHM4TP   | 0.083 |   8.192 |    8.787 | 
     | add_131_40_g1486       | A ^ -> CO ^ | ADHM4TP   | 0.080 |   8.271 |    8.866 | 
     | add_131_40_g1485       | A ^ -> CO ^ | ADHM4TP   | 0.078 |   8.350 |    8.945 | 
     | add_131_40_g1484       | A ^ -> CO ^ | ADHM4TP   | 0.079 |   8.429 |    9.024 | 
     | add_131_40_g1483       | A ^ -> CO ^ | ADHM4TP   | 0.079 |   8.507 |    9.103 | 
     | add_131_40_g1482       | A ^ -> CO ^ | ADHM4TP   | 0.091 |   8.598 |    9.194 | 
     | FE_RC_49_0             | A ^ -> Z v  | INVM2TP   | 0.038 |   8.636 |    9.231 | 
     | FE_RC_48_0             | B v -> Z ^  | NR2B1M4TP | 0.056 |   8.692 |    9.287 | 
     | add_131_40_g1478       | A ^ -> CO ^ | ADHM4TP   | 0.090 |   8.782 |    9.377 | 
     | add_131_40_g1477       | A ^ -> CO ^ | ADHM4TP   | 0.080 |   8.863 |    9.458 | 
     | add_131_40_g1476       | A ^ -> CO ^ | ADHM4TP   | 0.084 |   8.947 |    9.542 | 
     | add_131_40_g1475       | A ^ -> CO ^ | ADHM4TP   | 0.081 |   9.028 |    9.623 | 
     | add_131_40_g1474       | A ^ -> CO ^ | ADHM4TP   | 0.076 |   9.104 |    9.699 | 
     | add_131_40_g1473       | A ^ -> S v  | ADHM2TP   | 0.135 |   9.239 |    9.834 | 
     | g76757                 | A2 v -> Z v | AO22M2TP  | 0.150 |   9.389 |    9.984 | 
     | nonce_counter_reg[122] | D v         | DFQRM1TP  | 0.000 |   9.389 |    9.984 | 
     +-------------------------------------------------------------------------------+ 
Path 7: MET Setup Check with Pin nonce_counter_reg[121]/CK 
Endpoint:   nonce_counter_reg[121]/D (v) checked with  leading edge of 'clk'
Beginpoint: nonce_counter_reg[5]/Q   (^) triggered by  leading edge of 'clk'
Path Groups: {clk}
Analysis View: av_setup
Other End Arrival Time          0.000
- Setup                         0.016
+ Phase Shift                  10.000
= Required Time                 9.984
- Arrival Time                  9.296
= Slack Time                    0.688
     Clock Rise Edge                 0.000
     + Clock Network Latency (Ideal) 0.000
     = Beginpoint Arrival Time       0.000
     +-------------------------------------------------------------------------------+ 
     |        Instance        |     Arc     |   Cell    | Delay | Arrival | Required | 
     |                        |             |           |       |  Time   |   Time   | 
     |------------------------+-------------+-----------+-------+---------+----------| 
     | nonce_counter_reg[5]   | CK ^        |           |       |   0.000 |    0.688 | 
     | nonce_counter_reg[5]   | CK ^ -> Q ^ | DFQRM4TP  | 0.224 |   0.224 |    0.912 | 
     | add_131_40_g1591       | B ^ -> Z ^  | AN2M4TP   | 0.100 |   0.324 |    1.012 | 
     | add_131_40_g1589       | A ^ -> CO ^ | ADHM4TP   | 0.084 |   0.409 |    1.096 | 
     | add_131_40_g1588       | A ^ -> CO ^ | ADHM4TP   | 0.081 |   0.490 |    1.178 | 
     | add_131_40_g1587       | A ^ -> CO ^ | ADHM4TP   | 0.083 |   0.573 |    1.260 | 
     | add_131_40_g1586       | A ^ -> CO ^ | ADHM4TP   | 0.081 |   0.654 |    1.342 | 
     | add_131_40_g1585       | A ^ -> CO ^ | ADHM4TP   | 0.079 |   0.733 |    1.420 | 
     | add_131_40_g1584       | A ^ -> CO ^ | ADHM4TP   | 0.087 |   0.820 |    1.507 | 
     | add_131_40_g1583       | A ^ -> CO ^ | ADHM4TP   | 0.084 |   0.904 |    1.592 | 
     | add_131_40_g1582       | A ^ -> CO ^ | ADHM4TP   | 0.079 |   0.983 |    1.670 | 
     | add_131_40_g1581       | A ^ -> CO ^ | ADHM4TP   | 0.078 |   1.061 |    1.749 | 
     | add_131_40_g1580       | A ^ -> CO ^ | ADHM4TP   | 0.085 |   1.146 |    1.834 | 
     | add_131_40_g1579       | A ^ -> CO ^ | ADHM4TP   | 0.083 |   1.229 |    1.916 | 
     | add_131_40_g1578       | A ^ -> CO ^ | ADHM4TP   | 0.078 |   1.307 |    1.995 | 
     | add_131_40_g1577       | A ^ -> CO ^ | ADHM4TP   | 0.078 |   1.385 |    2.073 | 
     | add_131_40_g1576       | A ^ -> CO ^ | ADHM4TP   | 0.082 |   1.467 |    2.155 | 
     | add_131_40_g1575       | A ^ -> CO ^ | ADHM4TP   | 0.082 |   1.549 |    2.237 | 
     | add_131_40_g1574       | A ^ -> CO ^ | ADHM4TP   | 0.080 |   1.629 |    2.317 | 
     | add_131_40_g1573       | A ^ -> CO ^ | ADHM4TP   | 0.086 |   1.716 |    2.403 | 
     | FE_RC_77_0             | A ^ -> Z v  | ND3M6TP   | 0.045 |   1.760 |    2.448 | 
     | FE_RC_65_0             | B v -> Z ^  | NR2B1M6TP | 0.063 |   1.823 |    2.511 | 
     | add_131_40_g1567       | A ^ -> CO ^ | ADHM4TP   | 0.088 |   1.911 |    2.599 | 
     | add_131_40_g1566       | A ^ -> CO ^ | ADHM4TP   | 0.081 |   1.992 |    2.680 | 
     | add_131_40_g1565       | A ^ -> CO ^ | ADHM4TP   | 0.080 |   2.072 |    2.760 | 
     | add_131_40_g1564       | A ^ -> CO ^ | ADHM4TP   | 0.082 |   2.154 |    2.842 | 
     | add_131_40_g1563       | A ^ -> CO ^ | ADHM4TP   | 0.081 |   2.235 |    2.923 | 
     | add_131_40_g1562       | A ^ -> CO ^ | ADHM4TP   | 0.079 |   2.314 |    3.002 | 
     | add_131_40_g1561       | A ^ -> CO ^ | ADHM4TP   | 0.079 |   2.393 |    3.081 | 
     | add_131_40_g1560       | A ^ -> CO ^ | ADHM4TP   | 0.080 |   2.473 |    3.161 | 
     | add_131_40_g1559       | A ^ -> CO ^ | ADHM4TP   | 0.079 |   2.552 |    3.240 | 
     | add_131_40_g1558       | A ^ -> CO ^ | ADHM4TP   | 0.082 |   2.635 |    3.322 | 
     | add_131_40_g1557       | A ^ -> CO ^ | ADHM4TP   | 0.081 |   2.716 |    3.404 | 
     | add_131_40_g1556       | A ^ -> CO ^ | ADHM4TP   | 0.080 |   2.796 |    3.484 | 
     | add_131_40_g1555       | A ^ -> CO ^ | ADHM4TP   | 0.080 |   2.877 |    3.564 | 
     | add_131_40_g1554       | A ^ -> CO ^ | ADHM4TP   | 0.081 |   2.958 |    3.645 | 
     | add_131_40_g1553       | A ^ -> CO ^ | ADHM4TP   | 0.081 |   3.038 |    3.726 | 
     | add_131_40_g1552       | A ^ -> CO ^ | ADHM4TP   | 0.080 |   3.119 |    3.807 | 
     | add_131_40_g1551       | A ^ -> CO ^ | ADHM4TP   | 0.082 |   3.201 |    3.889 | 
     | add_131_40_g1550       | A ^ -> CO ^ | ADHM4TP   | 0.080 |   3.281 |    3.969 | 
     | add_131_40_g1549       | A ^ -> CO ^ | ADHM4TP   | 0.082 |   3.363 |    4.051 | 
     | add_131_40_g1548       | A ^ -> CO ^ | ADHM4TP   | 0.081 |   3.444 |    4.132 | 
     | add_131_40_g1547       | A ^ -> CO ^ | ADHM4TP   | 0.082 |   3.526 |    4.214 | 
     | add_131_40_g1546       | A ^ -> CO ^ | ADHM4TP   | 0.080 |   3.606 |    4.294 | 
     | add_131_40_g1545       | A ^ -> CO ^ | ADHM4TP   | 0.085 |   3.691 |    4.379 | 
     | add_131_40_g1544       | A ^ -> CO ^ | ADHM4TP   | 0.082 |   3.773 |    4.461 | 
     | add_131_40_g1543       | A ^ -> CO ^ | ADHM4TP   | 0.080 |   3.853 |    4.541 | 
     | add_131_40_g1542       | A ^ -> CO ^ | ADHM4TP   | 0.078 |   3.932 |    4.619 | 
     | add_131_40_g1541       | A ^ -> CO ^ | ADHM4TP   | 0.080 |   4.012 |    4.700 | 
     | add_131_40_g1540       | A ^ -> CO ^ | ADHM4TP   | 0.081 |   4.093 |    4.781 | 
     | add_131_40_g1539       | A ^ -> CO ^ | ADHM4TP   | 0.080 |   4.172 |    4.860 | 
     | add_131_40_g1538       | A ^ -> CO ^ | ADHM4TP   | 0.079 |   4.252 |    4.939 | 
     | add_131_40_g1537       | A ^ -> CO ^ | ADHM4TP   | 0.079 |   4.331 |    5.018 | 
     | add_131_40_g1536       | A ^ -> CO ^ | ADHM4TP   | 0.085 |   4.416 |    5.103 | 
     | FE_RC_34_0             | A ^ -> Z v  | INVM2TP   | 0.045 |   4.460 |    5.148 | 
     | FE_RC_28_0             | B v -> Z ^  | NR2B1M6TP | 0.048 |   4.508 |    5.196 | 
     | add_131_40_g1532       | A ^ -> CO ^ | ADHM8TP   | 0.102 |   4.611 |    5.298 | 
     | add_131_40_g1531       | A ^ -> CO ^ | ADHM4TP   | 0.094 |   4.704 |    5.392 | 
     | add_131_40_g1530       | A ^ -> CO ^ | ADHM4TP   | 0.080 |   4.785 |    5.473 | 
     | add_131_40_g1529       | A ^ -> CO ^ | ADHM4TP   | 0.082 |   4.866 |    5.554 | 
     | add_131_40_g1528       | A ^ -> CO ^ | ADHM4TP   | 0.084 |   4.950 |    5.638 | 
     | add_131_40_g1527       | A ^ -> CO ^ | ADHM4TP   | 0.081 |   5.031 |    5.719 | 
     | add_131_40_g1526       | A ^ -> CO ^ | ADHM4TP   | 0.078 |   5.109 |    5.797 | 
     | add_131_40_g1525       | A ^ -> CO ^ | ADHM4TP   | 0.078 |   5.187 |    5.874 | 
     | add_131_40_g1524       | A ^ -> CO ^ | ADHM4TP   | 0.081 |   5.267 |    5.955 | 
     | add_131_40_g1523       | A ^ -> CO ^ | ADHM4TP   | 0.081 |   5.348 |    6.036 | 
     | add_131_40_g1522       | A ^ -> CO ^ | ADHM4TP   | 0.079 |   5.427 |    6.115 | 
     | add_131_40_g1521       | A ^ -> CO ^ | ADHM4TP   | 0.079 |   5.506 |    6.193 | 
     | add_131_40_g1520       | A ^ -> CO ^ | ADHM4TP   | 0.079 |   5.584 |    6.272 | 
     | add_131_40_g1519       | A ^ -> CO ^ | ADHM4TP   | 0.081 |   5.665 |    6.353 | 
     | add_131_40_g1518       | A ^ -> CO ^ | ADHM4TP   | 0.099 |   5.764 |    6.452 | 
     | FE_RC_9_0              | A ^ -> Z v  | INVM3TP   | 0.038 |   5.802 |    6.490 | 
     | FE_RC_8_0              | B v -> Z ^  | NR2B1M6TP | 0.048 |   5.850 |    6.538 | 
     | add_131_40_g1515       | A ^ -> CO ^ | ADHM4TP   | 0.085 |   5.935 |    6.623 | 
     | add_131_40_g1514       | A ^ -> CO ^ | ADHM4TP   | 0.081 |   6.016 |    6.704 | 
     | add_131_40_g1513       | A ^ -> CO ^ | ADHM4TP   | 0.082 |   6.098 |    6.786 | 
     | add_131_40_g1512       | A ^ -> CO ^ | ADHM4TP   | 0.082 |   6.180 |    6.868 | 
     | add_131_40_g1511       | A ^ -> CO ^ | ADHM4TP   | 0.081 |   6.261 |    6.949 | 
     | add_131_40_g1510       | A ^ -> CO ^ | ADHM4TP   | 0.080 |   6.341 |    7.029 | 
     | add_131_40_g1509       | A ^ -> CO ^ | ADHM4TP   | 0.079 |   6.420 |    7.108 | 
     | add_131_40_g1508       | A ^ -> CO ^ | ADHM4TP   | 0.086 |   6.506 |    7.194 | 
     | add_131_40_g1507       | A ^ -> CO ^ | ADHM4TP   | 0.083 |   6.589 |    7.277 | 
     | add_131_40_g1506       | A ^ -> CO ^ | ADHM4TP   | 0.080 |   6.669 |    7.357 | 
     | add_131_40_g1505       | A ^ -> CO ^ | ADHM4TP   | 0.079 |   6.748 |    7.436 | 
     | add_131_40_g1504       | A ^ -> CO ^ | ADHM4TP   | 0.079 |   6.827 |    7.515 | 
     | add_131_40_g1503       | A ^ -> CO ^ | ADHM4TP   | 0.080 |   6.907 |    7.595 | 
     | add_131_40_g1502       | A ^ -> CO ^ | ADHM4TP   | 0.079 |   6.986 |    7.674 | 
     | add_131_40_g1501       | A ^ -> CO ^ | ADHM4TP   | 0.079 |   7.065 |    7.753 | 
     | add_131_40_g1500       | A ^ -> CO ^ | ADHM4TP   | 0.082 |   7.148 |    7.836 | 
     | add_131_40_g1499       | A ^ -> CO ^ | ADHM4TP   | 0.081 |   7.229 |    7.917 | 
     | add_131_40_g1498       | A ^ -> CO ^ | ADHM4TP   | 0.079 |   7.308 |    7.995 | 
     | add_131_40_g1497       | A ^ -> CO ^ | ADHM4TP   | 0.079 |   7.386 |    8.074 | 
     | add_131_40_g1496       | A ^ -> CO ^ | ADHM4TP   | 0.079 |   7.465 |    8.153 | 
     | add_131_40_g1495       | A ^ -> CO ^ | ADHM4TP   | 0.080 |   7.545 |    8.233 | 
     | add_131_40_g1494       | A ^ -> CO ^ | ADHM4TP   | 0.082 |   7.627 |    8.315 | 
     | add_131_40_g1493       | A ^ -> CO ^ | ADHM4TP   | 0.080 |   7.708 |    8.395 | 
     | add_131_40_g1492       | A ^ -> CO ^ | ADHM4TP   | 0.080 |   7.787 |    8.475 | 
     | add_131_40_g1491       | A ^ -> CO ^ | ADHM4TP   | 0.079 |   7.866 |    8.554 | 
     | add_131_40_g1490       | A ^ -> CO ^ | ADHM4TP   | 0.080 |   7.946 |    8.634 | 
     | add_131_40_g1489       | A ^ -> CO ^ | ADHM4TP   | 0.081 |   8.027 |    8.715 | 
     | add_131_40_g1488       | A ^ -> CO ^ | ADHM4TP   | 0.082 |   8.109 |    8.797 | 
     | add_131_40_g1487       | A ^ -> CO ^ | ADHM4TP   | 0.083 |   8.192 |    8.879 | 
     | add_131_40_g1486       | A ^ -> CO ^ | ADHM4TP   | 0.080 |   8.271 |    8.959 | 
     | add_131_40_g1485       | A ^ -> CO ^ | ADHM4TP   | 0.078 |   8.350 |    9.037 | 
     | add_131_40_g1484       | A ^ -> CO ^ | ADHM4TP   | 0.079 |   8.429 |    9.116 | 
     | add_131_40_g1483       | A ^ -> CO ^ | ADHM4TP   | 0.079 |   8.507 |    9.195 | 
     | add_131_40_g1482       | A ^ -> CO ^ | ADHM4TP   | 0.091 |   8.598 |    9.286 | 
     | FE_RC_49_0             | A ^ -> Z v  | INVM2TP   | 0.038 |   8.636 |    9.324 | 
     | FE_RC_48_0             | B v -> Z ^  | NR2B1M4TP | 0.056 |   8.692 |    9.380 | 
     | add_131_40_g1478       | A ^ -> CO ^ | ADHM4TP   | 0.090 |   8.782 |    9.470 | 
     | add_131_40_g1477       | A ^ -> CO ^ | ADHM4TP   | 0.080 |   8.863 |    9.550 | 
     | add_131_40_g1476       | A ^ -> CO ^ | ADHM4TP   | 0.084 |   8.947 |    9.634 | 
     | add_131_40_g1475       | A ^ -> CO ^ | ADHM4TP   | 0.081 |   9.028 |    9.715 | 
     | add_131_40_g1474       | A ^ -> S v  | ADHM4TP   | 0.121 |   9.148 |    9.836 | 
     | g76756                 | A2 v -> Z v | AO22M2TP  | 0.148 |   9.296 |    9.984 | 
     | nonce_counter_reg[121] | D v         | DFQRM1TP  | 0.000 |   9.296 |    9.984 | 
     +-------------------------------------------------------------------------------+ 
Path 8: MET Setup Check with Pin nonce_counter_reg[116]/CK 
Endpoint:   nonce_counter_reg[116]/D (^) checked with  leading edge of 'clk'
Beginpoint: nonce_counter_reg[5]/Q   (^) triggered by  leading edge of 'clk'
Path Groups: {clk}
Analysis View: av_setup
Other End Arrival Time          0.000
- Setup                         0.045
+ Phase Shift                  10.000
= Required Time                 9.955
- Arrival Time                  9.170
= Slack Time                    0.785
     Clock Rise Edge                 0.000
     + Clock Network Latency (Ideal) 0.000
     = Beginpoint Arrival Time       0.000
     +------------------------------------------------------------------------------------+ 
     |          Instance          |     Arc     |    Cell    | Delay | Arrival | Required | 
     |                            |             |            |       |  Time   |   Time   | 
     |----------------------------+-------------+------------+-------+---------+----------| 
     | nonce_counter_reg[5]       | CK ^        |            |       |   0.000 |    0.785 | 
     | nonce_counter_reg[5]       | CK ^ -> Q ^ | DFQRM4TP   | 0.224 |   0.224 |    1.009 | 
     | add_131_40_g1591           | B ^ -> Z ^  | AN2M4TP    | 0.100 |   0.324 |    1.109 | 
     | add_131_40_g1589           | A ^ -> CO ^ | ADHM4TP    | 0.084 |   0.409 |    1.194 | 
     | add_131_40_g1588           | A ^ -> CO ^ | ADHM4TP    | 0.081 |   0.490 |    1.275 | 
     | add_131_40_g1587           | A ^ -> CO ^ | ADHM4TP    | 0.083 |   0.573 |    1.357 | 
     | add_131_40_g1586           | A ^ -> CO ^ | ADHM4TP    | 0.081 |   0.654 |    1.439 | 
     | add_131_40_g1585           | A ^ -> CO ^ | ADHM4TP    | 0.079 |   0.733 |    1.517 | 
     | add_131_40_g1584           | A ^ -> CO ^ | ADHM4TP    | 0.087 |   0.820 |    1.604 | 
     | add_131_40_g1583           | A ^ -> CO ^ | ADHM4TP    | 0.084 |   0.904 |    1.689 | 
     | add_131_40_g1582           | A ^ -> CO ^ | ADHM4TP    | 0.079 |   0.983 |    1.768 | 
     | add_131_40_g1581           | A ^ -> CO ^ | ADHM4TP    | 0.078 |   1.061 |    1.846 | 
     | add_131_40_g1580           | A ^ -> CO ^ | ADHM4TP    | 0.085 |   1.146 |    1.931 | 
     | add_131_40_g1579           | A ^ -> CO ^ | ADHM4TP    | 0.083 |   1.229 |    2.014 | 
     | add_131_40_g1578           | A ^ -> CO ^ | ADHM4TP    | 0.078 |   1.307 |    2.092 | 
     | add_131_40_g1577           | A ^ -> CO ^ | ADHM4TP    | 0.078 |   1.385 |    2.170 | 
     | add_131_40_g1576           | A ^ -> CO ^ | ADHM4TP    | 0.082 |   1.467 |    2.252 | 
     | add_131_40_g1575           | A ^ -> CO ^ | ADHM4TP    | 0.082 |   1.549 |    2.334 | 
     | add_131_40_g1574           | A ^ -> CO ^ | ADHM4TP    | 0.080 |   1.629 |    2.414 | 
     | add_131_40_g1573           | A ^ -> CO ^ | ADHM4TP    | 0.086 |   1.716 |    2.500 | 
     | FE_RC_77_0                 | A ^ -> Z v  | ND3M6TP    | 0.045 |   1.760 |    2.545 | 
     | FE_RC_65_0                 | B v -> Z ^  | NR2B1M6TP  | 0.063 |   1.823 |    2.608 | 
     | add_131_40_g1567           | A ^ -> CO ^ | ADHM4TP    | 0.088 |   1.911 |    2.696 | 
     | add_131_40_g1566           | A ^ -> CO ^ | ADHM4TP    | 0.081 |   1.992 |    2.777 | 
     | add_131_40_g1565           | A ^ -> CO ^ | ADHM4TP    | 0.080 |   2.072 |    2.857 | 
     | add_131_40_g1564           | A ^ -> CO ^ | ADHM4TP    | 0.082 |   2.154 |    2.939 | 
     | add_131_40_g1563           | A ^ -> CO ^ | ADHM4TP    | 0.081 |   2.235 |    3.020 | 
     | add_131_40_g1562           | A ^ -> CO ^ | ADHM4TP    | 0.079 |   2.314 |    3.099 | 
     | add_131_40_g1561           | A ^ -> CO ^ | ADHM4TP    | 0.079 |   2.393 |    3.178 | 
     | add_131_40_g1560           | A ^ -> CO ^ | ADHM4TP    | 0.080 |   2.473 |    3.258 | 
     | add_131_40_g1559           | A ^ -> CO ^ | ADHM4TP    | 0.079 |   2.552 |    3.337 | 
     | add_131_40_g1558           | A ^ -> CO ^ | ADHM4TP    | 0.082 |   2.635 |    3.419 | 
     | add_131_40_g1557           | A ^ -> CO ^ | ADHM4TP    | 0.081 |   2.716 |    3.501 | 
     | add_131_40_g1556           | A ^ -> CO ^ | ADHM4TP    | 0.080 |   2.796 |    3.581 | 
     | add_131_40_g1555           | A ^ -> CO ^ | ADHM4TP    | 0.080 |   2.877 |    3.661 | 
     | add_131_40_g1554           | A ^ -> CO ^ | ADHM4TP    | 0.081 |   2.958 |    3.742 | 
     | add_131_40_g1553           | A ^ -> CO ^ | ADHM4TP    | 0.081 |   3.038 |    3.823 | 
     | add_131_40_g1552           | A ^ -> CO ^ | ADHM4TP    | 0.080 |   3.119 |    3.904 | 
     | add_131_40_g1551           | A ^ -> CO ^ | ADHM4TP    | 0.082 |   3.201 |    3.986 | 
     | add_131_40_g1550           | A ^ -> CO ^ | ADHM4TP    | 0.080 |   3.281 |    4.066 | 
     | add_131_40_g1549           | A ^ -> CO ^ | ADHM4TP    | 0.082 |   3.363 |    4.148 | 
     | add_131_40_g1548           | A ^ -> CO ^ | ADHM4TP    | 0.081 |   3.444 |    4.229 | 
     | add_131_40_g1547           | A ^ -> CO ^ | ADHM4TP    | 0.082 |   3.526 |    4.311 | 
     | add_131_40_g1546           | A ^ -> CO ^ | ADHM4TP    | 0.080 |   3.606 |    4.391 | 
     | add_131_40_g1545           | A ^ -> CO ^ | ADHM4TP    | 0.085 |   3.691 |    4.476 | 
     | add_131_40_g1544           | A ^ -> CO ^ | ADHM4TP    | 0.082 |   3.773 |    4.558 | 
     | add_131_40_g1543           | A ^ -> CO ^ | ADHM4TP    | 0.080 |   3.853 |    4.638 | 
     | add_131_40_g1542           | A ^ -> CO ^ | ADHM4TP    | 0.078 |   3.932 |    4.716 | 
     | add_131_40_g1541           | A ^ -> CO ^ | ADHM4TP    | 0.080 |   4.012 |    4.797 | 
     | add_131_40_g1540           | A ^ -> CO ^ | ADHM4TP    | 0.081 |   4.093 |    4.878 | 
     | add_131_40_g1539           | A ^ -> CO ^ | ADHM4TP    | 0.080 |   4.172 |    4.957 | 
     | add_131_40_g1538           | A ^ -> CO ^ | ADHM4TP    | 0.079 |   4.252 |    5.036 | 
     | add_131_40_g1537           | A ^ -> CO ^ | ADHM4TP    | 0.079 |   4.331 |    5.115 | 
     | add_131_40_g1536           | A ^ -> CO ^ | ADHM4TP    | 0.085 |   4.416 |    5.200 | 
     | FE_RC_34_0                 | A ^ -> Z v  | INVM2TP    | 0.045 |   4.460 |    5.245 | 
     | FE_RC_28_0                 | B v -> Z ^  | NR2B1M6TP  | 0.048 |   4.508 |    5.293 | 
     | add_131_40_g1532           | A ^ -> CO ^ | ADHM8TP    | 0.102 |   4.611 |    5.396 | 
     | add_131_40_g1531           | A ^ -> CO ^ | ADHM4TP    | 0.094 |   4.704 |    5.489 | 
     | add_131_40_g1530           | A ^ -> CO ^ | ADHM4TP    | 0.080 |   4.785 |    5.570 | 
     | add_131_40_g1529           | A ^ -> CO ^ | ADHM4TP    | 0.082 |   4.866 |    5.651 | 
     | add_131_40_g1528           | A ^ -> CO ^ | ADHM4TP    | 0.084 |   4.950 |    5.735 | 
     | add_131_40_g1527           | A ^ -> CO ^ | ADHM4TP    | 0.081 |   5.031 |    5.816 | 
     | add_131_40_g1526           | A ^ -> CO ^ | ADHM4TP    | 0.078 |   5.109 |    5.894 | 
     | add_131_40_g1525           | A ^ -> CO ^ | ADHM4TP    | 0.078 |   5.187 |    5.971 | 
     | add_131_40_g1524           | A ^ -> CO ^ | ADHM4TP    | 0.081 |   5.267 |    6.052 | 
     | add_131_40_g1523           | A ^ -> CO ^ | ADHM4TP    | 0.081 |   5.348 |    6.133 | 
     | add_131_40_g1522           | A ^ -> CO ^ | ADHM4TP    | 0.079 |   5.427 |    6.212 | 
     | add_131_40_g1521           | A ^ -> CO ^ | ADHM4TP    | 0.079 |   5.506 |    6.291 | 
     | add_131_40_g1520           | A ^ -> CO ^ | ADHM4TP    | 0.079 |   5.584 |    6.369 | 
     | add_131_40_g1519           | A ^ -> CO ^ | ADHM4TP    | 0.081 |   5.665 |    6.450 | 
     | add_131_40_g1518           | A ^ -> CO ^ | ADHM4TP    | 0.099 |   5.764 |    6.549 | 
     | FE_RC_9_0                  | A ^ -> Z v  | INVM3TP    | 0.038 |   5.802 |    6.587 | 
     | FE_RC_8_0                  | B v -> Z ^  | NR2B1M6TP  | 0.048 |   5.850 |    6.635 | 
     | add_131_40_g1515           | A ^ -> CO ^ | ADHM4TP    | 0.085 |   5.935 |    6.720 | 
     | add_131_40_g1514           | A ^ -> CO ^ | ADHM4TP    | 0.081 |   6.016 |    6.801 | 
     | add_131_40_g1513           | A ^ -> CO ^ | ADHM4TP    | 0.082 |   6.098 |    6.883 | 
     | add_131_40_g1512           | A ^ -> CO ^ | ADHM4TP    | 0.082 |   6.180 |    6.965 | 
     | add_131_40_g1511           | A ^ -> CO ^ | ADHM4TP    | 0.081 |   6.261 |    7.046 | 
     | add_131_40_g1510           | A ^ -> CO ^ | ADHM4TP    | 0.080 |   6.341 |    7.126 | 
     | add_131_40_g1509           | A ^ -> CO ^ | ADHM4TP    | 0.079 |   6.420 |    7.205 | 
     | add_131_40_g1508           | A ^ -> CO ^ | ADHM4TP    | 0.086 |   6.506 |    7.291 | 
     | add_131_40_g1507           | A ^ -> CO ^ | ADHM4TP    | 0.083 |   6.589 |    7.374 | 
     | add_131_40_g1506           | A ^ -> CO ^ | ADHM4TP    | 0.080 |   6.669 |    7.454 | 
     | add_131_40_g1505           | A ^ -> CO ^ | ADHM4TP    | 0.079 |   6.748 |    7.533 | 
     | add_131_40_g1504           | A ^ -> CO ^ | ADHM4TP    | 0.079 |   6.827 |    7.612 | 
     | add_131_40_g1503           | A ^ -> CO ^ | ADHM4TP    | 0.080 |   6.907 |    7.692 | 
     | add_131_40_g1502           | A ^ -> CO ^ | ADHM4TP    | 0.079 |   6.986 |    7.771 | 
     | add_131_40_g1501           | A ^ -> CO ^ | ADHM4TP    | 0.079 |   7.065 |    7.850 | 
     | add_131_40_g1500           | A ^ -> CO ^ | ADHM4TP    | 0.082 |   7.148 |    7.933 | 
     | add_131_40_g1499           | A ^ -> CO ^ | ADHM4TP    | 0.081 |   7.229 |    8.014 | 
     | add_131_40_g1498           | A ^ -> CO ^ | ADHM4TP    | 0.079 |   7.308 |    8.093 | 
     | add_131_40_g1497           | A ^ -> CO ^ | ADHM4TP    | 0.079 |   7.386 |    8.171 | 
     | add_131_40_g1496           | A ^ -> CO ^ | ADHM4TP    | 0.079 |   7.465 |    8.250 | 
     | add_131_40_g1495           | A ^ -> CO ^ | ADHM4TP    | 0.080 |   7.545 |    8.330 | 
     | add_131_40_g1494           | A ^ -> CO ^ | ADHM4TP    | 0.082 |   7.627 |    8.412 | 
     | add_131_40_g1493           | A ^ -> CO ^ | ADHM4TP    | 0.080 |   7.708 |    8.492 | 
     | add_131_40_g1492           | A ^ -> CO ^ | ADHM4TP    | 0.080 |   7.787 |    8.572 | 
     | add_131_40_g1491           | A ^ -> CO ^ | ADHM4TP    | 0.079 |   7.866 |    8.651 | 
     | add_131_40_g1490           | A ^ -> CO ^ | ADHM4TP    | 0.080 |   7.946 |    8.731 | 
     | add_131_40_g1489           | A ^ -> CO ^ | ADHM4TP    | 0.081 |   8.027 |    8.812 | 
     | add_131_40_g1488           | A ^ -> CO ^ | ADHM4TP    | 0.082 |   8.109 |    8.894 | 
     | add_131_40_g1487           | A ^ -> CO ^ | ADHM4TP    | 0.083 |   8.192 |    8.976 | 
     | add_131_40_g1486           | A ^ -> CO ^ | ADHM4TP    | 0.080 |   8.271 |    9.056 | 
     | add_131_40_g1485           | A ^ -> CO ^ | ADHM4TP    | 0.078 |   8.350 |    9.134 | 
     | add_131_40_g1484           | A ^ -> CO ^ | ADHM4TP    | 0.079 |   8.429 |    9.214 | 
     | add_131_40_g1483           | A ^ -> CO ^ | ADHM4TP    | 0.079 |   8.507 |    9.292 | 
     | add_131_40_g1482           | A ^ -> CO ^ | ADHM4TP    | 0.091 |   8.598 |    9.383 | 
     | FE_RC_54_0                 | A ^ -> Z v  | INVM2TP    | 0.033 |   8.631 |    9.416 | 
     | FE_RC_53_0                 | B v -> Z ^  | NR2B1M1TP  | 0.175 |   8.806 |    9.590 | 
     | FE_OFC249_add_131_40_n_219 | A ^ -> Z v  | INVM1TP    | 0.098 |   8.903 |    9.688 | 
     | FE_RC_42_0                 | A2 v -> Z ^ | OAI222M2TP | 0.085 |   8.989 |    9.773 | 
     | g76751                     | A2 ^ -> Z ^ | AO22M1TP   | 0.181 |   9.170 |    9.955 | 
     | nonce_counter_reg[116]     | D ^         | DFQRM1TP   | 0.000 |   9.170 |    9.955 | 
     +------------------------------------------------------------------------------------+ 
Path 9: MET Setup Check with Pin nonce_counter_reg[120]/CK 
Endpoint:   nonce_counter_reg[120]/D (v) checked with  leading edge of 'clk'
Beginpoint: nonce_counter_reg[5]/Q   (^) triggered by  leading edge of 'clk'
Path Groups: {clk}
Analysis View: av_setup
Other End Arrival Time          0.000
- Setup                         0.015
+ Phase Shift                  10.000
= Required Time                 9.985
- Arrival Time                  9.181
= Slack Time                    0.804
     Clock Rise Edge                 0.000
     + Clock Network Latency (Ideal) 0.000
     = Beginpoint Arrival Time       0.000
     +-------------------------------------------------------------------------------+ 
     |        Instance        |     Arc     |   Cell    | Delay | Arrival | Required | 
     |                        |             |           |       |  Time   |   Time   | 
     |------------------------+-------------+-----------+-------+---------+----------| 
     | nonce_counter_reg[5]   | CK ^        |           |       |   0.000 |    0.804 | 
     | nonce_counter_reg[5]   | CK ^ -> Q ^ | DFQRM4TP  | 0.224 |   0.224 |    1.028 | 
     | add_131_40_g1591       | B ^ -> Z ^  | AN2M4TP   | 0.100 |   0.324 |    1.128 | 
     | add_131_40_g1589       | A ^ -> CO ^ | ADHM4TP   | 0.084 |   0.409 |    1.212 | 
     | add_131_40_g1588       | A ^ -> CO ^ | ADHM4TP   | 0.081 |   0.490 |    1.294 | 
     | add_131_40_g1587       | A ^ -> CO ^ | ADHM4TP   | 0.083 |   0.573 |    1.376 | 
     | add_131_40_g1586       | A ^ -> CO ^ | ADHM4TP   | 0.081 |   0.654 |    1.458 | 
     | add_131_40_g1585       | A ^ -> CO ^ | ADHM4TP   | 0.079 |   0.733 |    1.536 | 
     | add_131_40_g1584       | A ^ -> CO ^ | ADHM4TP   | 0.087 |   0.820 |    1.623 | 
     | add_131_40_g1583       | A ^ -> CO ^ | ADHM4TP   | 0.084 |   0.904 |    1.708 | 
     | add_131_40_g1582       | A ^ -> CO ^ | ADHM4TP   | 0.079 |   0.983 |    1.786 | 
     | add_131_40_g1581       | A ^ -> CO ^ | ADHM4TP   | 0.078 |   1.061 |    1.865 | 
     | add_131_40_g1580       | A ^ -> CO ^ | ADHM4TP   | 0.085 |   1.146 |    1.950 | 
     | add_131_40_g1579       | A ^ -> CO ^ | ADHM4TP   | 0.083 |   1.229 |    2.032 | 
     | add_131_40_g1578       | A ^ -> CO ^ | ADHM4TP   | 0.078 |   1.307 |    2.111 | 
     | add_131_40_g1577       | A ^ -> CO ^ | ADHM4TP   | 0.078 |   1.385 |    2.189 | 
     | add_131_40_g1576       | A ^ -> CO ^ | ADHM4TP   | 0.082 |   1.467 |    2.271 | 
     | add_131_40_g1575       | A ^ -> CO ^ | ADHM4TP   | 0.082 |   1.549 |    2.353 | 
     | add_131_40_g1574       | A ^ -> CO ^ | ADHM4TP   | 0.080 |   1.629 |    2.433 | 
     | add_131_40_g1573       | A ^ -> CO ^ | ADHM4TP   | 0.086 |   1.716 |    2.519 | 
     | FE_RC_77_0             | A ^ -> Z v  | ND3M6TP   | 0.045 |   1.760 |    2.564 | 
     | FE_RC_65_0             | B v -> Z ^  | NR2B1M6TP | 0.063 |   1.823 |    2.627 | 
     | add_131_40_g1567       | A ^ -> CO ^ | ADHM4TP   | 0.088 |   1.911 |    2.715 | 
     | add_131_40_g1566       | A ^ -> CO ^ | ADHM4TP   | 0.081 |   1.992 |    2.796 | 
     | add_131_40_g1565       | A ^ -> CO ^ | ADHM4TP   | 0.080 |   2.072 |    2.876 | 
     | add_131_40_g1564       | A ^ -> CO ^ | ADHM4TP   | 0.082 |   2.154 |    2.958 | 
     | add_131_40_g1563       | A ^ -> CO ^ | ADHM4TP   | 0.081 |   2.235 |    3.039 | 
     | add_131_40_g1562       | A ^ -> CO ^ | ADHM4TP   | 0.079 |   2.314 |    3.118 | 
     | add_131_40_g1561       | A ^ -> CO ^ | ADHM4TP   | 0.079 |   2.393 |    3.197 | 
     | add_131_40_g1560       | A ^ -> CO ^ | ADHM4TP   | 0.080 |   2.473 |    3.277 | 
     | add_131_40_g1559       | A ^ -> CO ^ | ADHM4TP   | 0.079 |   2.552 |    3.356 | 
     | add_131_40_g1558       | A ^ -> CO ^ | ADHM4TP   | 0.082 |   2.635 |    3.438 | 
     | add_131_40_g1557       | A ^ -> CO ^ | ADHM4TP   | 0.081 |   2.716 |    3.520 | 
     | add_131_40_g1556       | A ^ -> CO ^ | ADHM4TP   | 0.080 |   2.796 |    3.600 | 
     | add_131_40_g1555       | A ^ -> CO ^ | ADHM4TP   | 0.080 |   2.877 |    3.680 | 
     | add_131_40_g1554       | A ^ -> CO ^ | ADHM4TP   | 0.081 |   2.958 |    3.761 | 
     | add_131_40_g1553       | A ^ -> CO ^ | ADHM4TP   | 0.081 |   3.038 |    3.842 | 
     | add_131_40_g1552       | A ^ -> CO ^ | ADHM4TP   | 0.080 |   3.119 |    3.923 | 
     | add_131_40_g1551       | A ^ -> CO ^ | ADHM4TP   | 0.082 |   3.201 |    4.005 | 
     | add_131_40_g1550       | A ^ -> CO ^ | ADHM4TP   | 0.080 |   3.281 |    4.085 | 
     | add_131_40_g1549       | A ^ -> CO ^ | ADHM4TP   | 0.082 |   3.363 |    4.167 | 
     | add_131_40_g1548       | A ^ -> CO ^ | ADHM4TP   | 0.081 |   3.444 |    4.248 | 
     | add_131_40_g1547       | A ^ -> CO ^ | ADHM4TP   | 0.082 |   3.526 |    4.330 | 
     | add_131_40_g1546       | A ^ -> CO ^ | ADHM4TP   | 0.080 |   3.606 |    4.410 | 
     | add_131_40_g1545       | A ^ -> CO ^ | ADHM4TP   | 0.085 |   3.691 |    4.495 | 
     | add_131_40_g1544       | A ^ -> CO ^ | ADHM4TP   | 0.082 |   3.773 |    4.577 | 
     | add_131_40_g1543       | A ^ -> CO ^ | ADHM4TP   | 0.080 |   3.853 |    4.657 | 
     | add_131_40_g1542       | A ^ -> CO ^ | ADHM4TP   | 0.078 |   3.932 |    4.735 | 
     | add_131_40_g1541       | A ^ -> CO ^ | ADHM4TP   | 0.080 |   4.012 |    4.816 | 
     | add_131_40_g1540       | A ^ -> CO ^ | ADHM4TP   | 0.081 |   4.093 |    4.897 | 
     | add_131_40_g1539       | A ^ -> CO ^ | ADHM4TP   | 0.080 |   4.172 |    4.976 | 
     | add_131_40_g1538       | A ^ -> CO ^ | ADHM4TP   | 0.079 |   4.252 |    5.055 | 
     | add_131_40_g1537       | A ^ -> CO ^ | ADHM4TP   | 0.079 |   4.331 |    5.134 | 
     | add_131_40_g1536       | A ^ -> CO ^ | ADHM4TP   | 0.085 |   4.416 |    5.219 | 
     | FE_RC_34_0             | A ^ -> Z v  | INVM2TP   | 0.045 |   4.460 |    5.264 | 
     | FE_RC_28_0             | B v -> Z ^  | NR2B1M6TP | 0.048 |   4.508 |    5.312 | 
     | add_131_40_g1532       | A ^ -> CO ^ | ADHM8TP   | 0.102 |   4.611 |    5.414 | 
     | add_131_40_g1531       | A ^ -> CO ^ | ADHM4TP   | 0.094 |   4.704 |    5.508 | 
     | add_131_40_g1530       | A ^ -> CO ^ | ADHM4TP   | 0.080 |   4.785 |    5.589 | 
     | add_131_40_g1529       | A ^ -> CO ^ | ADHM4TP   | 0.082 |   4.866 |    5.670 | 
     | add_131_40_g1528       | A ^ -> CO ^ | ADHM4TP   | 0.084 |   4.950 |    5.754 | 
     | add_131_40_g1527       | A ^ -> CO ^ | ADHM4TP   | 0.081 |   5.031 |    5.835 | 
     | add_131_40_g1526       | A ^ -> CO ^ | ADHM4TP   | 0.078 |   5.109 |    5.913 | 
     | add_131_40_g1525       | A ^ -> CO ^ | ADHM4TP   | 0.078 |   5.187 |    5.990 | 
     | add_131_40_g1524       | A ^ -> CO ^ | ADHM4TP   | 0.081 |   5.267 |    6.071 | 
     | add_131_40_g1523       | A ^ -> CO ^ | ADHM4TP   | 0.081 |   5.348 |    6.152 | 
     | add_131_40_g1522       | A ^ -> CO ^ | ADHM4TP   | 0.079 |   5.427 |    6.231 | 
     | add_131_40_g1521       | A ^ -> CO ^ | ADHM4TP   | 0.079 |   5.506 |    6.309 | 
     | add_131_40_g1520       | A ^ -> CO ^ | ADHM4TP   | 0.079 |   5.584 |    6.388 | 
     | add_131_40_g1519       | A ^ -> CO ^ | ADHM4TP   | 0.081 |   5.665 |    6.469 | 
     | add_131_40_g1518       | A ^ -> CO ^ | ADHM4TP   | 0.099 |   5.764 |    6.568 | 
     | FE_RC_9_0              | A ^ -> Z v  | INVM3TP   | 0.038 |   5.802 |    6.606 | 
     | FE_RC_8_0              | B v -> Z ^  | NR2B1M6TP | 0.048 |   5.850 |    6.654 | 
     | add_131_40_g1515       | A ^ -> CO ^ | ADHM4TP   | 0.085 |   5.935 |    6.739 | 
     | add_131_40_g1514       | A ^ -> CO ^ | ADHM4TP   | 0.081 |   6.016 |    6.820 | 
     | add_131_40_g1513       | A ^ -> CO ^ | ADHM4TP   | 0.082 |   6.098 |    6.902 | 
     | add_131_40_g1512       | A ^ -> CO ^ | ADHM4TP   | 0.082 |   6.180 |    6.984 | 
     | add_131_40_g1511       | A ^ -> CO ^ | ADHM4TP   | 0.081 |   6.261 |    7.065 | 
     | add_131_40_g1510       | A ^ -> CO ^ | ADHM4TP   | 0.080 |   6.341 |    7.145 | 
     | add_131_40_g1509       | A ^ -> CO ^ | ADHM4TP   | 0.079 |   6.420 |    7.224 | 
     | add_131_40_g1508       | A ^ -> CO ^ | ADHM4TP   | 0.086 |   6.506 |    7.310 | 
     | add_131_40_g1507       | A ^ -> CO ^ | ADHM4TP   | 0.083 |   6.589 |    7.393 | 
     | add_131_40_g1506       | A ^ -> CO ^ | ADHM4TP   | 0.080 |   6.669 |    7.473 | 
     | add_131_40_g1505       | A ^ -> CO ^ | ADHM4TP   | 0.079 |   6.748 |    7.552 | 
     | add_131_40_g1504       | A ^ -> CO ^ | ADHM4TP   | 0.079 |   6.827 |    7.631 | 
     | add_131_40_g1503       | A ^ -> CO ^ | ADHM4TP   | 0.080 |   6.907 |    7.711 | 
     | add_131_40_g1502       | A ^ -> CO ^ | ADHM4TP   | 0.079 |   6.986 |    7.790 | 
     | add_131_40_g1501       | A ^ -> CO ^ | ADHM4TP   | 0.079 |   7.065 |    7.869 | 
     | add_131_40_g1500       | A ^ -> CO ^ | ADHM4TP   | 0.082 |   7.148 |    7.952 | 
     | add_131_40_g1499       | A ^ -> CO ^ | ADHM4TP   | 0.081 |   7.229 |    8.033 | 
     | add_131_40_g1498       | A ^ -> CO ^ | ADHM4TP   | 0.079 |   7.308 |    8.111 | 
     | add_131_40_g1497       | A ^ -> CO ^ | ADHM4TP   | 0.079 |   7.386 |    8.190 | 
     | add_131_40_g1496       | A ^ -> CO ^ | ADHM4TP   | 0.079 |   7.465 |    8.269 | 
     | add_131_40_g1495       | A ^ -> CO ^ | ADHM4TP   | 0.080 |   7.545 |    8.349 | 
     | add_131_40_g1494       | A ^ -> CO ^ | ADHM4TP   | 0.082 |   7.627 |    8.431 | 
     | add_131_40_g1493       | A ^ -> CO ^ | ADHM4TP   | 0.080 |   7.708 |    8.511 | 
     | add_131_40_g1492       | A ^ -> CO ^ | ADHM4TP   | 0.080 |   7.787 |    8.591 | 
     | add_131_40_g1491       | A ^ -> CO ^ | ADHM4TP   | 0.079 |   7.866 |    8.670 | 
     | add_131_40_g1490       | A ^ -> CO ^ | ADHM4TP   | 0.080 |   7.946 |    8.750 | 
     | add_131_40_g1489       | A ^ -> CO ^ | ADHM4TP   | 0.081 |   8.027 |    8.831 | 
     | add_131_40_g1488       | A ^ -> CO ^ | ADHM4TP   | 0.082 |   8.109 |    8.913 | 
     | add_131_40_g1487       | A ^ -> CO ^ | ADHM4TP   | 0.083 |   8.192 |    8.995 | 
     | add_131_40_g1486       | A ^ -> CO ^ | ADHM4TP   | 0.080 |   8.271 |    9.075 | 
     | add_131_40_g1485       | A ^ -> CO ^ | ADHM4TP   | 0.078 |   8.350 |    9.153 | 
     | add_131_40_g1484       | A ^ -> CO ^ | ADHM4TP   | 0.079 |   8.429 |    9.232 | 
     | add_131_40_g1483       | A ^ -> CO ^ | ADHM4TP   | 0.079 |   8.507 |    9.311 | 
     | add_131_40_g1482       | A ^ -> CO ^ | ADHM4TP   | 0.091 |   8.598 |    9.402 | 
     | FE_RC_49_0             | A ^ -> Z v  | INVM2TP   | 0.038 |   8.636 |    9.440 | 
     | FE_RC_48_0             | B v -> Z ^  | NR2B1M4TP | 0.056 |   8.692 |    9.496 | 
     | add_131_40_g1478       | A ^ -> CO ^ | ADHM4TP   | 0.090 |   8.782 |    9.586 | 
     | add_131_40_g1477       | A ^ -> CO ^ | ADHM4TP   | 0.080 |   8.863 |    9.666 | 
     | add_131_40_g1476       | A ^ -> CO ^ | ADHM4TP   | 0.084 |   8.947 |    9.750 | 
     | add_131_40_g1475       | A ^ -> S v  | ADHM4TP   | 0.123 |   9.070 |    9.874 | 
     | FE_RC_0_0              | B1 v -> Z v | AO22M2TP  | 0.111 |   9.181 |    9.985 | 
     | nonce_counter_reg[120] | D v         | DFQRM1TP  | 0.000 |   9.181 |    9.985 | 
     +-------------------------------------------------------------------------------+ 
Path 10: MET Setup Check with Pin nonce_counter_reg[115]/CK 
Endpoint:   nonce_counter_reg[115]/D (^) checked with  leading edge of 'clk'
Beginpoint: nonce_counter_reg[5]/Q   (^) triggered by  leading edge of 'clk'
Path Groups: {clk}
Analysis View: av_setup
Other End Arrival Time          0.000
- Setup                         0.046
+ Phase Shift                  10.000
= Required Time                 9.954
- Arrival Time                  9.131
= Slack Time                    0.823
     Clock Rise Edge                 0.000
     + Clock Network Latency (Ideal) 0.000
     = Beginpoint Arrival Time       0.000
     +-----------------------------------------------------------------------------------+ 
     |        Instance        |     Arc      |     Cell     | Delay | Arrival | Required | 
     |                        |              |              |       |  Time   |   Time   | 
     |------------------------+--------------+--------------+-------+---------+----------| 
     | nonce_counter_reg[5]   | CK ^         |              |       |   0.000 |    0.823 | 
     | nonce_counter_reg[5]   | CK ^ -> Q ^  | DFQRM4TP     | 0.224 |   0.224 |    1.047 | 
     | add_131_40_g1591       | B ^ -> Z ^   | AN2M4TP      | 0.100 |   0.324 |    1.147 | 
     | add_131_40_g1589       | A ^ -> CO ^  | ADHM4TP      | 0.084 |   0.409 |    1.231 | 
     | add_131_40_g1588       | A ^ -> CO ^  | ADHM4TP      | 0.081 |   0.490 |    1.313 | 
     | add_131_40_g1587       | A ^ -> CO ^  | ADHM4TP      | 0.083 |   0.573 |    1.395 | 
     | add_131_40_g1586       | A ^ -> CO ^  | ADHM4TP      | 0.081 |   0.654 |    1.477 | 
     | add_131_40_g1585       | A ^ -> CO ^  | ADHM4TP      | 0.079 |   0.733 |    1.555 | 
     | add_131_40_g1584       | A ^ -> CO ^  | ADHM4TP      | 0.087 |   0.820 |    1.642 | 
     | add_131_40_g1583       | A ^ -> CO ^  | ADHM4TP      | 0.084 |   0.904 |    1.727 | 
     | add_131_40_g1582       | A ^ -> CO ^  | ADHM4TP      | 0.079 |   0.983 |    1.805 | 
     | add_131_40_g1581       | A ^ -> CO ^  | ADHM4TP      | 0.078 |   1.061 |    1.884 | 
     | add_131_40_g1580       | A ^ -> CO ^  | ADHM4TP      | 0.085 |   1.146 |    1.969 | 
     | add_131_40_g1579       | A ^ -> CO ^  | ADHM4TP      | 0.083 |   1.229 |    2.051 | 
     | add_131_40_g1578       | A ^ -> CO ^  | ADHM4TP      | 0.078 |   1.307 |    2.130 | 
     | add_131_40_g1577       | A ^ -> CO ^  | ADHM4TP      | 0.078 |   1.385 |    2.208 | 
     | add_131_40_g1576       | A ^ -> CO ^  | ADHM4TP      | 0.082 |   1.467 |    2.290 | 
     | add_131_40_g1575       | A ^ -> CO ^  | ADHM4TP      | 0.082 |   1.549 |    2.372 | 
     | add_131_40_g1574       | A ^ -> CO ^  | ADHM4TP      | 0.080 |   1.629 |    2.452 | 
     | add_131_40_g1573       | A ^ -> CO ^  | ADHM4TP      | 0.086 |   1.716 |    2.538 | 
     | FE_RC_77_0             | A ^ -> Z v   | ND3M6TP      | 0.045 |   1.760 |    2.583 | 
     | FE_RC_65_0             | B v -> Z ^   | NR2B1M6TP    | 0.063 |   1.823 |    2.646 | 
     | add_131_40_g1567       | A ^ -> CO ^  | ADHM4TP      | 0.088 |   1.911 |    2.734 | 
     | add_131_40_g1566       | A ^ -> CO ^  | ADHM4TP      | 0.081 |   1.992 |    2.815 | 
     | add_131_40_g1565       | A ^ -> CO ^  | ADHM4TP      | 0.080 |   2.072 |    2.895 | 
     | add_131_40_g1564       | A ^ -> CO ^  | ADHM4TP      | 0.082 |   2.154 |    2.977 | 
     | add_131_40_g1563       | A ^ -> CO ^  | ADHM4TP      | 0.081 |   2.235 |    3.058 | 
     | add_131_40_g1562       | A ^ -> CO ^  | ADHM4TP      | 0.079 |   2.314 |    3.137 | 
     | add_131_40_g1561       | A ^ -> CO ^  | ADHM4TP      | 0.079 |   2.393 |    3.216 | 
     | add_131_40_g1560       | A ^ -> CO ^  | ADHM4TP      | 0.080 |   2.473 |    3.296 | 
     | add_131_40_g1559       | A ^ -> CO ^  | ADHM4TP      | 0.079 |   2.552 |    3.375 | 
     | add_131_40_g1558       | A ^ -> CO ^  | ADHM4TP      | 0.082 |   2.635 |    3.457 | 
     | add_131_40_g1557       | A ^ -> CO ^  | ADHM4TP      | 0.081 |   2.716 |    3.539 | 
     | add_131_40_g1556       | A ^ -> CO ^  | ADHM4TP      | 0.080 |   2.796 |    3.619 | 
     | add_131_40_g1555       | A ^ -> CO ^  | ADHM4TP      | 0.080 |   2.877 |    3.699 | 
     | add_131_40_g1554       | A ^ -> CO ^  | ADHM4TP      | 0.081 |   2.958 |    3.780 | 
     | add_131_40_g1553       | A ^ -> CO ^  | ADHM4TP      | 0.081 |   3.038 |    3.861 | 
     | add_131_40_g1552       | A ^ -> CO ^  | ADHM4TP      | 0.080 |   3.119 |    3.942 | 
     | add_131_40_g1551       | A ^ -> CO ^  | ADHM4TP      | 0.082 |   3.201 |    4.024 | 
     | add_131_40_g1550       | A ^ -> CO ^  | ADHM4TP      | 0.080 |   3.281 |    4.104 | 
     | add_131_40_g1549       | A ^ -> CO ^  | ADHM4TP      | 0.082 |   3.363 |    4.186 | 
     | add_131_40_g1548       | A ^ -> CO ^  | ADHM4TP      | 0.081 |   3.444 |    4.267 | 
     | add_131_40_g1547       | A ^ -> CO ^  | ADHM4TP      | 0.082 |   3.526 |    4.349 | 
     | add_131_40_g1546       | A ^ -> CO ^  | ADHM4TP      | 0.080 |   3.606 |    4.429 | 
     | add_131_40_g1545       | A ^ -> CO ^  | ADHM4TP      | 0.085 |   3.691 |    4.514 | 
     | add_131_40_g1544       | A ^ -> CO ^  | ADHM4TP      | 0.082 |   3.773 |    4.596 | 
     | add_131_40_g1543       | A ^ -> CO ^  | ADHM4TP      | 0.080 |   3.853 |    4.676 | 
     | add_131_40_g1542       | A ^ -> CO ^  | ADHM4TP      | 0.078 |   3.932 |    4.754 | 
     | add_131_40_g1541       | A ^ -> CO ^  | ADHM4TP      | 0.080 |   4.012 |    4.835 | 
     | add_131_40_g1540       | A ^ -> CO ^  | ADHM4TP      | 0.081 |   4.093 |    4.916 | 
     | add_131_40_g1539       | A ^ -> CO ^  | ADHM4TP      | 0.080 |   4.172 |    4.995 | 
     | add_131_40_g1538       | A ^ -> CO ^  | ADHM4TP      | 0.079 |   4.252 |    5.074 | 
     | add_131_40_g1537       | A ^ -> CO ^  | ADHM4TP      | 0.079 |   4.331 |    5.153 | 
     | add_131_40_g1536       | A ^ -> CO ^  | ADHM4TP      | 0.085 |   4.416 |    5.238 | 
     | FE_RC_34_0             | A ^ -> Z v   | INVM2TP      | 0.045 |   4.460 |    5.283 | 
     | FE_RC_28_0             | B v -> Z ^   | NR2B1M6TP    | 0.048 |   4.508 |    5.331 | 
     | add_131_40_g1532       | A ^ -> CO ^  | ADHM8TP      | 0.102 |   4.611 |    5.433 | 
     | add_131_40_g1531       | A ^ -> CO ^  | ADHM4TP      | 0.094 |   4.704 |    5.527 | 
     | add_131_40_g1530       | A ^ -> CO ^  | ADHM4TP      | 0.080 |   4.785 |    5.608 | 
     | add_131_40_g1529       | A ^ -> CO ^  | ADHM4TP      | 0.082 |   4.866 |    5.689 | 
     | add_131_40_g1528       | A ^ -> CO ^  | ADHM4TP      | 0.084 |   4.950 |    5.773 | 
     | add_131_40_g1527       | A ^ -> CO ^  | ADHM4TP      | 0.081 |   5.031 |    5.854 | 
     | add_131_40_g1526       | A ^ -> CO ^  | ADHM4TP      | 0.078 |   5.109 |    5.932 | 
     | add_131_40_g1525       | A ^ -> CO ^  | ADHM4TP      | 0.078 |   5.187 |    6.009 | 
     | add_131_40_g1524       | A ^ -> CO ^  | ADHM4TP      | 0.081 |   5.267 |    6.090 | 
     | add_131_40_g1523       | A ^ -> CO ^  | ADHM4TP      | 0.081 |   5.348 |    6.171 | 
     | add_131_40_g1522       | A ^ -> CO ^  | ADHM4TP      | 0.079 |   5.427 |    6.250 | 
     | add_131_40_g1521       | A ^ -> CO ^  | ADHM4TP      | 0.079 |   5.506 |    6.328 | 
     | add_131_40_g1520       | A ^ -> CO ^  | ADHM4TP      | 0.079 |   5.584 |    6.407 | 
     | add_131_40_g1519       | A ^ -> CO ^  | ADHM4TP      | 0.081 |   5.665 |    6.488 | 
     | add_131_40_g1518       | A ^ -> CO ^  | ADHM4TP      | 0.099 |   5.764 |    6.587 | 
     | FE_RC_9_0              | A ^ -> Z v   | INVM3TP      | 0.038 |   5.802 |    6.625 | 
     | FE_RC_8_0              | B v -> Z ^   | NR2B1M6TP    | 0.048 |   5.850 |    6.673 | 
     | add_131_40_g1515       | A ^ -> CO ^  | ADHM4TP      | 0.085 |   5.935 |    6.758 | 
     | add_131_40_g1514       | A ^ -> CO ^  | ADHM4TP      | 0.081 |   6.016 |    6.839 | 
     | add_131_40_g1513       | A ^ -> CO ^  | ADHM4TP      | 0.082 |   6.098 |    6.921 | 
     | add_131_40_g1512       | A ^ -> CO ^  | ADHM4TP      | 0.082 |   6.180 |    7.003 | 
     | add_131_40_g1511       | A ^ -> CO ^  | ADHM4TP      | 0.081 |   6.261 |    7.084 | 
     | add_131_40_g1510       | A ^ -> CO ^  | ADHM4TP      | 0.080 |   6.341 |    7.164 | 
     | add_131_40_g1509       | A ^ -> CO ^  | ADHM4TP      | 0.079 |   6.420 |    7.243 | 
     | add_131_40_g1508       | A ^ -> CO ^  | ADHM4TP      | 0.086 |   6.506 |    7.329 | 
     | add_131_40_g1507       | A ^ -> CO ^  | ADHM4TP      | 0.083 |   6.589 |    7.412 | 
     | add_131_40_g1506       | A ^ -> CO ^  | ADHM4TP      | 0.080 |   6.669 |    7.492 | 
     | add_131_40_g1505       | A ^ -> CO ^  | ADHM4TP      | 0.079 |   6.748 |    7.571 | 
     | add_131_40_g1504       | A ^ -> CO ^  | ADHM4TP      | 0.079 |   6.827 |    7.650 | 
     | add_131_40_g1503       | A ^ -> CO ^  | ADHM4TP      | 0.080 |   6.907 |    7.730 | 
     | add_131_40_g1502       | A ^ -> CO ^  | ADHM4TP      | 0.079 |   6.986 |    7.809 | 
     | add_131_40_g1501       | A ^ -> CO ^  | ADHM4TP      | 0.079 |   7.065 |    7.888 | 
     | add_131_40_g1500       | A ^ -> CO ^  | ADHM4TP      | 0.082 |   7.148 |    7.971 | 
     | add_131_40_g1499       | A ^ -> CO ^  | ADHM4TP      | 0.081 |   7.229 |    8.052 | 
     | add_131_40_g1498       | A ^ -> CO ^  | ADHM4TP      | 0.079 |   7.308 |    8.130 | 
     | add_131_40_g1497       | A ^ -> CO ^  | ADHM4TP      | 0.079 |   7.386 |    8.209 | 
     | add_131_40_g1496       | A ^ -> CO ^  | ADHM4TP      | 0.079 |   7.465 |    8.288 | 
     | add_131_40_g1495       | A ^ -> CO ^  | ADHM4TP      | 0.080 |   7.545 |    8.368 | 
     | add_131_40_g1494       | A ^ -> CO ^  | ADHM4TP      | 0.082 |   7.627 |    8.450 | 
     | add_131_40_g1493       | A ^ -> CO ^  | ADHM4TP      | 0.080 |   7.708 |    8.530 | 
     | add_131_40_g1492       | A ^ -> CO ^  | ADHM4TP      | 0.080 |   7.787 |    8.610 | 
     | add_131_40_g1491       | A ^ -> CO ^  | ADHM4TP      | 0.079 |   7.866 |    8.689 | 
     | add_131_40_g1490       | A ^ -> CO ^  | ADHM4TP      | 0.080 |   7.946 |    8.769 | 
     | add_131_40_g1489       | A ^ -> CO ^  | ADHM4TP      | 0.081 |   8.027 |    8.850 | 
     | add_131_40_g1488       | A ^ -> CO ^  | ADHM4TP      | 0.082 |   8.109 |    8.932 | 
     | add_131_40_g1487       | A ^ -> CO ^  | ADHM4TP      | 0.083 |   8.192 |    9.014 | 
     | add_131_40_g1486       | A ^ -> CO ^  | ADHM4TP      | 0.080 |   8.271 |    9.094 | 
     | add_131_40_g1485       | A ^ -> CO ^  | ADHM4TP      | 0.078 |   8.350 |    9.172 | 
     | add_131_40_g1484       | A ^ -> CO ^  | ADHM4TP      | 0.079 |   8.429 |    9.251 | 
     | add_131_40_g1483       | A ^ -> CO ^  | ADHM4TP      | 0.079 |   8.507 |    9.330 | 
     | add_131_40_g1482       | A ^ -> CO ^  | ADHM4TP      | 0.091 |   8.598 |    9.421 | 
     | FE_RC_54_0             | A ^ -> Z v   | INVM2TP      | 0.033 |   8.631 |    9.454 | 
     | FE_RC_53_0             | B v -> Z ^   | NR2B1M1TP    | 0.175 |   8.806 |    9.628 | 
     | FE_RC_40_0             | NA2 ^ -> Z ^ | OAI22B10M2TP | 0.160 |   8.966 |    9.788 | 
     | g76750                 | A2 ^ -> Z ^  | AO22M1TP     | 0.165 |   9.131 |    9.954 | 
     | nonce_counter_reg[115] | D ^          | DFQRM1TP     | 0.000 |   9.131 |    9.954 | 
     +-----------------------------------------------------------------------------------+ 
Path 11: MET Setup Check with Pin nonce_counter_reg[118]/CK 
Endpoint:   nonce_counter_reg[118]/D (v) checked with  leading edge of 'clk'
Beginpoint: nonce_counter_reg[5]/Q   (^) triggered by  leading edge of 'clk'
Path Groups: {clk}
Analysis View: av_setup
Other End Arrival Time          0.000
- Setup                         0.022
+ Phase Shift                  10.000
= Required Time                 9.978
- Arrival Time                  9.097
= Slack Time                    0.881
     Clock Rise Edge                 0.000
     + Clock Network Latency (Ideal) 0.000
     = Beginpoint Arrival Time       0.000
     +-------------------------------------------------------------------------------+ 
     |        Instance        |     Arc     |   Cell    | Delay | Arrival | Required | 
     |                        |             |           |       |  Time   |   Time   | 
     |------------------------+-------------+-----------+-------+---------+----------| 
     | nonce_counter_reg[5]   | CK ^        |           |       |   0.000 |    0.881 | 
     | nonce_counter_reg[5]   | CK ^ -> Q ^ | DFQRM4TP  | 0.224 |   0.224 |    1.105 | 
     | add_131_40_g1591       | B ^ -> Z ^  | AN2M4TP   | 0.100 |   0.324 |    1.206 | 
     | add_131_40_g1589       | A ^ -> CO ^ | ADHM4TP   | 0.084 |   0.409 |    1.290 | 
     | add_131_40_g1588       | A ^ -> CO ^ | ADHM4TP   | 0.081 |   0.490 |    1.371 | 
     | add_131_40_g1587       | A ^ -> CO ^ | ADHM4TP   | 0.083 |   0.573 |    1.454 | 
     | add_131_40_g1586       | A ^ -> CO ^ | ADHM4TP   | 0.081 |   0.654 |    1.535 | 
     | add_131_40_g1585       | A ^ -> CO ^ | ADHM4TP   | 0.079 |   0.733 |    1.614 | 
     | add_131_40_g1584       | A ^ -> CO ^ | ADHM4TP   | 0.087 |   0.820 |    1.701 | 
     | add_131_40_g1583       | A ^ -> CO ^ | ADHM4TP   | 0.084 |   0.904 |    1.785 | 
     | add_131_40_g1582       | A ^ -> CO ^ | ADHM4TP   | 0.079 |   0.983 |    1.864 | 
     | add_131_40_g1581       | A ^ -> CO ^ | ADHM4TP   | 0.078 |   1.061 |    1.942 | 
     | add_131_40_g1580       | A ^ -> CO ^ | ADHM4TP   | 0.085 |   1.146 |    2.027 | 
     | add_131_40_g1579       | A ^ -> CO ^ | ADHM4TP   | 0.083 |   1.229 |    2.110 | 
     | add_131_40_g1578       | A ^ -> CO ^ | ADHM4TP   | 0.078 |   1.307 |    2.188 | 
     | add_131_40_g1577       | A ^ -> CO ^ | ADHM4TP   | 0.078 |   1.385 |    2.266 | 
     | add_131_40_g1576       | A ^ -> CO ^ | ADHM4TP   | 0.082 |   1.467 |    2.349 | 
     | add_131_40_g1575       | A ^ -> CO ^ | ADHM4TP   | 0.082 |   1.549 |    2.431 | 
     | add_131_40_g1574       | A ^ -> CO ^ | ADHM4TP   | 0.080 |   1.629 |    2.511 | 
     | add_131_40_g1573       | A ^ -> CO ^ | ADHM4TP   | 0.086 |   1.716 |    2.597 | 
     | FE_RC_77_0             | A ^ -> Z v  | ND3M6TP   | 0.045 |   1.760 |    2.641 | 
     | FE_RC_65_0             | B v -> Z ^  | NR2B1M6TP | 0.063 |   1.823 |    2.704 | 
     | add_131_40_g1567       | A ^ -> CO ^ | ADHM4TP   | 0.088 |   1.911 |    2.792 | 
     | add_131_40_g1566       | A ^ -> CO ^ | ADHM4TP   | 0.081 |   1.992 |    2.873 | 
     | add_131_40_g1565       | A ^ -> CO ^ | ADHM4TP   | 0.080 |   2.072 |    2.954 | 
     | add_131_40_g1564       | A ^ -> CO ^ | ADHM4TP   | 0.082 |   2.154 |    3.035 | 
     | add_131_40_g1563       | A ^ -> CO ^ | ADHM4TP   | 0.081 |   2.235 |    3.116 | 
     | add_131_40_g1562       | A ^ -> CO ^ | ADHM4TP   | 0.079 |   2.314 |    3.196 | 
     | add_131_40_g1561       | A ^ -> CO ^ | ADHM4TP   | 0.079 |   2.393 |    3.275 | 
     | add_131_40_g1560       | A ^ -> CO ^ | ADHM4TP   | 0.080 |   2.473 |    3.354 | 
     | add_131_40_g1559       | A ^ -> CO ^ | ADHM4TP   | 0.079 |   2.552 |    3.434 | 
     | add_131_40_g1558       | A ^ -> CO ^ | ADHM4TP   | 0.082 |   2.635 |    3.516 | 
     | add_131_40_g1557       | A ^ -> CO ^ | ADHM4TP   | 0.081 |   2.716 |    3.597 | 
     | add_131_40_g1556       | A ^ -> CO ^ | ADHM4TP   | 0.080 |   2.796 |    3.678 | 
     | add_131_40_g1555       | A ^ -> CO ^ | ADHM4TP   | 0.080 |   2.877 |    3.758 | 
     | add_131_40_g1554       | A ^ -> CO ^ | ADHM4TP   | 0.081 |   2.958 |    3.839 | 
     | add_131_40_g1553       | A ^ -> CO ^ | ADHM4TP   | 0.081 |   3.038 |    3.920 | 
     | add_131_40_g1552       | A ^ -> CO ^ | ADHM4TP   | 0.080 |   3.119 |    4.000 | 
     | add_131_40_g1551       | A ^ -> CO ^ | ADHM4TP   | 0.082 |   3.201 |    4.083 | 
     | add_131_40_g1550       | A ^ -> CO ^ | ADHM4TP   | 0.080 |   3.281 |    4.163 | 
     | add_131_40_g1549       | A ^ -> CO ^ | ADHM4TP   | 0.082 |   3.363 |    4.245 | 
     | add_131_40_g1548       | A ^ -> CO ^ | ADHM4TP   | 0.081 |   3.444 |    4.326 | 
     | add_131_40_g1547       | A ^ -> CO ^ | ADHM4TP   | 0.082 |   3.526 |    4.407 | 
     | add_131_40_g1546       | A ^ -> CO ^ | ADHM4TP   | 0.080 |   3.606 |    4.487 | 
     | add_131_40_g1545       | A ^ -> CO ^ | ADHM4TP   | 0.085 |   3.691 |    4.573 | 
     | add_131_40_g1544       | A ^ -> CO ^ | ADHM4TP   | 0.082 |   3.773 |    4.654 | 
     | add_131_40_g1543       | A ^ -> CO ^ | ADHM4TP   | 0.080 |   3.853 |    4.734 | 
     | add_131_40_g1542       | A ^ -> CO ^ | ADHM4TP   | 0.078 |   3.932 |    4.813 | 
     | add_131_40_g1541       | A ^ -> CO ^ | ADHM4TP   | 0.080 |   4.012 |    4.893 | 
     | add_131_40_g1540       | A ^ -> CO ^ | ADHM4TP   | 0.081 |   4.093 |    4.974 | 
     | add_131_40_g1539       | A ^ -> CO ^ | ADHM4TP   | 0.080 |   4.172 |    5.054 | 
     | add_131_40_g1538       | A ^ -> CO ^ | ADHM4TP   | 0.079 |   4.252 |    5.133 | 
     | add_131_40_g1537       | A ^ -> CO ^ | ADHM4TP   | 0.079 |   4.331 |    5.212 | 
     | add_131_40_g1536       | A ^ -> CO ^ | ADHM4TP   | 0.085 |   4.416 |    5.297 | 
     | FE_RC_34_0             | A ^ -> Z v  | INVM2TP   | 0.045 |   4.460 |    5.342 | 
     | FE_RC_28_0             | B v -> Z ^  | NR2B1M6TP | 0.048 |   4.508 |    5.390 | 
     | add_131_40_g1532       | A ^ -> CO ^ | ADHM8TP   | 0.102 |   4.611 |    5.492 | 
     | add_131_40_g1531       | A ^ -> CO ^ | ADHM4TP   | 0.094 |   4.704 |    5.586 | 
     | add_131_40_g1530       | A ^ -> CO ^ | ADHM4TP   | 0.080 |   4.785 |    5.666 | 
     | add_131_40_g1529       | A ^ -> CO ^ | ADHM4TP   | 0.082 |   4.866 |    5.748 | 
     | add_131_40_g1528       | A ^ -> CO ^ | ADHM4TP   | 0.084 |   4.950 |    5.832 | 
     | add_131_40_g1527       | A ^ -> CO ^ | ADHM4TP   | 0.081 |   5.031 |    5.912 | 
     | add_131_40_g1526       | A ^ -> CO ^ | ADHM4TP   | 0.078 |   5.109 |    5.990 | 
     | add_131_40_g1525       | A ^ -> CO ^ | ADHM4TP   | 0.078 |   5.187 |    6.068 | 
     | add_131_40_g1524       | A ^ -> CO ^ | ADHM4TP   | 0.081 |   5.267 |    6.149 | 
     | add_131_40_g1523       | A ^ -> CO ^ | ADHM4TP   | 0.081 |   5.348 |    6.229 | 
     | add_131_40_g1522       | A ^ -> CO ^ | ADHM4TP   | 0.079 |   5.427 |    6.308 | 
     | add_131_40_g1521       | A ^ -> CO ^ | ADHM4TP   | 0.079 |   5.506 |    6.387 | 
     | add_131_40_g1520       | A ^ -> CO ^ | ADHM4TP   | 0.079 |   5.584 |    6.466 | 
     | add_131_40_g1519       | A ^ -> CO ^ | ADHM4TP   | 0.081 |   5.665 |    6.546 | 
     | add_131_40_g1518       | A ^ -> CO ^ | ADHM4TP   | 0.099 |   5.764 |    6.645 | 
     | FE_RC_9_0              | A ^ -> Z v  | INVM3TP   | 0.038 |   5.802 |    6.683 | 
     | FE_RC_8_0              | B v -> Z ^  | NR2B1M6TP | 0.048 |   5.850 |    6.731 | 
     | add_131_40_g1515       | A ^ -> CO ^ | ADHM4TP   | 0.085 |   5.935 |    6.816 | 
     | add_131_40_g1514       | A ^ -> CO ^ | ADHM4TP   | 0.081 |   6.016 |    6.898 | 
     | add_131_40_g1513       | A ^ -> CO ^ | ADHM4TP   | 0.082 |   6.098 |    6.979 | 
     | add_131_40_g1512       | A ^ -> CO ^ | ADHM4TP   | 0.082 |   6.180 |    7.062 | 
     | add_131_40_g1511       | A ^ -> CO ^ | ADHM4TP   | 0.081 |   6.261 |    7.142 | 
     | add_131_40_g1510       | A ^ -> CO ^ | ADHM4TP   | 0.080 |   6.341 |    7.222 | 
     | add_131_40_g1509       | A ^ -> CO ^ | ADHM4TP   | 0.079 |   6.420 |    7.302 | 
     | add_131_40_g1508       | A ^ -> CO ^ | ADHM4TP   | 0.086 |   6.506 |    7.387 | 
     | add_131_40_g1507       | A ^ -> CO ^ | ADHM4TP   | 0.083 |   6.589 |    7.471 | 
     | add_131_40_g1506       | A ^ -> CO ^ | ADHM4TP   | 0.080 |   6.669 |    7.551 | 
     | add_131_40_g1505       | A ^ -> CO ^ | ADHM4TP   | 0.079 |   6.748 |    7.630 | 
     | add_131_40_g1504       | A ^ -> CO ^ | ADHM4TP   | 0.079 |   6.827 |    7.709 | 
     | add_131_40_g1503       | A ^ -> CO ^ | ADHM4TP   | 0.080 |   6.907 |    7.788 | 
     | add_131_40_g1502       | A ^ -> CO ^ | ADHM4TP   | 0.079 |   6.986 |    7.867 | 
     | add_131_40_g1501       | A ^ -> CO ^ | ADHM4TP   | 0.079 |   7.065 |    7.947 | 
     | add_131_40_g1500       | A ^ -> CO ^ | ADHM4TP   | 0.082 |   7.148 |    8.029 | 
     | add_131_40_g1499       | A ^ -> CO ^ | ADHM4TP   | 0.081 |   7.229 |    8.110 | 
     | add_131_40_g1498       | A ^ -> CO ^ | ADHM4TP   | 0.079 |   7.308 |    8.189 | 
     | add_131_40_g1497       | A ^ -> CO ^ | ADHM4TP   | 0.079 |   7.386 |    8.268 | 
     | add_131_40_g1496       | A ^ -> CO ^ | ADHM4TP   | 0.079 |   7.465 |    8.347 | 
     | add_131_40_g1495       | A ^ -> CO ^ | ADHM4TP   | 0.080 |   7.545 |    8.426 | 
     | add_131_40_g1494       | A ^ -> CO ^ | ADHM4TP   | 0.082 |   7.627 |    8.509 | 
     | add_131_40_g1493       | A ^ -> CO ^ | ADHM4TP   | 0.080 |   7.708 |    8.589 | 
     | add_131_40_g1492       | A ^ -> CO ^ | ADHM4TP   | 0.080 |   7.787 |    8.668 | 
     | add_131_40_g1491       | A ^ -> CO ^ | ADHM4TP   | 0.079 |   7.866 |    8.747 | 
     | add_131_40_g1490       | A ^ -> CO ^ | ADHM4TP   | 0.080 |   7.946 |    8.828 | 
     | add_131_40_g1489       | A ^ -> CO ^ | ADHM4TP   | 0.081 |   8.027 |    8.908 | 
     | add_131_40_g1488       | A ^ -> CO ^ | ADHM4TP   | 0.082 |   8.109 |    8.990 | 
     | add_131_40_g1487       | A ^ -> CO ^ | ADHM4TP   | 0.083 |   8.192 |    9.073 | 
     | add_131_40_g1486       | A ^ -> CO ^ | ADHM4TP   | 0.080 |   8.271 |    9.152 | 
     | add_131_40_g1485       | A ^ -> CO ^ | ADHM4TP   | 0.078 |   8.350 |    9.231 | 
     | add_131_40_g1484       | A ^ -> CO ^ | ADHM4TP   | 0.079 |   8.429 |    9.310 | 
     | add_131_40_g1483       | A ^ -> CO ^ | ADHM4TP   | 0.079 |   8.507 |    9.389 | 
     | add_131_40_g1482       | A ^ -> CO ^ | ADHM4TP   | 0.091 |   8.598 |    9.480 | 
     | FE_RC_49_0             | A ^ -> Z v  | INVM2TP   | 0.038 |   8.636 |    9.517 | 
     | FE_RC_48_0             | B v -> Z ^  | NR2B1M4TP | 0.056 |   8.692 |    9.573 | 
     | add_131_40_g1478       | A ^ -> CO ^ | ADHM4TP   | 0.090 |   8.782 |    9.663 | 
     | add_131_40_g1477       | A ^ -> S v  | ADHM4TP   | 0.123 |   8.905 |    9.786 | 
     | g76753                 | A2 v -> Z v | AO22M1TP  | 0.192 |   9.097 |    9.978 | 
     | nonce_counter_reg[118] | D v         | DFQRM1TP  | 0.000 |   9.097 |    9.978 | 
     +-------------------------------------------------------------------------------+ 
Path 12: MET Setup Check with Pin nonce_counter_reg[119]/CK 
Endpoint:   nonce_counter_reg[119]/D (v) checked with  leading edge of 'clk'
Beginpoint: nonce_counter_reg[5]/Q   (^) triggered by  leading edge of 'clk'
Path Groups: {clk}
Analysis View: av_setup
Other End Arrival Time          0.000
- Setup                         0.015
+ Phase Shift                  10.000
= Required Time                 9.985
- Arrival Time                  9.095
= Slack Time                    0.890
     Clock Rise Edge                 0.000
     + Clock Network Latency (Ideal) 0.000
     = Beginpoint Arrival Time       0.000
     +-------------------------------------------------------------------------------+ 
     |        Instance        |     Arc     |   Cell    | Delay | Arrival | Required | 
     |                        |             |           |       |  Time   |   Time   | 
     |------------------------+-------------+-----------+-------+---------+----------| 
     | nonce_counter_reg[5]   | CK ^        |           |       |   0.000 |    0.890 | 
     | nonce_counter_reg[5]   | CK ^ -> Q ^ | DFQRM4TP  | 0.224 |   0.224 |    1.114 | 
     | add_131_40_g1591       | B ^ -> Z ^  | AN2M4TP   | 0.100 |   0.324 |    1.214 | 
     | add_131_40_g1589       | A ^ -> CO ^ | ADHM4TP   | 0.084 |   0.409 |    1.298 | 
     | add_131_40_g1588       | A ^ -> CO ^ | ADHM4TP   | 0.081 |   0.490 |    1.380 | 
     | add_131_40_g1587       | A ^ -> CO ^ | ADHM4TP   | 0.083 |   0.573 |    1.462 | 
     | add_131_40_g1586       | A ^ -> CO ^ | ADHM4TP   | 0.081 |   0.654 |    1.544 | 
     | add_131_40_g1585       | A ^ -> CO ^ | ADHM4TP   | 0.079 |   0.733 |    1.622 | 
     | add_131_40_g1584       | A ^ -> CO ^ | ADHM4TP   | 0.087 |   0.820 |    1.709 | 
     | add_131_40_g1583       | A ^ -> CO ^ | ADHM4TP   | 0.084 |   0.904 |    1.794 | 
     | add_131_40_g1582       | A ^ -> CO ^ | ADHM4TP   | 0.079 |   0.983 |    1.872 | 
     | add_131_40_g1581       | A ^ -> CO ^ | ADHM4TP   | 0.078 |   1.061 |    1.951 | 
     | add_131_40_g1580       | A ^ -> CO ^ | ADHM4TP   | 0.085 |   1.146 |    2.036 | 
     | add_131_40_g1579       | A ^ -> CO ^ | ADHM4TP   | 0.083 |   1.229 |    2.118 | 
     | add_131_40_g1578       | A ^ -> CO ^ | ADHM4TP   | 0.078 |   1.307 |    2.197 | 
     | add_131_40_g1577       | A ^ -> CO ^ | ADHM4TP   | 0.078 |   1.385 |    2.275 | 
     | add_131_40_g1576       | A ^ -> CO ^ | ADHM4TP   | 0.082 |   1.467 |    2.357 | 
     | add_131_40_g1575       | A ^ -> CO ^ | ADHM4TP   | 0.082 |   1.549 |    2.439 | 
     | add_131_40_g1574       | A ^ -> CO ^ | ADHM4TP   | 0.080 |   1.629 |    2.519 | 
     | add_131_40_g1573       | A ^ -> CO ^ | ADHM4TP   | 0.086 |   1.716 |    2.605 | 
     | FE_RC_77_0             | A ^ -> Z v  | ND3M6TP   | 0.045 |   1.760 |    2.650 | 
     | FE_RC_65_0             | B v -> Z ^  | NR2B1M6TP | 0.063 |   1.823 |    2.713 | 
     | add_131_40_g1567       | A ^ -> CO ^ | ADHM4TP   | 0.088 |   1.911 |    2.801 | 
     | add_131_40_g1566       | A ^ -> CO ^ | ADHM4TP   | 0.081 |   1.992 |    2.882 | 
     | add_131_40_g1565       | A ^ -> CO ^ | ADHM4TP   | 0.080 |   2.072 |    2.962 | 
     | add_131_40_g1564       | A ^ -> CO ^ | ADHM4TP   | 0.082 |   2.154 |    3.044 | 
     | add_131_40_g1563       | A ^ -> CO ^ | ADHM4TP   | 0.081 |   2.235 |    3.125 | 
     | add_131_40_g1562       | A ^ -> CO ^ | ADHM4TP   | 0.079 |   2.314 |    3.204 | 
     | add_131_40_g1561       | A ^ -> CO ^ | ADHM4TP   | 0.079 |   2.393 |    3.283 | 
     | add_131_40_g1560       | A ^ -> CO ^ | ADHM4TP   | 0.080 |   2.473 |    3.363 | 
     | add_131_40_g1559       | A ^ -> CO ^ | ADHM4TP   | 0.079 |   2.552 |    3.442 | 
     | add_131_40_g1558       | A ^ -> CO ^ | ADHM4TP   | 0.082 |   2.635 |    3.524 | 
     | add_131_40_g1557       | A ^ -> CO ^ | ADHM4TP   | 0.081 |   2.716 |    3.606 | 
     | add_131_40_g1556       | A ^ -> CO ^ | ADHM4TP   | 0.080 |   2.796 |    3.686 | 
     | add_131_40_g1555       | A ^ -> CO ^ | ADHM4TP   | 0.080 |   2.877 |    3.766 | 
     | add_131_40_g1554       | A ^ -> CO ^ | ADHM4TP   | 0.081 |   2.958 |    3.847 | 
     | add_131_40_g1553       | A ^ -> CO ^ | ADHM4TP   | 0.081 |   3.038 |    3.928 | 
     | add_131_40_g1552       | A ^ -> CO ^ | ADHM4TP   | 0.080 |   3.119 |    4.009 | 
     | add_131_40_g1551       | A ^ -> CO ^ | ADHM4TP   | 0.082 |   3.201 |    4.091 | 
     | add_131_40_g1550       | A ^ -> CO ^ | ADHM4TP   | 0.080 |   3.281 |    4.171 | 
     | add_131_40_g1549       | A ^ -> CO ^ | ADHM4TP   | 0.082 |   3.363 |    4.253 | 
     | add_131_40_g1548       | A ^ -> CO ^ | ADHM4TP   | 0.081 |   3.444 |    4.334 | 
     | add_131_40_g1547       | A ^ -> CO ^ | ADHM4TP   | 0.082 |   3.526 |    4.416 | 
     | add_131_40_g1546       | A ^ -> CO ^ | ADHM4TP   | 0.080 |   3.606 |    4.496 | 
     | add_131_40_g1545       | A ^ -> CO ^ | ADHM4TP   | 0.085 |   3.691 |    4.581 | 
     | add_131_40_g1544       | A ^ -> CO ^ | ADHM4TP   | 0.082 |   3.773 |    4.663 | 
     | add_131_40_g1543       | A ^ -> CO ^ | ADHM4TP   | 0.080 |   3.853 |    4.743 | 
     | add_131_40_g1542       | A ^ -> CO ^ | ADHM4TP   | 0.078 |   3.932 |    4.821 | 
     | add_131_40_g1541       | A ^ -> CO ^ | ADHM4TP   | 0.080 |   4.012 |    4.902 | 
     | add_131_40_g1540       | A ^ -> CO ^ | ADHM4TP   | 0.081 |   4.093 |    4.983 | 
     | add_131_40_g1539       | A ^ -> CO ^ | ADHM4TP   | 0.080 |   4.172 |    5.062 | 
     | add_131_40_g1538       | A ^ -> CO ^ | ADHM4TP   | 0.079 |   4.252 |    5.141 | 
     | add_131_40_g1537       | A ^ -> CO ^ | ADHM4TP   | 0.079 |   4.331 |    5.220 | 
     | add_131_40_g1536       | A ^ -> CO ^ | ADHM4TP   | 0.085 |   4.416 |    5.305 | 
     | FE_RC_34_0             | A ^ -> Z v  | INVM2TP   | 0.045 |   4.460 |    5.350 | 
     | FE_RC_28_0             | B v -> Z ^  | NR2B1M6TP | 0.048 |   4.508 |    5.398 | 
     | add_131_40_g1532       | A ^ -> CO ^ | ADHM8TP   | 0.102 |   4.611 |    5.500 | 
     | add_131_40_g1531       | A ^ -> CO ^ | ADHM4TP   | 0.094 |   4.704 |    5.594 | 
     | add_131_40_g1530       | A ^ -> CO ^ | ADHM4TP   | 0.080 |   4.785 |    5.675 | 
     | add_131_40_g1529       | A ^ -> CO ^ | ADHM4TP   | 0.082 |   4.866 |    5.756 | 
     | add_131_40_g1528       | A ^ -> CO ^ | ADHM4TP   | 0.084 |   4.950 |    5.840 | 
     | add_131_40_g1527       | A ^ -> CO ^ | ADHM4TP   | 0.081 |   5.031 |    5.921 | 
     | add_131_40_g1526       | A ^ -> CO ^ | ADHM4TP   | 0.078 |   5.109 |    5.999 | 
     | add_131_40_g1525       | A ^ -> CO ^ | ADHM4TP   | 0.078 |   5.187 |    6.076 | 
     | add_131_40_g1524       | A ^ -> CO ^ | ADHM4TP   | 0.081 |   5.267 |    6.157 | 
     | add_131_40_g1523       | A ^ -> CO ^ | ADHM4TP   | 0.081 |   5.348 |    6.238 | 
     | add_131_40_g1522       | A ^ -> CO ^ | ADHM4TP   | 0.079 |   5.427 |    6.317 | 
     | add_131_40_g1521       | A ^ -> CO ^ | ADHM4TP   | 0.079 |   5.506 |    6.395 | 
     | add_131_40_g1520       | A ^ -> CO ^ | ADHM4TP   | 0.079 |   5.584 |    6.474 | 
     | add_131_40_g1519       | A ^ -> CO ^ | ADHM4TP   | 0.081 |   5.665 |    6.555 | 
     | add_131_40_g1518       | A ^ -> CO ^ | ADHM4TP   | 0.099 |   5.764 |    6.654 | 
     | FE_RC_9_0              | A ^ -> Z v  | INVM3TP   | 0.038 |   5.802 |    6.692 | 
     | FE_RC_8_0              | B v -> Z ^  | NR2B1M6TP | 0.048 |   5.850 |    6.740 | 
     | add_131_40_g1515       | A ^ -> CO ^ | ADHM4TP   | 0.085 |   5.935 |    6.825 | 
     | add_131_40_g1514       | A ^ -> CO ^ | ADHM4TP   | 0.081 |   6.016 |    6.906 | 
     | add_131_40_g1513       | A ^ -> CO ^ | ADHM4TP   | 0.082 |   6.098 |    6.988 | 
     | add_131_40_g1512       | A ^ -> CO ^ | ADHM4TP   | 0.082 |   6.180 |    7.070 | 
     | add_131_40_g1511       | A ^ -> CO ^ | ADHM4TP   | 0.081 |   6.261 |    7.151 | 
     | add_131_40_g1510       | A ^ -> CO ^ | ADHM4TP   | 0.080 |   6.341 |    7.231 | 
     | add_131_40_g1509       | A ^ -> CO ^ | ADHM4TP   | 0.079 |   6.421 |    7.310 | 
     | add_131_40_g1508       | A ^ -> CO ^ | ADHM4TP   | 0.086 |   6.506 |    7.396 | 
     | add_131_40_g1507       | A ^ -> CO ^ | ADHM4TP   | 0.083 |   6.589 |    7.479 | 
     | add_131_40_g1506       | A ^ -> CO ^ | ADHM4TP   | 0.080 |   6.670 |    7.559 | 
     | add_131_40_g1505       | A ^ -> CO ^ | ADHM4TP   | 0.079 |   6.748 |    7.638 | 
     | add_131_40_g1504       | A ^ -> CO ^ | ADHM4TP   | 0.079 |   6.827 |    7.717 | 
     | add_131_40_g1503       | A ^ -> CO ^ | ADHM4TP   | 0.080 |   6.907 |    7.797 | 
     | add_131_40_g1502       | A ^ -> CO ^ | ADHM4TP   | 0.079 |   6.986 |    7.876 | 
     | add_131_40_g1501       | A ^ -> CO ^ | ADHM4TP   | 0.079 |   7.065 |    7.955 | 
     | add_131_40_g1500       | A ^ -> CO ^ | ADHM4TP   | 0.082 |   7.148 |    8.038 | 
     | add_131_40_g1499       | A ^ -> CO ^ | ADHM4TP   | 0.081 |   7.229 |    8.119 | 
     | add_131_40_g1498       | A ^ -> CO ^ | ADHM4TP   | 0.079 |   7.308 |    8.197 | 
     | add_131_40_g1497       | A ^ -> CO ^ | ADHM4TP   | 0.079 |   7.386 |    8.276 | 
     | add_131_40_g1496       | A ^ -> CO ^ | ADHM4TP   | 0.079 |   7.465 |    8.355 | 
     | add_131_40_g1495       | A ^ -> CO ^ | ADHM4TP   | 0.080 |   7.545 |    8.435 | 
     | add_131_40_g1494       | A ^ -> CO ^ | ADHM4TP   | 0.082 |   7.627 |    8.517 | 
     | add_131_40_g1493       | A ^ -> CO ^ | ADHM4TP   | 0.080 |   7.708 |    8.597 | 
     | add_131_40_g1492       | A ^ -> CO ^ | ADHM4TP   | 0.080 |   7.787 |    8.677 | 
     | add_131_40_g1491       | A ^ -> CO ^ | ADHM4TP   | 0.079 |   7.866 |    8.756 | 
     | add_131_40_g1490       | A ^ -> CO ^ | ADHM4TP   | 0.080 |   7.946 |    8.836 | 
     | add_131_40_g1489       | A ^ -> CO ^ | ADHM4TP   | 0.081 |   8.027 |    8.917 | 
     | add_131_40_g1488       | A ^ -> CO ^ | ADHM4TP   | 0.082 |   8.109 |    8.999 | 
     | add_131_40_g1487       | A ^ -> CO ^ | ADHM4TP   | 0.083 |   8.192 |    9.081 | 
     | add_131_40_g1486       | A ^ -> CO ^ | ADHM4TP   | 0.080 |   8.271 |    9.161 | 
     | add_131_40_g1485       | A ^ -> CO ^ | ADHM4TP   | 0.078 |   8.350 |    9.239 | 
     | add_131_40_g1484       | A ^ -> CO ^ | ADHM4TP   | 0.079 |   8.429 |    9.318 | 
     | add_131_40_g1483       | A ^ -> CO ^ | ADHM4TP   | 0.079 |   8.507 |    9.397 | 
     | add_131_40_g1482       | A ^ -> CO ^ | ADHM4TP   | 0.091 |   8.598 |    9.488 | 
     | FE_RC_49_0             | A ^ -> Z v  | INVM2TP   | 0.038 |   8.636 |    9.526 | 
     | FE_RC_48_0             | B v -> Z ^  | NR2B1M4TP | 0.056 |   8.692 |    9.582 | 
     | add_131_40_g1478       | A ^ -> CO ^ | ADHM4TP   | 0.090 |   8.782 |    9.672 | 
     | add_131_40_g1477       | A ^ -> CO ^ | ADHM4TP   | 0.080 |   8.863 |    9.752 | 
     | add_131_40_g1476       | A ^ -> S v  | ADHM4TP   | 0.123 |   8.985 |    9.875 | 
     | FE_RC_1_0              | B1 v -> Z v | AO22M2TP  | 0.110 |   9.095 |    9.985 | 
     | nonce_counter_reg[119] | D v         | DFQRM1TP  | 0.000 |   9.095 |    9.985 | 
     +-------------------------------------------------------------------------------+ 
Path 13: MET Setup Check with Pin nonce_counter_reg[117]/CK 
Endpoint:   nonce_counter_reg[117]/D (v) checked with  leading edge of 'clk'
Beginpoint: nonce_counter_reg[5]/Q   (^) triggered by  leading edge of 'clk'
Path Groups: {clk}
Analysis View: av_setup
Other End Arrival Time          0.000
- Setup                         0.021
+ Phase Shift                  10.000
= Required Time                 9.979
- Arrival Time                  9.011
= Slack Time                    0.969
     Clock Rise Edge                 0.000
     + Clock Network Latency (Ideal) 0.000
     = Beginpoint Arrival Time       0.000
     +-------------------------------------------------------------------------------+ 
     |        Instance        |     Arc     |   Cell    | Delay | Arrival | Required | 
     |                        |             |           |       |  Time   |   Time   | 
     |------------------------+-------------+-----------+-------+---------+----------| 
     | nonce_counter_reg[5]   | CK ^        |           |       |   0.000 |    0.969 | 
     | nonce_counter_reg[5]   | CK ^ -> Q ^ | DFQRM4TP  | 0.224 |   0.224 |    1.193 | 
     | add_131_40_g1591       | B ^ -> Z ^  | AN2M4TP   | 0.100 |   0.324 |    1.293 | 
     | add_131_40_g1589       | A ^ -> CO ^ | ADHM4TP   | 0.084 |   0.409 |    1.378 | 
     | add_131_40_g1588       | A ^ -> CO ^ | ADHM4TP   | 0.081 |   0.490 |    1.459 | 
     | add_131_40_g1587       | A ^ -> CO ^ | ADHM4TP   | 0.083 |   0.573 |    1.541 | 
     | add_131_40_g1586       | A ^ -> CO ^ | ADHM4TP   | 0.081 |   0.654 |    1.623 | 
     | add_131_40_g1585       | A ^ -> CO ^ | ADHM4TP   | 0.079 |   0.733 |    1.701 | 
     | add_131_40_g1584       | A ^ -> CO ^ | ADHM4TP   | 0.087 |   0.820 |    1.788 | 
     | add_131_40_g1583       | A ^ -> CO ^ | ADHM4TP   | 0.084 |   0.904 |    1.873 | 
     | add_131_40_g1582       | A ^ -> CO ^ | ADHM4TP   | 0.079 |   0.983 |    1.952 | 
     | add_131_40_g1581       | A ^ -> CO ^ | ADHM4TP   | 0.078 |   1.061 |    2.030 | 
     | add_131_40_g1580       | A ^ -> CO ^ | ADHM4TP   | 0.085 |   1.146 |    2.115 | 
     | add_131_40_g1579       | A ^ -> CO ^ | ADHM4TP   | 0.083 |   1.229 |    2.198 | 
     | add_131_40_g1578       | A ^ -> CO ^ | ADHM4TP   | 0.078 |   1.307 |    2.276 | 
     | add_131_40_g1577       | A ^ -> CO ^ | ADHM4TP   | 0.078 |   1.385 |    2.354 | 
     | add_131_40_g1576       | A ^ -> CO ^ | ADHM4TP   | 0.082 |   1.467 |    2.436 | 
     | add_131_40_g1575       | A ^ -> CO ^ | ADHM4TP   | 0.082 |   1.549 |    2.518 | 
     | add_131_40_g1574       | A ^ -> CO ^ | ADHM4TP   | 0.080 |   1.629 |    2.598 | 
     | add_131_40_g1573       | A ^ -> CO ^ | ADHM4TP   | 0.086 |   1.716 |    2.684 | 
     | FE_RC_77_0             | A ^ -> Z v  | ND3M6TP   | 0.045 |   1.760 |    2.729 | 
     | FE_RC_65_0             | B v -> Z ^  | NR2B1M6TP | 0.063 |   1.823 |    2.792 | 
     | add_131_40_g1567       | A ^ -> CO ^ | ADHM4TP   | 0.088 |   1.911 |    2.880 | 
     | add_131_40_g1566       | A ^ -> CO ^ | ADHM4TP   | 0.081 |   1.992 |    2.961 | 
     | add_131_40_g1565       | A ^ -> CO ^ | ADHM4TP   | 0.080 |   2.072 |    3.041 | 
     | add_131_40_g1564       | A ^ -> CO ^ | ADHM4TP   | 0.082 |   2.154 |    3.123 | 
     | add_131_40_g1563       | A ^ -> CO ^ | ADHM4TP   | 0.081 |   2.235 |    3.204 | 
     | add_131_40_g1562       | A ^ -> CO ^ | ADHM4TP   | 0.079 |   2.314 |    3.283 | 
     | add_131_40_g1561       | A ^ -> CO ^ | ADHM4TP   | 0.079 |   2.393 |    3.362 | 
     | add_131_40_g1560       | A ^ -> CO ^ | ADHM4TP   | 0.080 |   2.473 |    3.442 | 
     | add_131_40_g1559       | A ^ -> CO ^ | ADHM4TP   | 0.079 |   2.552 |    3.521 | 
     | add_131_40_g1558       | A ^ -> CO ^ | ADHM4TP   | 0.082 |   2.635 |    3.603 | 
     | add_131_40_g1557       | A ^ -> CO ^ | ADHM4TP   | 0.081 |   2.716 |    3.685 | 
     | add_131_40_g1556       | A ^ -> CO ^ | ADHM4TP   | 0.080 |   2.796 |    3.765 | 
     | add_131_40_g1555       | A ^ -> CO ^ | ADHM4TP   | 0.080 |   2.877 |    3.845 | 
     | add_131_40_g1554       | A ^ -> CO ^ | ADHM4TP   | 0.081 |   2.958 |    3.926 | 
     | add_131_40_g1553       | A ^ -> CO ^ | ADHM4TP   | 0.081 |   3.038 |    4.007 | 
     | add_131_40_g1552       | A ^ -> CO ^ | ADHM4TP   | 0.080 |   3.119 |    4.088 | 
     | add_131_40_g1551       | A ^ -> CO ^ | ADHM4TP   | 0.082 |   3.201 |    4.170 | 
     | add_131_40_g1550       | A ^ -> CO ^ | ADHM4TP   | 0.080 |   3.281 |    4.250 | 
     | add_131_40_g1549       | A ^ -> CO ^ | ADHM4TP   | 0.082 |   3.363 |    4.332 | 
     | add_131_40_g1548       | A ^ -> CO ^ | ADHM4TP   | 0.081 |   3.444 |    4.413 | 
     | add_131_40_g1547       | A ^ -> CO ^ | ADHM4TP   | 0.082 |   3.526 |    4.495 | 
     | add_131_40_g1546       | A ^ -> CO ^ | ADHM4TP   | 0.080 |   3.606 |    4.575 | 
     | add_131_40_g1545       | A ^ -> CO ^ | ADHM4TP   | 0.085 |   3.691 |    4.660 | 
     | add_131_40_g1544       | A ^ -> CO ^ | ADHM4TP   | 0.082 |   3.773 |    4.742 | 
     | add_131_40_g1543       | A ^ -> CO ^ | ADHM4TP   | 0.080 |   3.853 |    4.822 | 
     | add_131_40_g1542       | A ^ -> CO ^ | ADHM4TP   | 0.078 |   3.932 |    4.900 | 
     | add_131_40_g1541       | A ^ -> CO ^ | ADHM4TP   | 0.080 |   4.012 |    4.981 | 
     | add_131_40_g1540       | A ^ -> CO ^ | ADHM4TP   | 0.081 |   4.093 |    5.062 | 
     | add_131_40_g1539       | A ^ -> CO ^ | ADHM4TP   | 0.080 |   4.172 |    5.141 | 
     | add_131_40_g1538       | A ^ -> CO ^ | ADHM4TP   | 0.079 |   4.252 |    5.220 | 
     | add_131_40_g1537       | A ^ -> CO ^ | ADHM4TP   | 0.079 |   4.331 |    5.299 | 
     | add_131_40_g1536       | A ^ -> CO ^ | ADHM4TP   | 0.085 |   4.416 |    5.384 | 
     | FE_RC_34_0             | A ^ -> Z v  | INVM2TP   | 0.045 |   4.460 |    5.429 | 
     | FE_RC_28_0             | B v -> Z ^  | NR2B1M6TP | 0.048 |   4.508 |    5.477 | 
     | add_131_40_g1532       | A ^ -> CO ^ | ADHM8TP   | 0.102 |   4.611 |    5.580 | 
     | add_131_40_g1531       | A ^ -> CO ^ | ADHM4TP   | 0.094 |   4.704 |    5.673 | 
     | add_131_40_g1530       | A ^ -> CO ^ | ADHM4TP   | 0.080 |   4.785 |    5.754 | 
     | add_131_40_g1529       | A ^ -> CO ^ | ADHM4TP   | 0.082 |   4.866 |    5.835 | 
     | add_131_40_g1528       | A ^ -> CO ^ | ADHM4TP   | 0.084 |   4.950 |    5.919 | 
     | add_131_40_g1527       | A ^ -> CO ^ | ADHM4TP   | 0.081 |   5.031 |    6.000 | 
     | add_131_40_g1526       | A ^ -> CO ^ | ADHM4TP   | 0.078 |   5.109 |    6.078 | 
     | add_131_40_g1525       | A ^ -> CO ^ | ADHM4TP   | 0.078 |   5.187 |    6.155 | 
     | add_131_40_g1524       | A ^ -> CO ^ | ADHM4TP   | 0.081 |   5.267 |    6.236 | 
     | add_131_40_g1523       | A ^ -> CO ^ | ADHM4TP   | 0.081 |   5.348 |    6.317 | 
     | add_131_40_g1522       | A ^ -> CO ^ | ADHM4TP   | 0.079 |   5.427 |    6.396 | 
     | add_131_40_g1521       | A ^ -> CO ^ | ADHM4TP   | 0.079 |   5.506 |    6.475 | 
     | add_131_40_g1520       | A ^ -> CO ^ | ADHM4TP   | 0.079 |   5.584 |    6.553 | 
     | add_131_40_g1519       | A ^ -> CO ^ | ADHM4TP   | 0.081 |   5.665 |    6.634 | 
     | add_131_40_g1518       | A ^ -> CO ^ | ADHM4TP   | 0.099 |   5.764 |    6.733 | 
     | FE_RC_9_0              | A ^ -> Z v  | INVM3TP   | 0.038 |   5.802 |    6.771 | 
     | FE_RC_8_0              | B v -> Z ^  | NR2B1M6TP | 0.048 |   5.850 |    6.819 | 
     | add_131_40_g1515       | A ^ -> CO ^ | ADHM4TP   | 0.085 |   5.935 |    6.904 | 
     | add_131_40_g1514       | A ^ -> CO ^ | ADHM4TP   | 0.081 |   6.016 |    6.985 | 
     | add_131_40_g1513       | A ^ -> CO ^ | ADHM4TP   | 0.082 |   6.098 |    7.067 | 
     | add_131_40_g1512       | A ^ -> CO ^ | ADHM4TP   | 0.082 |   6.180 |    7.149 | 
     | add_131_40_g1511       | A ^ -> CO ^ | ADHM4TP   | 0.081 |   6.261 |    7.230 | 
     | add_131_40_g1510       | A ^ -> CO ^ | ADHM4TP   | 0.080 |   6.341 |    7.310 | 
     | add_131_40_g1509       | A ^ -> CO ^ | ADHM4TP   | 0.079 |   6.421 |    7.389 | 
     | add_131_40_g1508       | A ^ -> CO ^ | ADHM4TP   | 0.086 |   6.506 |    7.475 | 
     | add_131_40_g1507       | A ^ -> CO ^ | ADHM4TP   | 0.083 |   6.589 |    7.558 | 
     | add_131_40_g1506       | A ^ -> CO ^ | ADHM4TP   | 0.080 |   6.670 |    7.638 | 
     | add_131_40_g1505       | A ^ -> CO ^ | ADHM4TP   | 0.079 |   6.748 |    7.717 | 
     | add_131_40_g1504       | A ^ -> CO ^ | ADHM4TP   | 0.079 |   6.827 |    7.796 | 
     | add_131_40_g1503       | A ^ -> CO ^ | ADHM4TP   | 0.080 |   6.907 |    7.876 | 
     | add_131_40_g1502       | A ^ -> CO ^ | ADHM4TP   | 0.079 |   6.986 |    7.955 | 
     | add_131_40_g1501       | A ^ -> CO ^ | ADHM4TP   | 0.079 |   7.065 |    8.034 | 
     | add_131_40_g1500       | A ^ -> CO ^ | ADHM4TP   | 0.082 |   7.148 |    8.117 | 
     | add_131_40_g1499       | A ^ -> CO ^ | ADHM4TP   | 0.081 |   7.229 |    8.198 | 
     | add_131_40_g1498       | A ^ -> CO ^ | ADHM4TP   | 0.079 |   7.308 |    8.277 | 
     | add_131_40_g1497       | A ^ -> CO ^ | ADHM4TP   | 0.079 |   7.386 |    8.355 | 
     | add_131_40_g1496       | A ^ -> CO ^ | ADHM4TP   | 0.079 |   7.465 |    8.434 | 
     | add_131_40_g1495       | A ^ -> CO ^ | ADHM4TP   | 0.080 |   7.545 |    8.514 | 
     | add_131_40_g1494       | A ^ -> CO ^ | ADHM4TP   | 0.082 |   7.627 |    8.596 | 
     | add_131_40_g1493       | A ^ -> CO ^ | ADHM4TP   | 0.080 |   7.708 |    8.676 | 
     | add_131_40_g1492       | A ^ -> CO ^ | ADHM4TP   | 0.080 |   7.787 |    8.756 | 
     | add_131_40_g1491       | A ^ -> CO ^ | ADHM4TP   | 0.079 |   7.866 |    8.835 | 
     | add_131_40_g1490       | A ^ -> CO ^ | ADHM4TP   | 0.080 |   7.946 |    8.915 | 
     | add_131_40_g1489       | A ^ -> CO ^ | ADHM4TP   | 0.081 |   8.027 |    8.996 | 
     | add_131_40_g1488       | A ^ -> CO ^ | ADHM4TP   | 0.082 |   8.109 |    9.078 | 
     | add_131_40_g1487       | A ^ -> CO ^ | ADHM4TP   | 0.083 |   8.192 |    9.160 | 
     | add_131_40_g1486       | A ^ -> CO ^ | ADHM4TP   | 0.080 |   8.271 |    9.240 | 
     | add_131_40_g1485       | A ^ -> CO ^ | ADHM4TP   | 0.078 |   8.350 |    9.318 | 
     | add_131_40_g1484       | A ^ -> CO ^ | ADHM4TP   | 0.079 |   8.429 |    9.398 | 
     | add_131_40_g1483       | A ^ -> CO ^ | ADHM4TP   | 0.079 |   8.507 |    9.476 | 
     | add_131_40_g1482       | A ^ -> CO ^ | ADHM4TP   | 0.091 |   8.598 |    9.567 | 
     | FE_RC_49_0             | A ^ -> Z v  | INVM2TP   | 0.038 |   8.636 |    9.605 | 
     | FE_RC_48_0             | B v -> Z ^  | NR2B1M4TP | 0.056 |   8.692 |    9.661 | 
     | add_131_40_g1478       | A ^ -> S v  | ADHM4TP   | 0.131 |   8.823 |    9.792 | 
     | g76752                 | A2 v -> Z v | AO22M1TP  | 0.187 |   9.011 |    9.979 | 
     | nonce_counter_reg[117] | D v         | DFQRM1TP  | 0.000 |   9.011 |    9.979 | 
     +-------------------------------------------------------------------------------+ 
Path 14: MET Setup Check with Pin nonce_counter_reg[114]/CK 
Endpoint:   nonce_counter_reg[114]/D (^) checked with  leading edge of 'clk'
Beginpoint: nonce_counter_reg[5]/Q   (^) triggered by  leading edge of 'clk'
Path Groups: {clk}
Analysis View: av_setup
Other End Arrival Time          0.000
- Setup                         0.047
+ Phase Shift                  10.000
= Required Time                 9.953
- Arrival Time                  8.870
= Slack Time                    1.083
     Clock Rise Edge                 0.000
     + Clock Network Latency (Ideal) 0.000
     = Beginpoint Arrival Time       0.000
     +-----------------------------------------------------------------------------------+ 
     |        Instance        |     Arc      |     Cell     | Delay | Arrival | Required | 
     |                        |              |              |       |  Time   |   Time   | 
     |------------------------+--------------+--------------+-------+---------+----------| 
     | nonce_counter_reg[5]   | CK ^         |              |       |   0.000 |    1.083 | 
     | nonce_counter_reg[5]   | CK ^ -> Q ^  | DFQRM4TP     | 0.224 |   0.224 |    1.307 | 
     | add_131_40_g1591       | B ^ -> Z ^   | AN2M4TP      | 0.100 |   0.324 |    1.407 | 
     | add_131_40_g1589       | A ^ -> CO ^  | ADHM4TP      | 0.084 |   0.409 |    1.492 | 
     | add_131_40_g1588       | A ^ -> CO ^  | ADHM4TP      | 0.081 |   0.490 |    1.573 | 
     | add_131_40_g1587       | A ^ -> CO ^  | ADHM4TP      | 0.083 |   0.573 |    1.656 | 
     | add_131_40_g1586       | A ^ -> CO ^  | ADHM4TP      | 0.081 |   0.654 |    1.737 | 
     | add_131_40_g1585       | A ^ -> CO ^  | ADHM4TP      | 0.079 |   0.733 |    1.816 | 
     | add_131_40_g1584       | A ^ -> CO ^  | ADHM4TP      | 0.087 |   0.820 |    1.903 | 
     | add_131_40_g1583       | A ^ -> CO ^  | ADHM4TP      | 0.084 |   0.904 |    1.987 | 
     | add_131_40_g1582       | A ^ -> CO ^  | ADHM4TP      | 0.079 |   0.983 |    2.066 | 
     | add_131_40_g1581       | A ^ -> CO ^  | ADHM4TP      | 0.078 |   1.061 |    2.144 | 
     | add_131_40_g1580       | A ^ -> CO ^  | ADHM4TP      | 0.085 |   1.146 |    2.229 | 
     | add_131_40_g1579       | A ^ -> CO ^  | ADHM4TP      | 0.083 |   1.229 |    2.312 | 
     | add_131_40_g1578       | A ^ -> CO ^  | ADHM4TP      | 0.078 |   1.307 |    2.390 | 
     | add_131_40_g1577       | A ^ -> CO ^  | ADHM4TP      | 0.078 |   1.385 |    2.468 | 
     | add_131_40_g1576       | A ^ -> CO ^  | ADHM4TP      | 0.082 |   1.467 |    2.550 | 
     | add_131_40_g1575       | A ^ -> CO ^  | ADHM4TP      | 0.082 |   1.549 |    2.632 | 
     | add_131_40_g1574       | A ^ -> CO ^  | ADHM4TP      | 0.080 |   1.629 |    2.712 | 
     | add_131_40_g1573       | A ^ -> CO ^  | ADHM4TP      | 0.086 |   1.716 |    2.799 | 
     | FE_RC_77_0             | A ^ -> Z v   | ND3M6TP      | 0.045 |   1.760 |    2.843 | 
     | FE_RC_65_0             | B v -> Z ^   | NR2B1M6TP    | 0.063 |   1.823 |    2.906 | 
     | add_131_40_g1567       | A ^ -> CO ^  | ADHM4TP      | 0.088 |   1.911 |    2.994 | 
     | add_131_40_g1566       | A ^ -> CO ^  | ADHM4TP      | 0.081 |   1.992 |    3.075 | 
     | add_131_40_g1565       | A ^ -> CO ^  | ADHM4TP      | 0.080 |   2.072 |    3.155 | 
     | add_131_40_g1564       | A ^ -> CO ^  | ADHM4TP      | 0.082 |   2.154 |    3.237 | 
     | add_131_40_g1563       | A ^ -> CO ^  | ADHM4TP      | 0.081 |   2.235 |    3.318 | 
     | add_131_40_g1562       | A ^ -> CO ^  | ADHM4TP      | 0.079 |   2.314 |    3.397 | 
     | add_131_40_g1561       | A ^ -> CO ^  | ADHM4TP      | 0.079 |   2.393 |    3.476 | 
     | add_131_40_g1560       | A ^ -> CO ^  | ADHM4TP      | 0.080 |   2.473 |    3.556 | 
     | add_131_40_g1559       | A ^ -> CO ^  | ADHM4TP      | 0.079 |   2.552 |    3.635 | 
     | add_131_40_g1558       | A ^ -> CO ^  | ADHM4TP      | 0.082 |   2.635 |    3.718 | 
     | add_131_40_g1557       | A ^ -> CO ^  | ADHM4TP      | 0.081 |   2.716 |    3.799 | 
     | add_131_40_g1556       | A ^ -> CO ^  | ADHM4TP      | 0.080 |   2.796 |    3.879 | 
     | add_131_40_g1555       | A ^ -> CO ^  | ADHM4TP      | 0.080 |   2.877 |    3.960 | 
     | add_131_40_g1554       | A ^ -> CO ^  | ADHM4TP      | 0.081 |   2.958 |    4.041 | 
     | add_131_40_g1553       | A ^ -> CO ^  | ADHM4TP      | 0.081 |   3.038 |    4.121 | 
     | add_131_40_g1552       | A ^ -> CO ^  | ADHM4TP      | 0.080 |   3.119 |    4.202 | 
     | add_131_40_g1551       | A ^ -> CO ^  | ADHM4TP      | 0.082 |   3.201 |    4.284 | 
     | add_131_40_g1550       | A ^ -> CO ^  | ADHM4TP      | 0.080 |   3.281 |    4.364 | 
     | add_131_40_g1549       | A ^ -> CO ^  | ADHM4TP      | 0.082 |   3.363 |    4.446 | 
     | add_131_40_g1548       | A ^ -> CO ^  | ADHM4TP      | 0.081 |   3.444 |    4.527 | 
     | add_131_40_g1547       | A ^ -> CO ^  | ADHM4TP      | 0.082 |   3.526 |    4.609 | 
     | add_131_40_g1546       | A ^ -> CO ^  | ADHM4TP      | 0.080 |   3.606 |    4.689 | 
     | add_131_40_g1545       | A ^ -> CO ^  | ADHM4TP      | 0.085 |   3.691 |    4.774 | 
     | add_131_40_g1544       | A ^ -> CO ^  | ADHM4TP      | 0.082 |   3.773 |    4.856 | 
     | add_131_40_g1543       | A ^ -> CO ^  | ADHM4TP      | 0.080 |   3.853 |    4.936 | 
     | add_131_40_g1542       | A ^ -> CO ^  | ADHM4TP      | 0.078 |   3.932 |    5.015 | 
     | add_131_40_g1541       | A ^ -> CO ^  | ADHM4TP      | 0.080 |   4.012 |    5.095 | 
     | add_131_40_g1540       | A ^ -> CO ^  | ADHM4TP      | 0.081 |   4.093 |    5.176 | 
     | add_131_40_g1539       | A ^ -> CO ^  | ADHM4TP      | 0.080 |   4.172 |    5.255 | 
     | add_131_40_g1538       | A ^ -> CO ^  | ADHM4TP      | 0.079 |   4.252 |    5.335 | 
     | add_131_40_g1537       | A ^ -> CO ^  | ADHM4TP      | 0.079 |   4.331 |    5.414 | 
     | add_131_40_g1536       | A ^ -> CO ^  | ADHM4TP      | 0.085 |   4.416 |    5.499 | 
     | FE_RC_34_0             | A ^ -> Z v   | INVM2TP      | 0.045 |   4.460 |    5.543 | 
     | FE_RC_28_0             | B v -> Z ^   | NR2B1M6TP    | 0.048 |   4.508 |    5.591 | 
     | add_131_40_g1532       | A ^ -> CO ^  | ADHM8TP      | 0.102 |   4.611 |    5.694 | 
     | add_131_40_g1531       | A ^ -> CO ^  | ADHM4TP      | 0.094 |   4.704 |    5.787 | 
     | add_131_40_g1530       | A ^ -> CO ^  | ADHM4TP      | 0.080 |   4.785 |    5.868 | 
     | add_131_40_g1529       | A ^ -> CO ^  | ADHM4TP      | 0.082 |   4.866 |    5.949 | 
     | add_131_40_g1528       | A ^ -> CO ^  | ADHM4TP      | 0.084 |   4.950 |    6.033 | 
     | add_131_40_g1527       | A ^ -> CO ^  | ADHM4TP      | 0.081 |   5.031 |    6.114 | 
     | add_131_40_g1526       | A ^ -> CO ^  | ADHM4TP      | 0.078 |   5.109 |    6.192 | 
     | add_131_40_g1525       | A ^ -> CO ^  | ADHM4TP      | 0.078 |   5.187 |    6.270 | 
     | add_131_40_g1524       | A ^ -> CO ^  | ADHM4TP      | 0.081 |   5.267 |    6.350 | 
     | add_131_40_g1523       | A ^ -> CO ^  | ADHM4TP      | 0.081 |   5.348 |    6.431 | 
     | add_131_40_g1522       | A ^ -> CO ^  | ADHM4TP      | 0.079 |   5.427 |    6.510 | 
     | add_131_40_g1521       | A ^ -> CO ^  | ADHM4TP      | 0.079 |   5.506 |    6.589 | 
     | add_131_40_g1520       | A ^ -> CO ^  | ADHM4TP      | 0.079 |   5.584 |    6.667 | 
     | add_131_40_g1519       | A ^ -> CO ^  | ADHM4TP      | 0.081 |   5.665 |    6.748 | 
     | add_131_40_g1518       | A ^ -> CO ^  | ADHM4TP      | 0.099 |   5.764 |    6.847 | 
     | FE_RC_9_0              | A ^ -> Z v   | INVM3TP      | 0.038 |   5.802 |    6.885 | 
     | FE_RC_8_0              | B v -> Z ^   | NR2B1M6TP    | 0.048 |   5.850 |    6.933 | 
     | add_131_40_g1515       | A ^ -> CO ^  | ADHM4TP      | 0.085 |   5.935 |    7.018 | 
     | add_131_40_g1514       | A ^ -> CO ^  | ADHM4TP      | 0.081 |   6.016 |    7.099 | 
     | add_131_40_g1513       | A ^ -> CO ^  | ADHM4TP      | 0.082 |   6.098 |    7.181 | 
     | add_131_40_g1512       | A ^ -> CO ^  | ADHM4TP      | 0.082 |   6.180 |    7.263 | 
     | add_131_40_g1511       | A ^ -> CO ^  | ADHM4TP      | 0.081 |   6.261 |    7.344 | 
     | add_131_40_g1510       | A ^ -> CO ^  | ADHM4TP      | 0.080 |   6.341 |    7.424 | 
     | add_131_40_g1509       | A ^ -> CO ^  | ADHM4TP      | 0.079 |   6.421 |    7.503 | 
     | add_131_40_g1508       | A ^ -> CO ^  | ADHM4TP      | 0.086 |   6.506 |    7.589 | 
     | add_131_40_g1507       | A ^ -> CO ^  | ADHM4TP      | 0.083 |   6.589 |    7.672 | 
     | add_131_40_g1506       | A ^ -> CO ^  | ADHM4TP      | 0.080 |   6.670 |    7.752 | 
     | add_131_40_g1505       | A ^ -> CO ^  | ADHM4TP      | 0.079 |   6.748 |    7.831 | 
     | add_131_40_g1504       | A ^ -> CO ^  | ADHM4TP      | 0.079 |   6.827 |    7.910 | 
     | add_131_40_g1503       | A ^ -> CO ^  | ADHM4TP      | 0.080 |   6.907 |    7.990 | 
     | add_131_40_g1502       | A ^ -> CO ^  | ADHM4TP      | 0.079 |   6.986 |    8.069 | 
     | add_131_40_g1501       | A ^ -> CO ^  | ADHM4TP      | 0.079 |   7.065 |    8.148 | 
     | add_131_40_g1500       | A ^ -> CO ^  | ADHM4TP      | 0.082 |   7.148 |    8.231 | 
     | add_131_40_g1499       | A ^ -> CO ^  | ADHM4TP      | 0.081 |   7.229 |    8.312 | 
     | add_131_40_g1498       | A ^ -> CO ^  | ADHM4TP      | 0.079 |   7.308 |    8.391 | 
     | add_131_40_g1497       | A ^ -> CO ^  | ADHM4TP      | 0.079 |   7.386 |    8.469 | 
     | add_131_40_g1496       | A ^ -> CO ^  | ADHM4TP      | 0.079 |   7.465 |    8.548 | 
     | add_131_40_g1495       | A ^ -> CO ^  | ADHM4TP      | 0.080 |   7.545 |    8.628 | 
     | add_131_40_g1494       | A ^ -> CO ^  | ADHM4TP      | 0.082 |   7.627 |    8.710 | 
     | add_131_40_g1493       | A ^ -> CO ^  | ADHM4TP      | 0.080 |   7.708 |    8.791 | 
     | add_131_40_g1492       | A ^ -> CO ^  | ADHM4TP      | 0.080 |   7.787 |    8.870 | 
     | add_131_40_g1491       | A ^ -> CO ^  | ADHM4TP      | 0.079 |   7.866 |    8.949 | 
     | add_131_40_g1490       | A ^ -> CO ^  | ADHM4TP      | 0.080 |   7.946 |    9.029 | 
     | add_131_40_g1489       | A ^ -> CO ^  | ADHM4TP      | 0.081 |   8.027 |    9.110 | 
     | add_131_40_g1488       | A ^ -> CO ^  | ADHM4TP      | 0.082 |   8.109 |    9.192 | 
     | add_131_40_g1487       | A ^ -> CO ^  | ADHM4TP      | 0.083 |   8.192 |    9.275 | 
     | add_131_40_g1486       | A ^ -> CO ^  | ADHM4TP      | 0.080 |   8.271 |    9.354 | 
     | add_131_40_g1485       | A ^ -> CO ^  | ADHM4TP      | 0.078 |   8.350 |    9.433 | 
     | add_131_40_g1484       | A ^ -> CO ^  | ADHM4TP      | 0.079 |   8.429 |    9.512 | 
     | add_131_40_g1483       | A ^ -> CO ^  | ADHM4TP      | 0.079 |   8.507 |    9.590 | 
     | add_131_40_g1482       | A ^ -> CO ^  | ADHM4TP      | 0.091 |   8.598 |    9.681 | 
     | FE_RC_51_0             | NA2 ^ -> Z ^ | OAI22B10M2TP | 0.103 |   8.702 |    9.785 | 
     | g76749                 | A2 ^ -> Z ^  | AO22M1TP     | 0.168 |   8.870 |    9.953 | 
     | nonce_counter_reg[114] | D ^          | DFQRM1TP     | 0.000 |   8.870 |    9.953 | 
     +-----------------------------------------------------------------------------------+ 
Path 15: MET Setup Check with Pin nonce_counter_reg[113]/CK 
Endpoint:   nonce_counter_reg[113]/D (v) checked with  leading edge of 'clk'
Beginpoint: nonce_counter_reg[5]/Q   (^) triggered by  leading edge of 'clk'
Path Groups: {clk}
Analysis View: av_setup
Other End Arrival Time          0.000
- Setup                         0.020
+ Phase Shift                  10.000
= Required Time                 9.980
- Arrival Time                  8.816
= Slack Time                    1.163
     Clock Rise Edge                 0.000
     + Clock Network Latency (Ideal) 0.000
     = Beginpoint Arrival Time       0.000
     +-------------------------------------------------------------------------------+ 
     |        Instance        |     Arc     |   Cell    | Delay | Arrival | Required | 
     |                        |             |           |       |  Time   |   Time   | 
     |------------------------+-------------+-----------+-------+---------+----------| 
     | nonce_counter_reg[5]   | CK ^        |           |       |   0.000 |    1.163 | 
     | nonce_counter_reg[5]   | CK ^ -> Q ^ | DFQRM4TP  | 0.224 |   0.224 |    1.387 | 
     | add_131_40_g1591       | B ^ -> Z ^  | AN2M4TP   | 0.100 |   0.324 |    1.488 | 
     | add_131_40_g1589       | A ^ -> CO ^ | ADHM4TP   | 0.084 |   0.409 |    1.572 | 
     | add_131_40_g1588       | A ^ -> CO ^ | ADHM4TP   | 0.081 |   0.490 |    1.653 | 
     | add_131_40_g1587       | A ^ -> CO ^ | ADHM4TP   | 0.083 |   0.573 |    1.736 | 
     | add_131_40_g1586       | A ^ -> CO ^ | ADHM4TP   | 0.081 |   0.654 |    1.817 | 
     | add_131_40_g1585       | A ^ -> CO ^ | ADHM4TP   | 0.079 |   0.733 |    1.896 | 
     | add_131_40_g1584       | A ^ -> CO ^ | ADHM4TP   | 0.087 |   0.820 |    1.983 | 
     | add_131_40_g1583       | A ^ -> CO ^ | ADHM4TP   | 0.084 |   0.904 |    2.068 | 
     | add_131_40_g1582       | A ^ -> CO ^ | ADHM4TP   | 0.079 |   0.983 |    2.146 | 
     | add_131_40_g1581       | A ^ -> CO ^ | ADHM4TP   | 0.078 |   1.061 |    2.225 | 
     | add_131_40_g1580       | A ^ -> CO ^ | ADHM4TP   | 0.085 |   1.146 |    2.310 | 
     | add_131_40_g1579       | A ^ -> CO ^ | ADHM4TP   | 0.083 |   1.229 |    2.392 | 
     | add_131_40_g1578       | A ^ -> CO ^ | ADHM4TP   | 0.078 |   1.307 |    2.470 | 
     | add_131_40_g1577       | A ^ -> CO ^ | ADHM4TP   | 0.078 |   1.385 |    2.548 | 
     | add_131_40_g1576       | A ^ -> CO ^ | ADHM4TP   | 0.082 |   1.467 |    2.631 | 
     | add_131_40_g1575       | A ^ -> CO ^ | ADHM4TP   | 0.082 |   1.549 |    2.713 | 
     | add_131_40_g1574       | A ^ -> CO ^ | ADHM4TP   | 0.080 |   1.629 |    2.793 | 
     | add_131_40_g1573       | A ^ -> CO ^ | ADHM4TP   | 0.086 |   1.716 |    2.879 | 
     | FE_RC_77_0             | A ^ -> Z v  | ND3M6TP   | 0.045 |   1.760 |    2.924 | 
     | FE_RC_65_0             | B v -> Z ^  | NR2B1M6TP | 0.063 |   1.823 |    2.986 | 
     | add_131_40_g1567       | A ^ -> CO ^ | ADHM4TP   | 0.088 |   1.911 |    3.075 | 
     | add_131_40_g1566       | A ^ -> CO ^ | ADHM4TP   | 0.081 |   1.992 |    3.156 | 
     | add_131_40_g1565       | A ^ -> CO ^ | ADHM4TP   | 0.080 |   2.072 |    3.236 | 
     | add_131_40_g1564       | A ^ -> CO ^ | ADHM4TP   | 0.082 |   2.154 |    3.318 | 
     | add_131_40_g1563       | A ^ -> CO ^ | ADHM4TP   | 0.081 |   2.235 |    3.399 | 
     | add_131_40_g1562       | A ^ -> CO ^ | ADHM4TP   | 0.079 |   2.314 |    3.478 | 
     | add_131_40_g1561       | A ^ -> CO ^ | ADHM4TP   | 0.079 |   2.393 |    3.557 | 
     | add_131_40_g1560       | A ^ -> CO ^ | ADHM4TP   | 0.080 |   2.473 |    3.637 | 
     | add_131_40_g1559       | A ^ -> CO ^ | ADHM4TP   | 0.079 |   2.552 |    3.716 | 
     | add_131_40_g1558       | A ^ -> CO ^ | ADHM4TP   | 0.082 |   2.635 |    3.798 | 
     | add_131_40_g1557       | A ^ -> CO ^ | ADHM4TP   | 0.081 |   2.716 |    3.879 | 
     | add_131_40_g1556       | A ^ -> CO ^ | ADHM4TP   | 0.080 |   2.796 |    3.960 | 
     | add_131_40_g1555       | A ^ -> CO ^ | ADHM4TP   | 0.080 |   2.877 |    4.040 | 
     | add_131_40_g1554       | A ^ -> CO ^ | ADHM4TP   | 0.081 |   2.958 |    4.121 | 
     | add_131_40_g1553       | A ^ -> CO ^ | ADHM4TP   | 0.081 |   3.038 |    4.202 | 
     | add_131_40_g1552       | A ^ -> CO ^ | ADHM4TP   | 0.080 |   3.119 |    4.282 | 
     | add_131_40_g1551       | A ^ -> CO ^ | ADHM4TP   | 0.082 |   3.201 |    4.365 | 
     | add_131_40_g1550       | A ^ -> CO ^ | ADHM4TP   | 0.080 |   3.281 |    4.445 | 
     | add_131_40_g1549       | A ^ -> CO ^ | ADHM4TP   | 0.082 |   3.363 |    4.527 | 
     | add_131_40_g1548       | A ^ -> CO ^ | ADHM4TP   | 0.081 |   3.444 |    4.608 | 
     | add_131_40_g1547       | A ^ -> CO ^ | ADHM4TP   | 0.082 |   3.526 |    4.689 | 
     | add_131_40_g1546       | A ^ -> CO ^ | ADHM4TP   | 0.080 |   3.606 |    4.769 | 
     | add_131_40_g1545       | A ^ -> CO ^ | ADHM4TP   | 0.085 |   3.691 |    4.855 | 
     | add_131_40_g1544       | A ^ -> CO ^ | ADHM4TP   | 0.082 |   3.773 |    4.936 | 
     | add_131_40_g1543       | A ^ -> CO ^ | ADHM4TP   | 0.080 |   3.853 |    5.017 | 
     | add_131_40_g1542       | A ^ -> CO ^ | ADHM4TP   | 0.078 |   3.932 |    5.095 | 
     | add_131_40_g1541       | A ^ -> CO ^ | ADHM4TP   | 0.080 |   4.012 |    5.176 | 
     | add_131_40_g1540       | A ^ -> CO ^ | ADHM4TP   | 0.081 |   4.093 |    5.256 | 
     | add_131_40_g1539       | A ^ -> CO ^ | ADHM4TP   | 0.080 |   4.172 |    5.336 | 
     | add_131_40_g1538       | A ^ -> CO ^ | ADHM4TP   | 0.079 |   4.252 |    5.415 | 
     | add_131_40_g1537       | A ^ -> CO ^ | ADHM4TP   | 0.079 |   4.331 |    5.494 | 
     | add_131_40_g1536       | A ^ -> CO ^ | ADHM4TP   | 0.085 |   4.416 |    5.579 | 
     | FE_RC_34_0             | A ^ -> Z v  | INVM2TP   | 0.045 |   4.460 |    5.624 | 
     | FE_RC_28_0             | B v -> Z ^  | NR2B1M6TP | 0.048 |   4.508 |    5.672 | 
     | add_131_40_g1532       | A ^ -> CO ^ | ADHM8TP   | 0.102 |   4.611 |    5.774 | 
     | add_131_40_g1531       | A ^ -> CO ^ | ADHM4TP   | 0.094 |   4.704 |    5.868 | 
     | add_131_40_g1530       | A ^ -> CO ^ | ADHM4TP   | 0.080 |   4.785 |    5.948 | 
     | add_131_40_g1529       | A ^ -> CO ^ | ADHM4TP   | 0.082 |   4.866 |    6.030 | 
     | add_131_40_g1528       | A ^ -> CO ^ | ADHM4TP   | 0.084 |   4.950 |    6.114 | 
     | add_131_40_g1527       | A ^ -> CO ^ | ADHM4TP   | 0.081 |   5.031 |    6.194 | 
     | add_131_40_g1526       | A ^ -> CO ^ | ADHM4TP   | 0.078 |   5.109 |    6.272 | 
     | add_131_40_g1525       | A ^ -> CO ^ | ADHM4TP   | 0.078 |   5.187 |    6.350 | 
     | add_131_40_g1524       | A ^ -> CO ^ | ADHM4TP   | 0.081 |   5.267 |    6.431 | 
     | add_131_40_g1523       | A ^ -> CO ^ | ADHM4TP   | 0.081 |   5.348 |    6.512 | 
     | add_131_40_g1522       | A ^ -> CO ^ | ADHM4TP   | 0.079 |   5.427 |    6.590 | 
     | add_131_40_g1521       | A ^ -> CO ^ | ADHM4TP   | 0.079 |   5.506 |    6.669 | 
     | add_131_40_g1520       | A ^ -> CO ^ | ADHM4TP   | 0.079 |   5.584 |    6.748 | 
     | add_131_40_g1519       | A ^ -> CO ^ | ADHM4TP   | 0.081 |   5.665 |    6.829 | 
     | add_131_40_g1518       | A ^ -> CO ^ | ADHM4TP   | 0.099 |   5.764 |    6.927 | 
     | FE_RC_9_0              | A ^ -> Z v  | INVM3TP   | 0.038 |   5.802 |    6.965 | 
     | FE_RC_8_0              | B v -> Z ^  | NR2B1M6TP | 0.048 |   5.850 |    7.014 | 
     | add_131_40_g1515       | A ^ -> CO ^ | ADHM4TP   | 0.085 |   5.935 |    7.099 | 
     | add_131_40_g1514       | A ^ -> CO ^ | ADHM4TP   | 0.081 |   6.016 |    7.180 | 
     | add_131_40_g1513       | A ^ -> CO ^ | ADHM4TP   | 0.082 |   6.098 |    7.261 | 
     | add_131_40_g1512       | A ^ -> CO ^ | ADHM4TP   | 0.082 |   6.180 |    7.344 | 
     | add_131_40_g1511       | A ^ -> CO ^ | ADHM4TP   | 0.081 |   6.261 |    7.425 | 
     | add_131_40_g1510       | A ^ -> CO ^ | ADHM4TP   | 0.080 |   6.341 |    7.505 | 
     | add_131_40_g1509       | A ^ -> CO ^ | ADHM4TP   | 0.079 |   6.420 |    7.584 | 
     | add_131_40_g1508       | A ^ -> CO ^ | ADHM4TP   | 0.086 |   6.506 |    7.670 | 
     | add_131_40_g1507       | A ^ -> CO ^ | ADHM4TP   | 0.083 |   6.589 |    7.753 | 
     | add_131_40_g1506       | A ^ -> CO ^ | ADHM4TP   | 0.080 |   6.669 |    7.833 | 
     | add_131_40_g1505       | A ^ -> CO ^ | ADHM4TP   | 0.079 |   6.748 |    7.912 | 
     | add_131_40_g1504       | A ^ -> CO ^ | ADHM4TP   | 0.079 |   6.827 |    7.991 | 
     | add_131_40_g1503       | A ^ -> CO ^ | ADHM4TP   | 0.080 |   6.907 |    8.070 | 
     | add_131_40_g1502       | A ^ -> CO ^ | ADHM4TP   | 0.079 |   6.986 |    8.150 | 
     | add_131_40_g1501       | A ^ -> CO ^ | ADHM4TP   | 0.079 |   7.065 |    8.229 | 
     | add_131_40_g1500       | A ^ -> CO ^ | ADHM4TP   | 0.082 |   7.148 |    8.311 | 
     | add_131_40_g1499       | A ^ -> CO ^ | ADHM4TP   | 0.081 |   7.229 |    8.393 | 
     | add_131_40_g1498       | A ^ -> CO ^ | ADHM4TP   | 0.079 |   7.308 |    8.471 | 
     | add_131_40_g1497       | A ^ -> CO ^ | ADHM4TP   | 0.079 |   7.386 |    8.550 | 
     | add_131_40_g1496       | A ^ -> CO ^ | ADHM4TP   | 0.079 |   7.465 |    8.629 | 
     | add_131_40_g1495       | A ^ -> CO ^ | ADHM4TP   | 0.080 |   7.545 |    8.709 | 
     | add_131_40_g1494       | A ^ -> CO ^ | ADHM4TP   | 0.082 |   7.627 |    8.791 | 
     | add_131_40_g1493       | A ^ -> CO ^ | ADHM4TP   | 0.080 |   7.708 |    8.871 | 
     | add_131_40_g1492       | A ^ -> CO ^ | ADHM4TP   | 0.080 |   7.787 |    8.951 | 
     | add_131_40_g1491       | A ^ -> CO ^ | ADHM4TP   | 0.079 |   7.866 |    9.030 | 
     | add_131_40_g1490       | A ^ -> CO ^ | ADHM4TP   | 0.080 |   7.946 |    9.110 | 
     | add_131_40_g1489       | A ^ -> CO ^ | ADHM4TP   | 0.081 |   8.027 |    9.190 | 
     | add_131_40_g1488       | A ^ -> CO ^ | ADHM4TP   | 0.082 |   8.109 |    9.273 | 
     | add_131_40_g1487       | A ^ -> CO ^ | ADHM4TP   | 0.083 |   8.192 |    9.355 | 
     | add_131_40_g1486       | A ^ -> CO ^ | ADHM4TP   | 0.080 |   8.271 |    9.435 | 
     | add_131_40_g1485       | A ^ -> CO ^ | ADHM4TP   | 0.078 |   8.350 |    9.513 | 
     | add_131_40_g1484       | A ^ -> CO ^ | ADHM4TP   | 0.079 |   8.429 |    9.592 | 
     | add_131_40_g1483       | A ^ -> CO ^ | ADHM4TP   | 0.079 |   8.507 |    9.671 | 
     | add_131_40_g1482       | A ^ -> S v  | ADHM4TP   | 0.122 |   8.629 |    9.793 | 
     | g76748                 | A2 v -> Z v | AO22M1TP  | 0.187 |   8.816 |    9.980 | 
     | nonce_counter_reg[113] | D v         | DFQRM1TP  | 0.000 |   8.816 |    9.980 | 
     +-------------------------------------------------------------------------------+ 
Path 16: MET Setup Check with Pin nonce_counter_reg[112]/CK 
Endpoint:   nonce_counter_reg[112]/D (v) checked with  leading edge of 'clk'
Beginpoint: nonce_counter_reg[5]/Q   (^) triggered by  leading edge of 'clk'
Path Groups: {clk}
Analysis View: av_setup
Other End Arrival Time          0.000
- Setup                         0.021
+ Phase Shift                  10.000
= Required Time                 9.979
- Arrival Time                  8.738
= Slack Time                    1.242
     Clock Rise Edge                 0.000
     + Clock Network Latency (Ideal) 0.000
     = Beginpoint Arrival Time       0.000
     +-------------------------------------------------------------------------------+ 
     |        Instance        |     Arc     |   Cell    | Delay | Arrival | Required | 
     |                        |             |           |       |  Time   |   Time   | 
     |------------------------+-------------+-----------+-------+---------+----------| 
     | nonce_counter_reg[5]   | CK ^        |           |       |   0.000 |    1.242 | 
     | nonce_counter_reg[5]   | CK ^ -> Q ^ | DFQRM4TP  | 0.224 |   0.224 |    1.466 | 
     | add_131_40_g1591       | B ^ -> Z ^  | AN2M4TP   | 0.100 |   0.324 |    1.566 | 
     | add_131_40_g1589       | A ^ -> CO ^ | ADHM4TP   | 0.084 |   0.409 |    1.650 | 
     | add_131_40_g1588       | A ^ -> CO ^ | ADHM4TP   | 0.081 |   0.490 |    1.732 | 
     | add_131_40_g1587       | A ^ -> CO ^ | ADHM4TP   | 0.083 |   0.573 |    1.814 | 
     | add_131_40_g1586       | A ^ -> CO ^ | ADHM4TP   | 0.081 |   0.654 |    1.896 | 
     | add_131_40_g1585       | A ^ -> CO ^ | ADHM4TP   | 0.079 |   0.733 |    1.974 | 
     | add_131_40_g1584       | A ^ -> CO ^ | ADHM4TP   | 0.087 |   0.820 |    2.061 | 
     | add_131_40_g1583       | A ^ -> CO ^ | ADHM4TP   | 0.084 |   0.904 |    2.146 | 
     | add_131_40_g1582       | A ^ -> CO ^ | ADHM4TP   | 0.079 |   0.983 |    2.224 | 
     | add_131_40_g1581       | A ^ -> CO ^ | ADHM4TP   | 0.078 |   1.061 |    2.303 | 
     | add_131_40_g1580       | A ^ -> CO ^ | ADHM4TP   | 0.085 |   1.146 |    2.388 | 
     | add_131_40_g1579       | A ^ -> CO ^ | ADHM4TP   | 0.083 |   1.229 |    2.470 | 
     | add_131_40_g1578       | A ^ -> CO ^ | ADHM4TP   | 0.078 |   1.307 |    2.549 | 
     | add_131_40_g1577       | A ^ -> CO ^ | ADHM4TP   | 0.078 |   1.385 |    2.627 | 
     | add_131_40_g1576       | A ^ -> CO ^ | ADHM4TP   | 0.082 |   1.467 |    2.709 | 
     | add_131_40_g1575       | A ^ -> CO ^ | ADHM4TP   | 0.082 |   1.549 |    2.791 | 
     | add_131_40_g1574       | A ^ -> CO ^ | ADHM4TP   | 0.080 |   1.629 |    2.871 | 
     | add_131_40_g1573       | A ^ -> CO ^ | ADHM4TP   | 0.086 |   1.716 |    2.957 | 
     | FE_RC_77_0             | A ^ -> Z v  | ND3M6TP   | 0.045 |   1.760 |    3.002 | 
     | FE_RC_65_0             | B v -> Z ^  | NR2B1M6TP | 0.063 |   1.823 |    3.065 | 
     | add_131_40_g1567       | A ^ -> CO ^ | ADHM4TP   | 0.088 |   1.911 |    3.153 | 
     | add_131_40_g1566       | A ^ -> CO ^ | ADHM4TP   | 0.081 |   1.992 |    3.234 | 
     | add_131_40_g1565       | A ^ -> CO ^ | ADHM4TP   | 0.080 |   2.072 |    3.314 | 
     | add_131_40_g1564       | A ^ -> CO ^ | ADHM4TP   | 0.082 |   2.154 |    3.396 | 
     | add_131_40_g1563       | A ^ -> CO ^ | ADHM4TP   | 0.081 |   2.235 |    3.477 | 
     | add_131_40_g1562       | A ^ -> CO ^ | ADHM4TP   | 0.079 |   2.314 |    3.556 | 
     | add_131_40_g1561       | A ^ -> CO ^ | ADHM4TP   | 0.079 |   2.393 |    3.635 | 
     | add_131_40_g1560       | A ^ -> CO ^ | ADHM4TP   | 0.080 |   2.473 |    3.715 | 
     | add_131_40_g1559       | A ^ -> CO ^ | ADHM4TP   | 0.079 |   2.552 |    3.794 | 
     | add_131_40_g1558       | A ^ -> CO ^ | ADHM4TP   | 0.082 |   2.635 |    3.876 | 
     | add_131_40_g1557       | A ^ -> CO ^ | ADHM4TP   | 0.081 |   2.716 |    3.958 | 
     | add_131_40_g1556       | A ^ -> CO ^ | ADHM4TP   | 0.080 |   2.796 |    4.038 | 
     | add_131_40_g1555       | A ^ -> CO ^ | ADHM4TP   | 0.080 |   2.877 |    4.118 | 
     | add_131_40_g1554       | A ^ -> CO ^ | ADHM4TP   | 0.081 |   2.958 |    4.199 | 
     | add_131_40_g1553       | A ^ -> CO ^ | ADHM4TP   | 0.081 |   3.038 |    4.280 | 
     | add_131_40_g1552       | A ^ -> CO ^ | ADHM4TP   | 0.080 |   3.119 |    4.361 | 
     | add_131_40_g1551       | A ^ -> CO ^ | ADHM4TP   | 0.082 |   3.201 |    4.443 | 
     | add_131_40_g1550       | A ^ -> CO ^ | ADHM4TP   | 0.080 |   3.281 |    4.523 | 
     | add_131_40_g1549       | A ^ -> CO ^ | ADHM4TP   | 0.082 |   3.363 |    4.605 | 
     | add_131_40_g1548       | A ^ -> CO ^ | ADHM4TP   | 0.081 |   3.444 |    4.686 | 
     | add_131_40_g1547       | A ^ -> CO ^ | ADHM4TP   | 0.082 |   3.526 |    4.768 | 
     | add_131_40_g1546       | A ^ -> CO ^ | ADHM4TP   | 0.080 |   3.606 |    4.848 | 
     | add_131_40_g1545       | A ^ -> CO ^ | ADHM4TP   | 0.085 |   3.691 |    4.933 | 
     | add_131_40_g1544       | A ^ -> CO ^ | ADHM4TP   | 0.082 |   3.773 |    5.015 | 
     | add_131_40_g1543       | A ^ -> CO ^ | ADHM4TP   | 0.080 |   3.853 |    5.095 | 
     | add_131_40_g1542       | A ^ -> CO ^ | ADHM4TP   | 0.078 |   3.932 |    5.173 | 
     | add_131_40_g1541       | A ^ -> CO ^ | ADHM4TP   | 0.080 |   4.012 |    5.254 | 
     | add_131_40_g1540       | A ^ -> CO ^ | ADHM4TP   | 0.081 |   4.093 |    5.335 | 
     | add_131_40_g1539       | A ^ -> CO ^ | ADHM4TP   | 0.080 |   4.172 |    5.414 | 
     | add_131_40_g1538       | A ^ -> CO ^ | ADHM4TP   | 0.079 |   4.252 |    5.493 | 
     | add_131_40_g1537       | A ^ -> CO ^ | ADHM4TP   | 0.079 |   4.331 |    5.572 | 
     | add_131_40_g1536       | A ^ -> CO ^ | ADHM4TP   | 0.085 |   4.416 |    5.657 | 
     | FE_RC_34_0             | A ^ -> Z v  | INVM2TP   | 0.045 |   4.460 |    5.702 | 
     | FE_RC_28_0             | B v -> Z ^  | NR2B1M6TP | 0.048 |   4.508 |    5.750 | 
     | add_131_40_g1532       | A ^ -> CO ^ | ADHM8TP   | 0.102 |   4.611 |    5.852 | 
     | add_131_40_g1531       | A ^ -> CO ^ | ADHM4TP   | 0.094 |   4.704 |    5.946 | 
     | add_131_40_g1530       | A ^ -> CO ^ | ADHM4TP   | 0.080 |   4.785 |    6.027 | 
     | add_131_40_g1529       | A ^ -> CO ^ | ADHM4TP   | 0.082 |   4.866 |    6.108 | 
     | add_131_40_g1528       | A ^ -> CO ^ | ADHM4TP   | 0.084 |   4.950 |    6.192 | 
     | add_131_40_g1527       | A ^ -> CO ^ | ADHM4TP   | 0.081 |   5.031 |    6.273 | 
     | add_131_40_g1526       | A ^ -> CO ^ | ADHM4TP   | 0.078 |   5.109 |    6.351 | 
     | add_131_40_g1525       | A ^ -> CO ^ | ADHM4TP   | 0.078 |   5.187 |    6.428 | 
     | add_131_40_g1524       | A ^ -> CO ^ | ADHM4TP   | 0.081 |   5.267 |    6.509 | 
     | add_131_40_g1523       | A ^ -> CO ^ | ADHM4TP   | 0.081 |   5.348 |    6.590 | 
     | add_131_40_g1522       | A ^ -> CO ^ | ADHM4TP   | 0.079 |   5.427 |    6.669 | 
     | add_131_40_g1521       | A ^ -> CO ^ | ADHM4TP   | 0.079 |   5.506 |    6.747 | 
     | add_131_40_g1520       | A ^ -> CO ^ | ADHM4TP   | 0.079 |   5.584 |    6.826 | 
     | add_131_40_g1519       | A ^ -> CO ^ | ADHM4TP   | 0.081 |   5.665 |    6.907 | 
     | add_131_40_g1518       | A ^ -> CO ^ | ADHM4TP   | 0.099 |   5.764 |    7.006 | 
     | FE_RC_9_0              | A ^ -> Z v  | INVM3TP   | 0.038 |   5.802 |    7.044 | 
     | FE_RC_8_0              | B v -> Z ^  | NR2B1M6TP | 0.048 |   5.850 |    7.092 | 
     | add_131_40_g1515       | A ^ -> CO ^ | ADHM4TP   | 0.085 |   5.935 |    7.177 | 
     | add_131_40_g1514       | A ^ -> CO ^ | ADHM4TP   | 0.081 |   6.016 |    7.258 | 
     | add_131_40_g1513       | A ^ -> CO ^ | ADHM4TP   | 0.082 |   6.098 |    7.340 | 
     | add_131_40_g1512       | A ^ -> CO ^ | ADHM4TP   | 0.082 |   6.180 |    7.422 | 
     | add_131_40_g1511       | A ^ -> CO ^ | ADHM4TP   | 0.081 |   6.261 |    7.503 | 
     | add_131_40_g1510       | A ^ -> CO ^ | ADHM4TP   | 0.080 |   6.341 |    7.583 | 
     | add_131_40_g1509       | A ^ -> CO ^ | ADHM4TP   | 0.079 |   6.421 |    7.662 | 
     | add_131_40_g1508       | A ^ -> CO ^ | ADHM4TP   | 0.086 |   6.506 |    7.748 | 
     | add_131_40_g1507       | A ^ -> CO ^ | ADHM4TP   | 0.083 |   6.589 |    7.831 | 
     | add_131_40_g1506       | A ^ -> CO ^ | ADHM4TP   | 0.080 |   6.670 |    7.911 | 
     | add_131_40_g1505       | A ^ -> CO ^ | ADHM4TP   | 0.079 |   6.748 |    7.990 | 
     | add_131_40_g1504       | A ^ -> CO ^ | ADHM4TP   | 0.079 |   6.827 |    8.069 | 
     | add_131_40_g1503       | A ^ -> CO ^ | ADHM4TP   | 0.080 |   6.907 |    8.149 | 
     | add_131_40_g1502       | A ^ -> CO ^ | ADHM4TP   | 0.079 |   6.986 |    8.228 | 
     | add_131_40_g1501       | A ^ -> CO ^ | ADHM4TP   | 0.079 |   7.065 |    8.307 | 
     | add_131_40_g1500       | A ^ -> CO ^ | ADHM4TP   | 0.082 |   7.148 |    8.390 | 
     | add_131_40_g1499       | A ^ -> CO ^ | ADHM4TP   | 0.081 |   7.229 |    8.471 | 
     | add_131_40_g1498       | A ^ -> CO ^ | ADHM4TP   | 0.079 |   7.308 |    8.549 | 
     | add_131_40_g1497       | A ^ -> CO ^ | ADHM4TP   | 0.079 |   7.386 |    8.628 | 
     | add_131_40_g1496       | A ^ -> CO ^ | ADHM4TP   | 0.079 |   7.465 |    8.707 | 
     | add_131_40_g1495       | A ^ -> CO ^ | ADHM4TP   | 0.080 |   7.545 |    8.787 | 
     | add_131_40_g1494       | A ^ -> CO ^ | ADHM4TP   | 0.082 |   7.627 |    8.869 | 
     | add_131_40_g1493       | A ^ -> CO ^ | ADHM4TP   | 0.080 |   7.708 |    8.949 | 
     | add_131_40_g1492       | A ^ -> CO ^ | ADHM4TP   | 0.080 |   7.787 |    9.029 | 
     | add_131_40_g1491       | A ^ -> CO ^ | ADHM4TP   | 0.079 |   7.866 |    9.108 | 
     | add_131_40_g1490       | A ^ -> CO ^ | ADHM4TP   | 0.080 |   7.946 |    9.188 | 
     | add_131_40_g1489       | A ^ -> CO ^ | ADHM4TP   | 0.081 |   8.027 |    9.269 | 
     | add_131_40_g1488       | A ^ -> CO ^ | ADHM4TP   | 0.082 |   8.109 |    9.351 | 
     | add_131_40_g1487       | A ^ -> CO ^ | ADHM4TP   | 0.083 |   8.192 |    9.433 | 
     | add_131_40_g1486       | A ^ -> CO ^ | ADHM4TP   | 0.080 |   8.271 |    9.513 | 
     | add_131_40_g1485       | A ^ -> CO ^ | ADHM4TP   | 0.078 |   8.350 |    9.591 | 
     | add_131_40_g1484       | A ^ -> CO ^ | ADHM4TP   | 0.079 |   8.429 |    9.670 | 
     | add_131_40_g1483       | A ^ -> S v  | ADHM4TP   | 0.121 |   8.550 |    9.791 | 
     | g76747                 | A2 v -> Z v | AO22M1TP  | 0.188 |   8.738 |    9.979 | 
     | nonce_counter_reg[112] | D v         | DFQRM1TP  | 0.000 |   8.738 |    9.979 | 
     +-------------------------------------------------------------------------------+ 
Path 17: MET Setup Check with Pin nonce_counter_reg[111]/CK 
Endpoint:   nonce_counter_reg[111]/D (v) checked with  leading edge of 'clk'
Beginpoint: nonce_counter_reg[5]/Q   (^) triggered by  leading edge of 'clk'
Path Groups: {clk}
Analysis View: av_setup
Other End Arrival Time          0.000
- Setup                         0.022
+ Phase Shift                  10.000
= Required Time                 9.978
- Arrival Time                  8.663
= Slack Time                    1.315
     Clock Rise Edge                 0.000
     + Clock Network Latency (Ideal) 0.000
     = Beginpoint Arrival Time       0.000
     +-------------------------------------------------------------------------------+ 
     |        Instance        |     Arc     |   Cell    | Delay | Arrival | Required | 
     |                        |             |           |       |  Time   |   Time   | 
     |------------------------+-------------+-----------+-------+---------+----------| 
     | nonce_counter_reg[5]   | CK ^        |           |       |   0.000 |    1.315 | 
     | nonce_counter_reg[5]   | CK ^ -> Q ^ | DFQRM4TP  | 0.224 |   0.224 |    1.539 | 
     | add_131_40_g1591       | B ^ -> Z ^  | AN2M4TP   | 0.100 |   0.324 |    1.640 | 
     | add_131_40_g1589       | A ^ -> CO ^ | ADHM4TP   | 0.084 |   0.409 |    1.724 | 
     | add_131_40_g1588       | A ^ -> CO ^ | ADHM4TP   | 0.081 |   0.490 |    1.805 | 
     | add_131_40_g1587       | A ^ -> CO ^ | ADHM4TP   | 0.083 |   0.573 |    1.888 | 
     | add_131_40_g1586       | A ^ -> CO ^ | ADHM4TP   | 0.081 |   0.654 |    1.969 | 
     | add_131_40_g1585       | A ^ -> CO ^ | ADHM4TP   | 0.079 |   0.733 |    2.048 | 
     | add_131_40_g1584       | A ^ -> CO ^ | ADHM4TP   | 0.087 |   0.820 |    2.135 | 
     | add_131_40_g1583       | A ^ -> CO ^ | ADHM4TP   | 0.084 |   0.904 |    2.219 | 
     | add_131_40_g1582       | A ^ -> CO ^ | ADHM4TP   | 0.079 |   0.983 |    2.298 | 
     | add_131_40_g1581       | A ^ -> CO ^ | ADHM4TP   | 0.078 |   1.061 |    2.376 | 
     | add_131_40_g1580       | A ^ -> CO ^ | ADHM4TP   | 0.085 |   1.146 |    2.461 | 
     | add_131_40_g1579       | A ^ -> CO ^ | ADHM4TP   | 0.083 |   1.229 |    2.544 | 
     | add_131_40_g1578       | A ^ -> CO ^ | ADHM4TP   | 0.078 |   1.307 |    2.622 | 
     | add_131_40_g1577       | A ^ -> CO ^ | ADHM4TP   | 0.078 |   1.385 |    2.700 | 
     | add_131_40_g1576       | A ^ -> CO ^ | ADHM4TP   | 0.082 |   1.467 |    2.783 | 
     | add_131_40_g1575       | A ^ -> CO ^ | ADHM4TP   | 0.082 |   1.549 |    2.865 | 
     | add_131_40_g1574       | A ^ -> CO ^ | ADHM4TP   | 0.080 |   1.629 |    2.945 | 
     | add_131_40_g1573       | A ^ -> CO ^ | ADHM4TP   | 0.086 |   1.716 |    3.031 | 
     | FE_RC_77_0             | A ^ -> Z v  | ND3M6TP   | 0.045 |   1.760 |    3.075 | 
     | FE_RC_65_0             | B v -> Z ^  | NR2B1M6TP | 0.063 |   1.823 |    3.138 | 
     | add_131_40_g1567       | A ^ -> CO ^ | ADHM4TP   | 0.088 |   1.911 |    3.226 | 
     | add_131_40_g1566       | A ^ -> CO ^ | ADHM4TP   | 0.081 |   1.992 |    3.307 | 
     | add_131_40_g1565       | A ^ -> CO ^ | ADHM4TP   | 0.080 |   2.072 |    3.388 | 
     | add_131_40_g1564       | A ^ -> CO ^ | ADHM4TP   | 0.082 |   2.154 |    3.469 | 
     | add_131_40_g1563       | A ^ -> CO ^ | ADHM4TP   | 0.081 |   2.235 |    3.550 | 
     | add_131_40_g1562       | A ^ -> CO ^ | ADHM4TP   | 0.079 |   2.314 |    3.630 | 
     | add_131_40_g1561       | A ^ -> CO ^ | ADHM4TP   | 0.079 |   2.393 |    3.709 | 
     | add_131_40_g1560       | A ^ -> CO ^ | ADHM4TP   | 0.080 |   2.473 |    3.788 | 
     | add_131_40_g1559       | A ^ -> CO ^ | ADHM4TP   | 0.079 |   2.552 |    3.868 | 
     | add_131_40_g1558       | A ^ -> CO ^ | ADHM4TP   | 0.082 |   2.635 |    3.950 | 
     | add_131_40_g1557       | A ^ -> CO ^ | ADHM4TP   | 0.081 |   2.716 |    4.031 | 
     | add_131_40_g1556       | A ^ -> CO ^ | ADHM4TP   | 0.080 |   2.796 |    4.112 | 
     | add_131_40_g1555       | A ^ -> CO ^ | ADHM4TP   | 0.080 |   2.877 |    4.192 | 
     | add_131_40_g1554       | A ^ -> CO ^ | ADHM4TP   | 0.081 |   2.958 |    4.273 | 
     | add_131_40_g1553       | A ^ -> CO ^ | ADHM4TP   | 0.081 |   3.038 |    4.354 | 
     | add_131_40_g1552       | A ^ -> CO ^ | ADHM4TP   | 0.080 |   3.119 |    4.434 | 
     | add_131_40_g1551       | A ^ -> CO ^ | ADHM4TP   | 0.082 |   3.201 |    4.517 | 
     | add_131_40_g1550       | A ^ -> CO ^ | ADHM4TP   | 0.080 |   3.281 |    4.597 | 
     | add_131_40_g1549       | A ^ -> CO ^ | ADHM4TP   | 0.082 |   3.363 |    4.679 | 
     | add_131_40_g1548       | A ^ -> CO ^ | ADHM4TP   | 0.081 |   3.444 |    4.760 | 
     | add_131_40_g1547       | A ^ -> CO ^ | ADHM4TP   | 0.082 |   3.526 |    4.841 | 
     | add_131_40_g1546       | A ^ -> CO ^ | ADHM4TP   | 0.080 |   3.606 |    4.921 | 
     | add_131_40_g1545       | A ^ -> CO ^ | ADHM4TP   | 0.085 |   3.691 |    5.007 | 
     | add_131_40_g1544       | A ^ -> CO ^ | ADHM4TP   | 0.082 |   3.773 |    5.088 | 
     | add_131_40_g1543       | A ^ -> CO ^ | ADHM4TP   | 0.080 |   3.853 |    5.168 | 
     | add_131_40_g1542       | A ^ -> CO ^ | ADHM4TP   | 0.078 |   3.932 |    5.247 | 
     | add_131_40_g1541       | A ^ -> CO ^ | ADHM4TP   | 0.080 |   4.012 |    5.327 | 
     | add_131_40_g1540       | A ^ -> CO ^ | ADHM4TP   | 0.081 |   4.093 |    5.408 | 
     | add_131_40_g1539       | A ^ -> CO ^ | ADHM4TP   | 0.080 |   4.172 |    5.488 | 
     | add_131_40_g1538       | A ^ -> CO ^ | ADHM4TP   | 0.079 |   4.252 |    5.567 | 
     | add_131_40_g1537       | A ^ -> CO ^ | ADHM4TP   | 0.079 |   4.331 |    5.646 | 
     | add_131_40_g1536       | A ^ -> CO ^ | ADHM4TP   | 0.085 |   4.416 |    5.731 | 
     | FE_RC_34_0             | A ^ -> Z v  | INVM2TP   | 0.045 |   4.460 |    5.776 | 
     | FE_RC_28_0             | B v -> Z ^  | NR2B1M6TP | 0.048 |   4.508 |    5.824 | 
     | add_131_40_g1532       | A ^ -> CO ^ | ADHM8TP   | 0.102 |   4.611 |    5.926 | 
     | add_131_40_g1531       | A ^ -> CO ^ | ADHM4TP   | 0.094 |   4.704 |    6.020 | 
     | add_131_40_g1530       | A ^ -> CO ^ | ADHM4TP   | 0.080 |   4.785 |    6.100 | 
     | add_131_40_g1529       | A ^ -> CO ^ | ADHM4TP   | 0.082 |   4.866 |    6.182 | 
     | add_131_40_g1528       | A ^ -> CO ^ | ADHM4TP   | 0.084 |   4.950 |    6.266 | 
     | add_131_40_g1527       | A ^ -> CO ^ | ADHM4TP   | 0.081 |   5.031 |    6.346 | 
     | add_131_40_g1526       | A ^ -> CO ^ | ADHM4TP   | 0.078 |   5.109 |    6.424 | 
     | add_131_40_g1525       | A ^ -> CO ^ | ADHM4TP   | 0.078 |   5.187 |    6.502 | 
     | add_131_40_g1524       | A ^ -> CO ^ | ADHM4TP   | 0.081 |   5.267 |    6.583 | 
     | add_131_40_g1523       | A ^ -> CO ^ | ADHM4TP   | 0.081 |   5.348 |    6.663 | 
     | add_131_40_g1522       | A ^ -> CO ^ | ADHM4TP   | 0.079 |   5.427 |    6.742 | 
     | add_131_40_g1521       | A ^ -> CO ^ | ADHM4TP   | 0.079 |   5.506 |    6.821 | 
     | add_131_40_g1520       | A ^ -> CO ^ | ADHM4TP   | 0.079 |   5.584 |    6.900 | 
     | add_131_40_g1519       | A ^ -> CO ^ | ADHM4TP   | 0.081 |   5.665 |    6.980 | 
     | add_131_40_g1518       | A ^ -> CO ^ | ADHM4TP   | 0.099 |   5.764 |    7.079 | 
     | FE_RC_9_0              | A ^ -> Z v  | INVM3TP   | 0.038 |   5.802 |    7.117 | 
     | FE_RC_8_0              | B v -> Z ^  | NR2B1M6TP | 0.048 |   5.850 |    7.165 | 
     | add_131_40_g1515       | A ^ -> CO ^ | ADHM4TP   | 0.085 |   5.935 |    7.250 | 
     | add_131_40_g1514       | A ^ -> CO ^ | ADHM4TP   | 0.081 |   6.016 |    7.332 | 
     | add_131_40_g1513       | A ^ -> CO ^ | ADHM4TP   | 0.082 |   6.098 |    7.413 | 
     | add_131_40_g1512       | A ^ -> CO ^ | ADHM4TP   | 0.082 |   6.180 |    7.496 | 
     | add_131_40_g1511       | A ^ -> CO ^ | ADHM4TP   | 0.081 |   6.261 |    7.576 | 
     | add_131_40_g1510       | A ^ -> CO ^ | ADHM4TP   | 0.080 |   6.341 |    7.656 | 
     | add_131_40_g1509       | A ^ -> CO ^ | ADHM4TP   | 0.079 |   6.420 |    7.736 | 
     | add_131_40_g1508       | A ^ -> CO ^ | ADHM4TP   | 0.086 |   6.506 |    7.821 | 
     | add_131_40_g1507       | A ^ -> CO ^ | ADHM4TP   | 0.083 |   6.589 |    7.905 | 
     | add_131_40_g1506       | A ^ -> CO ^ | ADHM4TP   | 0.080 |   6.669 |    7.985 | 
     | add_131_40_g1505       | A ^ -> CO ^ | ADHM4TP   | 0.079 |   6.748 |    8.064 | 
     | add_131_40_g1504       | A ^ -> CO ^ | ADHM4TP   | 0.079 |   6.827 |    8.143 | 
     | add_131_40_g1503       | A ^ -> CO ^ | ADHM4TP   | 0.080 |   6.907 |    8.222 | 
     | add_131_40_g1502       | A ^ -> CO ^ | ADHM4TP   | 0.079 |   6.986 |    8.301 | 
     | add_131_40_g1501       | A ^ -> CO ^ | ADHM4TP   | 0.079 |   7.065 |    8.381 | 
     | add_131_40_g1500       | A ^ -> CO ^ | ADHM4TP   | 0.082 |   7.148 |    8.463 | 
     | add_131_40_g1499       | A ^ -> CO ^ | ADHM4TP   | 0.081 |   7.229 |    8.544 | 
     | add_131_40_g1498       | A ^ -> CO ^ | ADHM4TP   | 0.079 |   7.308 |    8.623 | 
     | add_131_40_g1497       | A ^ -> CO ^ | ADHM4TP   | 0.079 |   7.386 |    8.702 | 
     | add_131_40_g1496       | A ^ -> CO ^ | ADHM4TP   | 0.079 |   7.465 |    8.781 | 
     | add_131_40_g1495       | A ^ -> CO ^ | ADHM4TP   | 0.080 |   7.545 |    8.860 | 
     | add_131_40_g1494       | A ^ -> CO ^ | ADHM4TP   | 0.082 |   7.627 |    8.943 | 
     | add_131_40_g1493       | A ^ -> CO ^ | ADHM4TP   | 0.080 |   7.708 |    9.023 | 
     | add_131_40_g1492       | A ^ -> CO ^ | ADHM4TP   | 0.080 |   7.787 |    9.102 | 
     | add_131_40_g1491       | A ^ -> CO ^ | ADHM4TP   | 0.079 |   7.866 |    9.181 | 
     | add_131_40_g1490       | A ^ -> CO ^ | ADHM4TP   | 0.080 |   7.946 |    9.262 | 
     | add_131_40_g1489       | A ^ -> CO ^ | ADHM4TP   | 0.081 |   8.027 |    9.342 | 
     | add_131_40_g1488       | A ^ -> CO ^ | ADHM4TP   | 0.082 |   8.109 |    9.424 | 
     | add_131_40_g1487       | A ^ -> CO ^ | ADHM4TP   | 0.083 |   8.192 |    9.507 | 
     | add_131_40_g1486       | A ^ -> CO ^ | ADHM4TP   | 0.080 |   8.271 |    9.586 | 
     | add_131_40_g1485       | A ^ -> CO ^ | ADHM4TP   | 0.078 |   8.350 |    9.665 | 
     | add_131_40_g1484       | A ^ -> S v  | ADHM4TP   | 0.122 |   8.471 |    9.786 | 
     | g76746                 | A2 v -> Z v | AO22M1TP  | 0.192 |   8.663 |    9.978 | 
     | nonce_counter_reg[111] | D v         | DFQRM1TP  | 0.000 |   8.663 |    9.978 | 
     +-------------------------------------------------------------------------------+ 
Path 18: MET Setup Check with Pin nonce_counter_reg[110]/CK 
Endpoint:   nonce_counter_reg[110]/D (v) checked with  leading edge of 'clk'
Beginpoint: nonce_counter_reg[5]/Q   (^) triggered by  leading edge of 'clk'
Path Groups: {clk}
Analysis View: av_setup
Other End Arrival Time          0.000
- Setup                         0.021
+ Phase Shift                  10.000
= Required Time                 9.979
- Arrival Time                  8.580
= Slack Time                    1.400
     Clock Rise Edge                 0.000
     + Clock Network Latency (Ideal) 0.000
     = Beginpoint Arrival Time       0.000
     +-------------------------------------------------------------------------------+ 
     |        Instance        |     Arc     |   Cell    | Delay | Arrival | Required | 
     |                        |             |           |       |  Time   |   Time   | 
     |------------------------+-------------+-----------+-------+---------+----------| 
     | nonce_counter_reg[5]   | CK ^        |           |       |   0.000 |    1.400 | 
     | nonce_counter_reg[5]   | CK ^ -> Q ^ | DFQRM4TP  | 0.224 |   0.224 |    1.624 | 
     | add_131_40_g1591       | B ^ -> Z ^  | AN2M4TP   | 0.100 |   0.324 |    1.724 | 
     | add_131_40_g1589       | A ^ -> CO ^ | ADHM4TP   | 0.084 |   0.409 |    1.808 | 
     | add_131_40_g1588       | A ^ -> CO ^ | ADHM4TP   | 0.081 |   0.490 |    1.890 | 
     | add_131_40_g1587       | A ^ -> CO ^ | ADHM4TP   | 0.083 |   0.573 |    1.972 | 
     | add_131_40_g1586       | A ^ -> CO ^ | ADHM4TP   | 0.081 |   0.654 |    2.054 | 
     | add_131_40_g1585       | A ^ -> CO ^ | ADHM4TP   | 0.079 |   0.733 |    2.132 | 
     | add_131_40_g1584       | A ^ -> CO ^ | ADHM4TP   | 0.087 |   0.820 |    2.219 | 
     | add_131_40_g1583       | A ^ -> CO ^ | ADHM4TP   | 0.084 |   0.904 |    2.304 | 
     | add_131_40_g1582       | A ^ -> CO ^ | ADHM4TP   | 0.079 |   0.983 |    2.382 | 
     | add_131_40_g1581       | A ^ -> CO ^ | ADHM4TP   | 0.078 |   1.061 |    2.461 | 
     | add_131_40_g1580       | A ^ -> CO ^ | ADHM4TP   | 0.085 |   1.146 |    2.546 | 
     | add_131_40_g1579       | A ^ -> CO ^ | ADHM4TP   | 0.083 |   1.229 |    2.628 | 
     | add_131_40_g1578       | A ^ -> CO ^ | ADHM4TP   | 0.078 |   1.307 |    2.706 | 
     | add_131_40_g1577       | A ^ -> CO ^ | ADHM4TP   | 0.078 |   1.385 |    2.785 | 
     | add_131_40_g1576       | A ^ -> CO ^ | ADHM4TP   | 0.082 |   1.467 |    2.867 | 
     | add_131_40_g1575       | A ^ -> CO ^ | ADHM4TP   | 0.082 |   1.549 |    2.949 | 
     | add_131_40_g1574       | A ^ -> CO ^ | ADHM4TP   | 0.080 |   1.629 |    3.029 | 
     | add_131_40_g1573       | A ^ -> CO ^ | ADHM4TP   | 0.086 |   1.716 |    3.115 | 
     | FE_RC_77_0             | A ^ -> Z v  | ND3M6TP   | 0.045 |   1.760 |    3.160 | 
     | FE_RC_65_0             | B v -> Z ^  | NR2B1M6TP | 0.063 |   1.823 |    3.223 | 
     | add_131_40_g1567       | A ^ -> CO ^ | ADHM4TP   | 0.088 |   1.911 |    3.311 | 
     | add_131_40_g1566       | A ^ -> CO ^ | ADHM4TP   | 0.081 |   1.992 |    3.392 | 
     | add_131_40_g1565       | A ^ -> CO ^ | ADHM4TP   | 0.080 |   2.072 |    3.472 | 
     | add_131_40_g1564       | A ^ -> CO ^ | ADHM4TP   | 0.082 |   2.154 |    3.554 | 
     | add_131_40_g1563       | A ^ -> CO ^ | ADHM4TP   | 0.081 |   2.235 |    3.635 | 
     | add_131_40_g1562       | A ^ -> CO ^ | ADHM4TP   | 0.079 |   2.314 |    3.714 | 
     | add_131_40_g1561       | A ^ -> CO ^ | ADHM4TP   | 0.079 |   2.393 |    3.793 | 
     | add_131_40_g1560       | A ^ -> CO ^ | ADHM4TP   | 0.080 |   2.473 |    3.873 | 
     | add_131_40_g1559       | A ^ -> CO ^ | ADHM4TP   | 0.079 |   2.552 |    3.952 | 
     | add_131_40_g1558       | A ^ -> CO ^ | ADHM4TP   | 0.082 |   2.635 |    4.034 | 
     | add_131_40_g1557       | A ^ -> CO ^ | ADHM4TP   | 0.081 |   2.716 |    4.116 | 
     | add_131_40_g1556       | A ^ -> CO ^ | ADHM4TP   | 0.080 |   2.796 |    4.196 | 
     | add_131_40_g1555       | A ^ -> CO ^ | ADHM4TP   | 0.080 |   2.877 |    4.276 | 
     | add_131_40_g1554       | A ^ -> CO ^ | ADHM4TP   | 0.081 |   2.958 |    4.357 | 
     | add_131_40_g1553       | A ^ -> CO ^ | ADHM4TP   | 0.081 |   3.038 |    4.438 | 
     | add_131_40_g1552       | A ^ -> CO ^ | ADHM4TP   | 0.080 |   3.119 |    4.518 | 
     | add_131_40_g1551       | A ^ -> CO ^ | ADHM4TP   | 0.082 |   3.201 |    4.601 | 
     | add_131_40_g1550       | A ^ -> CO ^ | ADHM4TP   | 0.080 |   3.281 |    4.681 | 
     | add_131_40_g1549       | A ^ -> CO ^ | ADHM4TP   | 0.082 |   3.363 |    4.763 | 
     | add_131_40_g1548       | A ^ -> CO ^ | ADHM4TP   | 0.081 |   3.444 |    4.844 | 
     | add_131_40_g1547       | A ^ -> CO ^ | ADHM4TP   | 0.082 |   3.526 |    4.926 | 
     | add_131_40_g1546       | A ^ -> CO ^ | ADHM4TP   | 0.080 |   3.606 |    5.006 | 
     | add_131_40_g1545       | A ^ -> CO ^ | ADHM4TP   | 0.085 |   3.691 |    5.091 | 
     | add_131_40_g1544       | A ^ -> CO ^ | ADHM4TP   | 0.082 |   3.773 |    5.173 | 
     | add_131_40_g1543       | A ^ -> CO ^ | ADHM4TP   | 0.080 |   3.853 |    5.253 | 
     | add_131_40_g1542       | A ^ -> CO ^ | ADHM4TP   | 0.078 |   3.932 |    5.331 | 
     | add_131_40_g1541       | A ^ -> CO ^ | ADHM4TP   | 0.080 |   4.012 |    5.412 | 
     | add_131_40_g1540       | A ^ -> CO ^ | ADHM4TP   | 0.081 |   4.093 |    5.492 | 
     | add_131_40_g1539       | A ^ -> CO ^ | ADHM4TP   | 0.080 |   4.172 |    5.572 | 
     | add_131_40_g1538       | A ^ -> CO ^ | ADHM4TP   | 0.079 |   4.252 |    5.651 | 
     | add_131_40_g1537       | A ^ -> CO ^ | ADHM4TP   | 0.079 |   4.331 |    5.730 | 
     | add_131_40_g1536       | A ^ -> CO ^ | ADHM4TP   | 0.085 |   4.416 |    5.815 | 
     | FE_RC_34_0             | A ^ -> Z v  | INVM2TP   | 0.045 |   4.460 |    5.860 | 
     | FE_RC_28_0             | B v -> Z ^  | NR2B1M6TP | 0.048 |   4.508 |    5.908 | 
     | add_131_40_g1532       | A ^ -> CO ^ | ADHM8TP   | 0.102 |   4.611 |    6.010 | 
     | add_131_40_g1531       | A ^ -> CO ^ | ADHM4TP   | 0.094 |   4.705 |    6.104 | 
     | add_131_40_g1530       | A ^ -> CO ^ | ADHM4TP   | 0.080 |   4.785 |    6.184 | 
     | add_131_40_g1529       | A ^ -> CO ^ | ADHM4TP   | 0.082 |   4.867 |    6.266 | 
     | add_131_40_g1528       | A ^ -> CO ^ | ADHM4TP   | 0.084 |   4.950 |    6.350 | 
     | add_131_40_g1527       | A ^ -> CO ^ | ADHM4TP   | 0.081 |   5.031 |    6.431 | 
     | add_131_40_g1526       | A ^ -> CO ^ | ADHM4TP   | 0.078 |   5.109 |    6.509 | 
     | add_131_40_g1525       | A ^ -> CO ^ | ADHM4TP   | 0.078 |   5.187 |    6.586 | 
     | add_131_40_g1524       | A ^ -> CO ^ | ADHM4TP   | 0.081 |   5.267 |    6.667 | 
     | add_131_40_g1523       | A ^ -> CO ^ | ADHM4TP   | 0.081 |   5.348 |    6.748 | 
     | add_131_40_g1522       | A ^ -> CO ^ | ADHM4TP   | 0.079 |   5.427 |    6.826 | 
     | add_131_40_g1521       | A ^ -> CO ^ | ADHM4TP   | 0.079 |   5.506 |    6.905 | 
     | add_131_40_g1520       | A ^ -> CO ^ | ADHM4TP   | 0.079 |   5.584 |    6.984 | 
     | add_131_40_g1519       | A ^ -> CO ^ | ADHM4TP   | 0.081 |   5.665 |    7.065 | 
     | add_131_40_g1518       | A ^ -> CO ^ | ADHM4TP   | 0.099 |   5.764 |    7.163 | 
     | FE_RC_9_0              | A ^ -> Z v  | INVM3TP   | 0.038 |   5.802 |    7.202 | 
     | FE_RC_8_0              | B v -> Z ^  | NR2B1M6TP | 0.048 |   5.850 |    7.250 | 
     | add_131_40_g1515       | A ^ -> CO ^ | ADHM4TP   | 0.085 |   5.935 |    7.335 | 
     | add_131_40_g1514       | A ^ -> CO ^ | ADHM4TP   | 0.081 |   6.016 |    7.416 | 
     | add_131_40_g1513       | A ^ -> CO ^ | ADHM4TP   | 0.082 |   6.098 |    7.497 | 
     | add_131_40_g1512       | A ^ -> CO ^ | ADHM4TP   | 0.082 |   6.180 |    7.580 | 
     | add_131_40_g1511       | A ^ -> CO ^ | ADHM4TP   | 0.081 |   6.261 |    7.661 | 
     | add_131_40_g1510       | A ^ -> CO ^ | ADHM4TP   | 0.080 |   6.341 |    7.741 | 
     | add_131_40_g1509       | A ^ -> CO ^ | ADHM4TP   | 0.079 |   6.421 |    7.820 | 
     | add_131_40_g1508       | A ^ -> CO ^ | ADHM4TP   | 0.086 |   6.506 |    7.906 | 
     | add_131_40_g1507       | A ^ -> CO ^ | ADHM4TP   | 0.083 |   6.589 |    7.989 | 
     | add_131_40_g1506       | A ^ -> CO ^ | ADHM4TP   | 0.080 |   6.670 |    8.069 | 
     | add_131_40_g1505       | A ^ -> CO ^ | ADHM4TP   | 0.079 |   6.748 |    8.148 | 
     | add_131_40_g1504       | A ^ -> CO ^ | ADHM4TP   | 0.079 |   6.827 |    8.227 | 
     | add_131_40_g1503       | A ^ -> CO ^ | ADHM4TP   | 0.080 |   6.907 |    8.307 | 
     | add_131_40_g1502       | A ^ -> CO ^ | ADHM4TP   | 0.079 |   6.986 |    8.386 | 
     | add_131_40_g1501       | A ^ -> CO ^ | ADHM4TP   | 0.079 |   7.065 |    8.465 | 
     | add_131_40_g1500       | A ^ -> CO ^ | ADHM4TP   | 0.082 |   7.148 |    8.547 | 
     | add_131_40_g1499       | A ^ -> CO ^ | ADHM4TP   | 0.081 |   7.229 |    8.629 | 
     | add_131_40_g1498       | A ^ -> CO ^ | ADHM4TP   | 0.079 |   7.308 |    8.707 | 
     | add_131_40_g1497       | A ^ -> CO ^ | ADHM4TP   | 0.079 |   7.386 |    8.786 | 
     | add_131_40_g1496       | A ^ -> CO ^ | ADHM4TP   | 0.079 |   7.465 |    8.865 | 
     | add_131_40_g1495       | A ^ -> CO ^ | ADHM4TP   | 0.080 |   7.545 |    8.945 | 
     | add_131_40_g1494       | A ^ -> CO ^ | ADHM4TP   | 0.082 |   7.627 |    9.027 | 
     | add_131_40_g1493       | A ^ -> CO ^ | ADHM4TP   | 0.080 |   7.708 |    9.107 | 
     | add_131_40_g1492       | A ^ -> CO ^ | ADHM4TP   | 0.080 |   7.787 |    9.187 | 
     | add_131_40_g1491       | A ^ -> CO ^ | ADHM4TP   | 0.079 |   7.866 |    9.266 | 
     | add_131_40_g1490       | A ^ -> CO ^ | ADHM4TP   | 0.080 |   7.946 |    9.346 | 
     | add_131_40_g1489       | A ^ -> CO ^ | ADHM4TP   | 0.081 |   8.027 |    9.427 | 
     | add_131_40_g1488       | A ^ -> CO ^ | ADHM4TP   | 0.082 |   8.109 |    9.509 | 
     | add_131_40_g1487       | A ^ -> CO ^ | ADHM4TP   | 0.083 |   8.192 |    9.591 | 
     | add_131_40_g1486       | A ^ -> CO ^ | ADHM4TP   | 0.080 |   8.271 |    9.671 | 
     | add_131_40_g1485       | A ^ -> S v  | ADHM4TP   | 0.121 |   8.392 |    9.792 | 
     | g76745                 | A2 v -> Z v | AO22M1TP  | 0.187 |   8.580 |    9.979 | 
     | nonce_counter_reg[110] | D v         | DFQRM1TP  | 0.000 |   8.580 |    9.979 | 
     +-------------------------------------------------------------------------------+ 
Path 19: MET Setup Check with Pin nonce_counter_reg[109]/CK 
Endpoint:   nonce_counter_reg[109]/D (v) checked with  leading edge of 'clk'
Beginpoint: nonce_counter_reg[5]/Q   (^) triggered by  leading edge of 'clk'
Path Groups: {clk}
Analysis View: av_setup
Other End Arrival Time          0.000
- Setup                         0.021
+ Phase Shift                  10.000
= Required Time                 9.979
- Arrival Time                  8.502
= Slack Time                    1.477
     Clock Rise Edge                 0.000
     + Clock Network Latency (Ideal) 0.000
     = Beginpoint Arrival Time       0.000
     +-------------------------------------------------------------------------------+ 
     |        Instance        |     Arc     |   Cell    | Delay | Arrival | Required | 
     |                        |             |           |       |  Time   |   Time   | 
     |------------------------+-------------+-----------+-------+---------+----------| 
     | nonce_counter_reg[5]   | CK ^        |           |       |   0.000 |    1.477 | 
     | nonce_counter_reg[5]   | CK ^ -> Q ^ | DFQRM4TP  | 0.224 |   0.224 |    1.701 | 
     | add_131_40_g1591       | B ^ -> Z ^  | AN2M4TP   | 0.100 |   0.324 |    1.801 | 
     | add_131_40_g1589       | A ^ -> CO ^ | ADHM4TP   | 0.084 |   0.409 |    1.885 | 
     | add_131_40_g1588       | A ^ -> CO ^ | ADHM4TP   | 0.081 |   0.490 |    1.967 | 
     | add_131_40_g1587       | A ^ -> CO ^ | ADHM4TP   | 0.083 |   0.573 |    2.049 | 
     | add_131_40_g1586       | A ^ -> CO ^ | ADHM4TP   | 0.081 |   0.654 |    2.131 | 
     | add_131_40_g1585       | A ^ -> CO ^ | ADHM4TP   | 0.079 |   0.733 |    2.209 | 
     | add_131_40_g1584       | A ^ -> CO ^ | ADHM4TP   | 0.087 |   0.820 |    2.296 | 
     | add_131_40_g1583       | A ^ -> CO ^ | ADHM4TP   | 0.084 |   0.904 |    2.381 | 
     | add_131_40_g1582       | A ^ -> CO ^ | ADHM4TP   | 0.079 |   0.983 |    2.459 | 
     | add_131_40_g1581       | A ^ -> CO ^ | ADHM4TP   | 0.078 |   1.061 |    2.538 | 
     | add_131_40_g1580       | A ^ -> CO ^ | ADHM4TP   | 0.085 |   1.146 |    2.623 | 
     | add_131_40_g1579       | A ^ -> CO ^ | ADHM4TP   | 0.083 |   1.229 |    2.705 | 
     | add_131_40_g1578       | A ^ -> CO ^ | ADHM4TP   | 0.078 |   1.307 |    2.784 | 
     | add_131_40_g1577       | A ^ -> CO ^ | ADHM4TP   | 0.078 |   1.385 |    2.862 | 
     | add_131_40_g1576       | A ^ -> CO ^ | ADHM4TP   | 0.082 |   1.467 |    2.944 | 
     | add_131_40_g1575       | A ^ -> CO ^ | ADHM4TP   | 0.082 |   1.549 |    3.026 | 
     | add_131_40_g1574       | A ^ -> CO ^ | ADHM4TP   | 0.080 |   1.629 |    3.106 | 
     | add_131_40_g1573       | A ^ -> CO ^ | ADHM4TP   | 0.086 |   1.716 |    3.192 | 
     | FE_RC_77_0             | A ^ -> Z v  | ND3M6TP   | 0.045 |   1.760 |    3.237 | 
     | FE_RC_65_0             | B v -> Z ^  | NR2B1M6TP | 0.063 |   1.823 |    3.300 | 
     | add_131_40_g1567       | A ^ -> CO ^ | ADHM4TP   | 0.088 |   1.911 |    3.388 | 
     | add_131_40_g1566       | A ^ -> CO ^ | ADHM4TP   | 0.081 |   1.992 |    3.469 | 
     | add_131_40_g1565       | A ^ -> CO ^ | ADHM4TP   | 0.080 |   2.072 |    3.549 | 
     | add_131_40_g1564       | A ^ -> CO ^ | ADHM4TP   | 0.082 |   2.154 |    3.631 | 
     | add_131_40_g1563       | A ^ -> CO ^ | ADHM4TP   | 0.081 |   2.235 |    3.712 | 
     | add_131_40_g1562       | A ^ -> CO ^ | ADHM4TP   | 0.079 |   2.314 |    3.791 | 
     | add_131_40_g1561       | A ^ -> CO ^ | ADHM4TP   | 0.079 |   2.393 |    3.870 | 
     | add_131_40_g1560       | A ^ -> CO ^ | ADHM4TP   | 0.080 |   2.473 |    3.950 | 
     | add_131_40_g1559       | A ^ -> CO ^ | ADHM4TP   | 0.079 |   2.552 |    4.029 | 
     | add_131_40_g1558       | A ^ -> CO ^ | ADHM4TP   | 0.082 |   2.635 |    4.111 | 
     | add_131_40_g1557       | A ^ -> CO ^ | ADHM4TP   | 0.081 |   2.716 |    4.193 | 
     | add_131_40_g1556       | A ^ -> CO ^ | ADHM4TP   | 0.080 |   2.796 |    4.273 | 
     | add_131_40_g1555       | A ^ -> CO ^ | ADHM4TP   | 0.080 |   2.877 |    4.353 | 
     | add_131_40_g1554       | A ^ -> CO ^ | ADHM4TP   | 0.081 |   2.958 |    4.434 | 
     | add_131_40_g1553       | A ^ -> CO ^ | ADHM4TP   | 0.081 |   3.038 |    4.515 | 
     | add_131_40_g1552       | A ^ -> CO ^ | ADHM4TP   | 0.080 |   3.119 |    4.596 | 
     | add_131_40_g1551       | A ^ -> CO ^ | ADHM4TP   | 0.082 |   3.201 |    4.678 | 
     | add_131_40_g1550       | A ^ -> CO ^ | ADHM4TP   | 0.080 |   3.281 |    4.758 | 
     | add_131_40_g1549       | A ^ -> CO ^ | ADHM4TP   | 0.082 |   3.363 |    4.840 | 
     | add_131_40_g1548       | A ^ -> CO ^ | ADHM4TP   | 0.081 |   3.444 |    4.921 | 
     | add_131_40_g1547       | A ^ -> CO ^ | ADHM4TP   | 0.082 |   3.526 |    5.003 | 
     | add_131_40_g1546       | A ^ -> CO ^ | ADHM4TP   | 0.080 |   3.606 |    5.083 | 
     | add_131_40_g1545       | A ^ -> CO ^ | ADHM4TP   | 0.085 |   3.691 |    5.168 | 
     | add_131_40_g1544       | A ^ -> CO ^ | ADHM4TP   | 0.082 |   3.773 |    5.250 | 
     | add_131_40_g1543       | A ^ -> CO ^ | ADHM4TP   | 0.080 |   3.853 |    5.330 | 
     | add_131_40_g1542       | A ^ -> CO ^ | ADHM4TP   | 0.078 |   3.932 |    5.408 | 
     | add_131_40_g1541       | A ^ -> CO ^ | ADHM4TP   | 0.080 |   4.012 |    5.489 | 
     | add_131_40_g1540       | A ^ -> CO ^ | ADHM4TP   | 0.081 |   4.093 |    5.570 | 
     | add_131_40_g1539       | A ^ -> CO ^ | ADHM4TP   | 0.080 |   4.172 |    5.649 | 
     | add_131_40_g1538       | A ^ -> CO ^ | ADHM4TP   | 0.079 |   4.252 |    5.728 | 
     | add_131_40_g1537       | A ^ -> CO ^ | ADHM4TP   | 0.079 |   4.331 |    5.807 | 
     | add_131_40_g1536       | A ^ -> CO ^ | ADHM4TP   | 0.085 |   4.416 |    5.892 | 
     | FE_RC_34_0             | A ^ -> Z v  | INVM2TP   | 0.045 |   4.460 |    5.937 | 
     | FE_RC_28_0             | B v -> Z ^  | NR2B1M6TP | 0.048 |   4.508 |    5.985 | 
     | add_131_40_g1532       | A ^ -> CO ^ | ADHM8TP   | 0.102 |   4.611 |    6.087 | 
     | add_131_40_g1531       | A ^ -> CO ^ | ADHM4TP   | 0.094 |   4.704 |    6.181 | 
     | add_131_40_g1530       | A ^ -> CO ^ | ADHM4TP   | 0.080 |   4.785 |    6.262 | 
     | add_131_40_g1529       | A ^ -> CO ^ | ADHM4TP   | 0.082 |   4.866 |    6.343 | 
     | add_131_40_g1528       | A ^ -> CO ^ | ADHM4TP   | 0.084 |   4.950 |    6.427 | 
     | add_131_40_g1527       | A ^ -> CO ^ | ADHM4TP   | 0.081 |   5.031 |    6.508 | 
     | add_131_40_g1526       | A ^ -> CO ^ | ADHM4TP   | 0.078 |   5.109 |    6.586 | 
     | add_131_40_g1525       | A ^ -> CO ^ | ADHM4TP   | 0.078 |   5.187 |    6.663 | 
     | add_131_40_g1524       | A ^ -> CO ^ | ADHM4TP   | 0.081 |   5.267 |    6.744 | 
     | add_131_40_g1523       | A ^ -> CO ^ | ADHM4TP   | 0.081 |   5.348 |    6.825 | 
     | add_131_40_g1522       | A ^ -> CO ^ | ADHM4TP   | 0.079 |   5.427 |    6.904 | 
     | add_131_40_g1521       | A ^ -> CO ^ | ADHM4TP   | 0.079 |   5.506 |    6.982 | 
     | add_131_40_g1520       | A ^ -> CO ^ | ADHM4TP   | 0.079 |   5.584 |    7.061 | 
     | add_131_40_g1519       | A ^ -> CO ^ | ADHM4TP   | 0.081 |   5.665 |    7.142 | 
     | add_131_40_g1518       | A ^ -> CO ^ | ADHM4TP   | 0.099 |   5.764 |    7.241 | 
     | FE_RC_9_0              | A ^ -> Z v  | INVM3TP   | 0.038 |   5.802 |    7.279 | 
     | FE_RC_8_0              | B v -> Z ^  | NR2B1M6TP | 0.048 |   5.850 |    7.327 | 
     | add_131_40_g1515       | A ^ -> CO ^ | ADHM4TP   | 0.085 |   5.935 |    7.412 | 
     | add_131_40_g1514       | A ^ -> CO ^ | ADHM4TP   | 0.081 |   6.016 |    7.493 | 
     | add_131_40_g1513       | A ^ -> CO ^ | ADHM4TP   | 0.082 |   6.098 |    7.575 | 
     | add_131_40_g1512       | A ^ -> CO ^ | ADHM4TP   | 0.082 |   6.180 |    7.657 | 
     | add_131_40_g1511       | A ^ -> CO ^ | ADHM4TP   | 0.081 |   6.261 |    7.738 | 
     | add_131_40_g1510       | A ^ -> CO ^ | ADHM4TP   | 0.080 |   6.341 |    7.818 | 
     | add_131_40_g1509       | A ^ -> CO ^ | ADHM4TP   | 0.079 |   6.421 |    7.897 | 
     | add_131_40_g1508       | A ^ -> CO ^ | ADHM4TP   | 0.086 |   6.506 |    7.983 | 
     | add_131_40_g1507       | A ^ -> CO ^ | ADHM4TP   | 0.083 |   6.589 |    8.066 | 
     | add_131_40_g1506       | A ^ -> CO ^ | ADHM4TP   | 0.080 |   6.670 |    8.146 | 
     | add_131_40_g1505       | A ^ -> CO ^ | ADHM4TP   | 0.079 |   6.748 |    8.225 | 
     | add_131_40_g1504       | A ^ -> CO ^ | ADHM4TP   | 0.079 |   6.827 |    8.304 | 
     | add_131_40_g1503       | A ^ -> CO ^ | ADHM4TP   | 0.080 |   6.907 |    8.384 | 
     | add_131_40_g1502       | A ^ -> CO ^ | ADHM4TP   | 0.079 |   6.986 |    8.463 | 
     | add_131_40_g1501       | A ^ -> CO ^ | ADHM4TP   | 0.079 |   7.065 |    8.542 | 
     | add_131_40_g1500       | A ^ -> CO ^ | ADHM4TP   | 0.082 |   7.148 |    8.625 | 
     | add_131_40_g1499       | A ^ -> CO ^ | ADHM4TP   | 0.081 |   7.229 |    8.706 | 
     | add_131_40_g1498       | A ^ -> CO ^ | ADHM4TP   | 0.079 |   7.308 |    8.784 | 
     | add_131_40_g1497       | A ^ -> CO ^ | ADHM4TP   | 0.079 |   7.386 |    8.863 | 
     | add_131_40_g1496       | A ^ -> CO ^ | ADHM4TP   | 0.079 |   7.465 |    8.942 | 
     | add_131_40_g1495       | A ^ -> CO ^ | ADHM4TP   | 0.080 |   7.545 |    9.022 | 
     | add_131_40_g1494       | A ^ -> CO ^ | ADHM4TP   | 0.082 |   7.627 |    9.104 | 
     | add_131_40_g1493       | A ^ -> CO ^ | ADHM4TP   | 0.080 |   7.708 |    9.184 | 
     | add_131_40_g1492       | A ^ -> CO ^ | ADHM4TP   | 0.080 |   7.787 |    9.264 | 
     | add_131_40_g1491       | A ^ -> CO ^ | ADHM4TP   | 0.079 |   7.866 |    9.343 | 
     | add_131_40_g1490       | A ^ -> CO ^ | ADHM4TP   | 0.080 |   7.946 |    9.423 | 
     | add_131_40_g1489       | A ^ -> CO ^ | ADHM4TP   | 0.081 |   8.027 |    9.504 | 
     | add_131_40_g1488       | A ^ -> CO ^ | ADHM4TP   | 0.082 |   8.109 |    9.586 | 
     | add_131_40_g1487       | A ^ -> CO ^ | ADHM4TP   | 0.083 |   8.192 |    9.668 | 
     | add_131_40_g1486       | A ^ -> S v  | ADHM4TP   | 0.121 |   8.313 |    9.789 | 
     | g76744                 | A2 v -> Z v | AO22M1TP  | 0.189 |   8.502 |    9.979 | 
     | nonce_counter_reg[109] | D v         | DFQRM1TP  | 0.000 |   8.502 |    9.979 | 
     +-------------------------------------------------------------------------------+ 
Path 20: MET Setup Check with Pin nonce_counter_reg[108]/CK 
Endpoint:   nonce_counter_reg[108]/D (v) checked with  leading edge of 'clk'
Beginpoint: nonce_counter_reg[5]/Q   (^) triggered by  leading edge of 'clk'
Path Groups: {clk}
Analysis View: av_setup
Other End Arrival Time          0.000
- Setup                         0.023
+ Phase Shift                  10.000
= Required Time                 9.977
- Arrival Time                  8.427
= Slack Time                    1.550
     Clock Rise Edge                 0.000
     + Clock Network Latency (Ideal) 0.000
     = Beginpoint Arrival Time       0.000
     +-------------------------------------------------------------------------------+ 
     |        Instance        |     Arc     |   Cell    | Delay | Arrival | Required | 
     |                        |             |           |       |  Time   |   Time   | 
     |------------------------+-------------+-----------+-------+---------+----------| 
     | nonce_counter_reg[5]   | CK ^        |           |       |   0.000 |    1.550 | 
     | nonce_counter_reg[5]   | CK ^ -> Q ^ | DFQRM4TP  | 0.224 |   0.224 |    1.774 | 
     | add_131_40_g1591       | B ^ -> Z ^  | AN2M4TP   | 0.100 |   0.324 |    1.874 | 
     | add_131_40_g1589       | A ^ -> CO ^ | ADHM4TP   | 0.084 |   0.409 |    1.959 | 
     | add_131_40_g1588       | A ^ -> CO ^ | ADHM4TP   | 0.081 |   0.490 |    2.040 | 
     | add_131_40_g1587       | A ^ -> CO ^ | ADHM4TP   | 0.083 |   0.573 |    2.123 | 
     | add_131_40_g1586       | A ^ -> CO ^ | ADHM4TP   | 0.081 |   0.654 |    2.204 | 
     | add_131_40_g1585       | A ^ -> CO ^ | ADHM4TP   | 0.079 |   0.733 |    2.283 | 
     | add_131_40_g1584       | A ^ -> CO ^ | ADHM4TP   | 0.087 |   0.820 |    2.370 | 
     | add_131_40_g1583       | A ^ -> CO ^ | ADHM4TP   | 0.084 |   0.904 |    2.454 | 
     | add_131_40_g1582       | A ^ -> CO ^ | ADHM4TP   | 0.079 |   0.983 |    2.533 | 
     | add_131_40_g1581       | A ^ -> CO ^ | ADHM4TP   | 0.078 |   1.061 |    2.611 | 
     | add_131_40_g1580       | A ^ -> CO ^ | ADHM4TP   | 0.085 |   1.146 |    2.696 | 
     | add_131_40_g1579       | A ^ -> CO ^ | ADHM4TP   | 0.083 |   1.229 |    2.779 | 
     | add_131_40_g1578       | A ^ -> CO ^ | ADHM4TP   | 0.078 |   1.307 |    2.857 | 
     | add_131_40_g1577       | A ^ -> CO ^ | ADHM4TP   | 0.078 |   1.385 |    2.935 | 
     | add_131_40_g1576       | A ^ -> CO ^ | ADHM4TP   | 0.082 |   1.467 |    3.017 | 
     | add_131_40_g1575       | A ^ -> CO ^ | ADHM4TP   | 0.082 |   1.549 |    3.099 | 
     | add_131_40_g1574       | A ^ -> CO ^ | ADHM4TP   | 0.080 |   1.629 |    3.179 | 
     | add_131_40_g1573       | A ^ -> CO ^ | ADHM4TP   | 0.086 |   1.716 |    3.266 | 
     | FE_RC_77_0             | A ^ -> Z v  | ND3M6TP   | 0.045 |   1.760 |    3.310 | 
     | FE_RC_65_0             | B v -> Z ^  | NR2B1M6TP | 0.063 |   1.823 |    3.373 | 
     | add_131_40_g1567       | A ^ -> CO ^ | ADHM4TP   | 0.088 |   1.911 |    3.461 | 
     | add_131_40_g1566       | A ^ -> CO ^ | ADHM4TP   | 0.081 |   1.992 |    3.542 | 
     | add_131_40_g1565       | A ^ -> CO ^ | ADHM4TP   | 0.080 |   2.072 |    3.622 | 
     | add_131_40_g1564       | A ^ -> CO ^ | ADHM4TP   | 0.082 |   2.154 |    3.704 | 
     | add_131_40_g1563       | A ^ -> CO ^ | ADHM4TP   | 0.081 |   2.235 |    3.785 | 
     | add_131_40_g1562       | A ^ -> CO ^ | ADHM4TP   | 0.079 |   2.314 |    3.864 | 
     | add_131_40_g1561       | A ^ -> CO ^ | ADHM4TP   | 0.079 |   2.393 |    3.943 | 
     | add_131_40_g1560       | A ^ -> CO ^ | ADHM4TP   | 0.080 |   2.473 |    4.023 | 
     | add_131_40_g1559       | A ^ -> CO ^ | ADHM4TP   | 0.079 |   2.552 |    4.102 | 
     | add_131_40_g1558       | A ^ -> CO ^ | ADHM4TP   | 0.082 |   2.635 |    4.185 | 
     | add_131_40_g1557       | A ^ -> CO ^ | ADHM4TP   | 0.081 |   2.716 |    4.266 | 
     | add_131_40_g1556       | A ^ -> CO ^ | ADHM4TP   | 0.080 |   2.796 |    4.346 | 
     | add_131_40_g1555       | A ^ -> CO ^ | ADHM4TP   | 0.080 |   2.877 |    4.427 | 
     | add_131_40_g1554       | A ^ -> CO ^ | ADHM4TP   | 0.081 |   2.958 |    4.508 | 
     | add_131_40_g1553       | A ^ -> CO ^ | ADHM4TP   | 0.081 |   3.038 |    4.588 | 
     | add_131_40_g1552       | A ^ -> CO ^ | ADHM4TP   | 0.080 |   3.119 |    4.669 | 
     | add_131_40_g1551       | A ^ -> CO ^ | ADHM4TP   | 0.082 |   3.201 |    4.751 | 
     | add_131_40_g1550       | A ^ -> CO ^ | ADHM4TP   | 0.080 |   3.281 |    4.831 | 
     | add_131_40_g1549       | A ^ -> CO ^ | ADHM4TP   | 0.082 |   3.363 |    4.913 | 
     | add_131_40_g1548       | A ^ -> CO ^ | ADHM4TP   | 0.081 |   3.444 |    4.994 | 
     | add_131_40_g1547       | A ^ -> CO ^ | ADHM4TP   | 0.082 |   3.526 |    5.076 | 
     | add_131_40_g1546       | A ^ -> CO ^ | ADHM4TP   | 0.080 |   3.606 |    5.156 | 
     | add_131_40_g1545       | A ^ -> CO ^ | ADHM4TP   | 0.085 |   3.691 |    5.241 | 
     | add_131_40_g1544       | A ^ -> CO ^ | ADHM4TP   | 0.082 |   3.773 |    5.323 | 
     | add_131_40_g1543       | A ^ -> CO ^ | ADHM4TP   | 0.080 |   3.853 |    5.403 | 
     | add_131_40_g1542       | A ^ -> CO ^ | ADHM4TP   | 0.078 |   3.932 |    5.482 | 
     | add_131_40_g1541       | A ^ -> CO ^ | ADHM4TP   | 0.080 |   4.012 |    5.562 | 
     | add_131_40_g1540       | A ^ -> CO ^ | ADHM4TP   | 0.081 |   4.093 |    5.643 | 
     | add_131_40_g1539       | A ^ -> CO ^ | ADHM4TP   | 0.080 |   4.172 |    5.722 | 
     | add_131_40_g1538       | A ^ -> CO ^ | ADHM4TP   | 0.079 |   4.252 |    5.802 | 
     | add_131_40_g1537       | A ^ -> CO ^ | ADHM4TP   | 0.079 |   4.331 |    5.881 | 
     | add_131_40_g1536       | A ^ -> CO ^ | ADHM4TP   | 0.085 |   4.416 |    5.966 | 
     | FE_RC_34_0             | A ^ -> Z v  | INVM2TP   | 0.045 |   4.460 |    6.010 | 
     | FE_RC_28_0             | B v -> Z ^  | NR2B1M6TP | 0.048 |   4.508 |    6.058 | 
     | add_131_40_g1532       | A ^ -> CO ^ | ADHM8TP   | 0.102 |   4.611 |    6.161 | 
     | add_131_40_g1531       | A ^ -> CO ^ | ADHM4TP   | 0.094 |   4.704 |    6.254 | 
     | add_131_40_g1530       | A ^ -> CO ^ | ADHM4TP   | 0.080 |   4.785 |    6.335 | 
     | add_131_40_g1529       | A ^ -> CO ^ | ADHM4TP   | 0.082 |   4.866 |    6.416 | 
     | add_131_40_g1528       | A ^ -> CO ^ | ADHM4TP   | 0.084 |   4.950 |    6.500 | 
     | add_131_40_g1527       | A ^ -> CO ^ | ADHM4TP   | 0.081 |   5.031 |    6.581 | 
     | add_131_40_g1526       | A ^ -> CO ^ | ADHM4TP   | 0.078 |   5.109 |    6.659 | 
     | add_131_40_g1525       | A ^ -> CO ^ | ADHM4TP   | 0.078 |   5.187 |    6.737 | 
     | add_131_40_g1524       | A ^ -> CO ^ | ADHM4TP   | 0.081 |   5.267 |    6.817 | 
     | add_131_40_g1523       | A ^ -> CO ^ | ADHM4TP   | 0.081 |   5.348 |    6.898 | 
     | add_131_40_g1522       | A ^ -> CO ^ | ADHM4TP   | 0.079 |   5.427 |    6.977 | 
     | add_131_40_g1521       | A ^ -> CO ^ | ADHM4TP   | 0.079 |   5.506 |    7.056 | 
     | add_131_40_g1520       | A ^ -> CO ^ | ADHM4TP   | 0.079 |   5.584 |    7.134 | 
     | add_131_40_g1519       | A ^ -> CO ^ | ADHM4TP   | 0.081 |   5.665 |    7.215 | 
     | add_131_40_g1518       | A ^ -> CO ^ | ADHM4TP   | 0.099 |   5.764 |    7.314 | 
     | FE_RC_9_0              | A ^ -> Z v  | INVM3TP   | 0.038 |   5.802 |    7.352 | 
     | FE_RC_8_0              | B v -> Z ^  | NR2B1M6TP | 0.048 |   5.850 |    7.400 | 
     | add_131_40_g1515       | A ^ -> CO ^ | ADHM4TP   | 0.085 |   5.935 |    7.485 | 
     | add_131_40_g1514       | A ^ -> CO ^ | ADHM4TP   | 0.081 |   6.016 |    7.566 | 
     | add_131_40_g1513       | A ^ -> CO ^ | ADHM4TP   | 0.082 |   6.098 |    7.648 | 
     | add_131_40_g1512       | A ^ -> CO ^ | ADHM4TP   | 0.082 |   6.180 |    7.730 | 
     | add_131_40_g1511       | A ^ -> CO ^ | ADHM4TP   | 0.081 |   6.261 |    7.811 | 
     | add_131_40_g1510       | A ^ -> CO ^ | ADHM4TP   | 0.080 |   6.341 |    7.891 | 
     | add_131_40_g1509       | A ^ -> CO ^ | ADHM4TP   | 0.079 |   6.420 |    7.970 | 
     | add_131_40_g1508       | A ^ -> CO ^ | ADHM4TP   | 0.086 |   6.506 |    8.056 | 
     | add_131_40_g1507       | A ^ -> CO ^ | ADHM4TP   | 0.083 |   6.589 |    8.139 | 
     | add_131_40_g1506       | A ^ -> CO ^ | ADHM4TP   | 0.080 |   6.670 |    8.219 | 
     | add_131_40_g1505       | A ^ -> CO ^ | ADHM4TP   | 0.079 |   6.748 |    8.298 | 
     | add_131_40_g1504       | A ^ -> CO ^ | ADHM4TP   | 0.079 |   6.827 |    8.377 | 
     | add_131_40_g1503       | A ^ -> CO ^ | ADHM4TP   | 0.080 |   6.907 |    8.457 | 
     | add_131_40_g1502       | A ^ -> CO ^ | ADHM4TP   | 0.079 |   6.986 |    8.536 | 
     | add_131_40_g1501       | A ^ -> CO ^ | ADHM4TP   | 0.079 |   7.065 |    8.615 | 
     | add_131_40_g1500       | A ^ -> CO ^ | ADHM4TP   | 0.082 |   7.148 |    8.698 | 
     | add_131_40_g1499       | A ^ -> CO ^ | ADHM4TP   | 0.081 |   7.229 |    8.779 | 
     | add_131_40_g1498       | A ^ -> CO ^ | ADHM4TP   | 0.079 |   7.308 |    8.858 | 
     | add_131_40_g1497       | A ^ -> CO ^ | ADHM4TP   | 0.079 |   7.386 |    8.936 | 
     | add_131_40_g1496       | A ^ -> CO ^ | ADHM4TP   | 0.079 |   7.465 |    9.015 | 
     | add_131_40_g1495       | A ^ -> CO ^ | ADHM4TP   | 0.080 |   7.545 |    9.095 | 
     | add_131_40_g1494       | A ^ -> CO ^ | ADHM4TP   | 0.082 |   7.627 |    9.177 | 
     | add_131_40_g1493       | A ^ -> CO ^ | ADHM4TP   | 0.080 |   7.708 |    9.258 | 
     | add_131_40_g1492       | A ^ -> CO ^ | ADHM4TP   | 0.080 |   7.787 |    9.337 | 
     | add_131_40_g1491       | A ^ -> CO ^ | ADHM4TP   | 0.079 |   7.866 |    9.416 | 
     | add_131_40_g1490       | A ^ -> CO ^ | ADHM4TP   | 0.080 |   7.946 |    9.496 | 
     | add_131_40_g1489       | A ^ -> CO ^ | ADHM4TP   | 0.081 |   8.027 |    9.577 | 
     | add_131_40_g1488       | A ^ -> CO ^ | ADHM4TP   | 0.082 |   8.109 |    9.659 | 
     | add_131_40_g1487       | A ^ -> S v  | ADHM4TP   | 0.122 |   8.231 |    9.781 | 
     | g76743                 | A2 v -> Z v | AO22M1TP  | 0.196 |   8.427 |    9.977 | 
     | nonce_counter_reg[108] | D v         | DFQRM1TP  | 0.000 |   8.427 |    9.977 | 
     +-------------------------------------------------------------------------------+ 

