###############################################################
#  Generated by:      Cadence Innovus 21.19-s058_1
#  OS:                Linux x86_64(Host ID c2s3.gectcr.ac.in)
#  Generated on:      Wed Apr 22 15:01:44 2026
#  Design:            top_dht11_ascon_uart
#  Command:           report_timing -view av_setup -max_paths 10 > $REPORT_DIR/timing_post_cts_setup.rpt
###############################################################
Path 1: MET Setup Check with Pin nonce_counter_reg[126]/CK 
Endpoint:   nonce_counter_reg[126]/D (v) checked with  leading edge of 'clk'
Beginpoint: nonce_counter_reg[5]/Q   (^) triggered by  leading edge of 'clk'
Path Groups: {clk}
Analysis View: av_setup
Other End Arrival Time          0.000
- Setup                         0.018
+ Phase Shift                  10.000
= Required Time                 9.982
- Arrival Time                  9.969
= Slack Time                    0.014
     Clock Rise Edge                 0.000
     + Clock Network Latency (Ideal) 0.000
     = Beginpoint Arrival Time       0.000
     +-------------------------------------------------------------------------------+ 
     |        Instance        |     Arc     |   Cell    | Delay | Arrival | Required | 
     |                        |             |           |       |  Time   |   Time   | 
     |------------------------+-------------+-----------+-------+---------+----------| 
     | nonce_counter_reg[5]   | CK ^        |           |       |   0.000 |    0.014 | 
     | nonce_counter_reg[5]   | CK ^ -> Q ^ | DFQRM4TP  | 0.231 |   0.231 |    0.245 | 
     | add_131_40_g1591       | B ^ -> Z ^  | AN2M4TP   | 0.105 |   0.336 |    0.350 | 
     | add_131_40_g1589       | A ^ -> CO ^ | ADHM4TP   | 0.084 |   0.421 |    0.434 | 
     | add_131_40_g1588       | A ^ -> CO ^ | ADHM4TP   | 0.083 |   0.504 |    0.517 | 
     | add_131_40_g1587       | A ^ -> CO ^ | ADHM4TP   | 0.086 |   0.589 |    0.603 | 
     | add_131_40_g1586       | A ^ -> CO ^ | ADHM4TP   | 0.083 |   0.673 |    0.686 | 
     | add_131_40_g1585       | A ^ -> CO ^ | ADHM4TP   | 0.080 |   0.752 |    0.766 | 
     | add_131_40_g1584       | A ^ -> CO ^ | ADHM4TP   | 0.089 |   0.842 |    0.855 | 
     | add_131_40_g1583       | A ^ -> CO ^ | ADHM4TP   | 0.087 |   0.928 |    0.942 | 
     | add_131_40_g1582       | A ^ -> CO ^ | ADHM4TP   | 0.080 |   1.008 |    1.022 | 
     | add_131_40_g1581       | A ^ -> CO ^ | ADHM4TP   | 0.079 |   1.088 |    1.101 | 
     | add_131_40_g1580       | A ^ -> CO ^ | ADHM4TP   | 0.089 |   1.176 |    1.190 | 
     | add_131_40_g1579       | A ^ -> CO ^ | ADHM4TP   | 0.085 |   1.261 |    1.275 | 
     | add_131_40_g1578       | A ^ -> CO ^ | ADHM4TP   | 0.080 |   1.341 |    1.355 | 
     | add_131_40_g1577       | A ^ -> CO ^ | ADHM4TP   | 0.080 |   1.422 |    1.435 | 
     | add_131_40_g1576       | A ^ -> CO ^ | ADHM4TP   | 0.085 |   1.506 |    1.520 | 
     | add_131_40_g1575       | A ^ -> CO ^ | ADHM4TP   | 0.084 |   1.590 |    1.604 | 
     | add_131_40_g1574       | A ^ -> CO ^ | ADHM4TP   | 0.082 |   1.672 |    1.686 | 
     | add_131_40_g1573       | A ^ -> CO ^ | ADHM4TP   | 0.086 |   1.758 |    1.771 | 
     | FE_RC_77_0             | A ^ -> Z v  | ND3M6TP   | 0.046 |   1.804 |    1.817 | 
     | FE_RC_65_0             | B v -> Z ^  | NR2B1M6TP | 0.066 |   1.870 |    1.884 | 
     | add_131_40_g1567       | A ^ -> CO ^ | ADHM4TP   | 0.090 |   1.961 |    1.974 | 
     | add_131_40_g1566       | A ^ -> CO ^ | ADHM4TP   | 0.083 |   2.044 |    2.057 | 
     | add_131_40_g1565       | A ^ -> CO ^ | ADHM4TP   | 0.083 |   2.126 |    2.140 | 
     | add_131_40_g1564       | A ^ -> CO ^ | ADHM4TP   | 0.084 |   2.211 |    2.224 | 
     | add_131_40_g1563       | A ^ -> CO ^ | ADHM4TP   | 0.085 |   2.296 |    2.309 | 
     | add_131_40_g1562       | A ^ -> CO ^ | ADHM4TP   | 0.081 |   2.377 |    2.391 | 
     | add_131_40_g1561       | A ^ -> CO ^ | ADHM4TP   | 0.081 |   2.458 |    2.472 | 
     | add_131_40_g1560       | A ^ -> CO ^ | ADHM4TP   | 0.082 |   2.540 |    2.554 | 
     | add_131_40_g1559       | A ^ -> CO ^ | ADHM4TP   | 0.082 |   2.623 |    2.636 | 
     | add_131_40_g1558       | A ^ -> CO ^ | ADHM4TP   | 0.084 |   2.707 |    2.720 | 
     | add_131_40_g1557       | A ^ -> CO ^ | ADHM4TP   | 0.082 |   2.789 |    2.803 | 
     | add_131_40_g1556       | A ^ -> CO ^ | ADHM4TP   | 0.081 |   2.870 |    2.884 | 
     | add_131_40_g1555       | A ^ -> CO ^ | ADHM4TP   | 0.081 |   2.951 |    2.965 | 
     | add_131_40_g1554       | A ^ -> CO ^ | ADHM4TP   | 0.083 |   3.034 |    3.047 | 
     | add_131_40_g1553       | A ^ -> CO ^ | ADHM4TP   | 0.084 |   3.118 |    3.131 | 
     | add_131_40_g1552       | A ^ -> CO ^ | ADHM4TP   | 0.084 |   3.201 |    3.215 | 
     | add_131_40_g1551       | A ^ -> CO ^ | ADHM4TP   | 0.084 |   3.286 |    3.299 | 
     | add_131_40_g1550       | A ^ -> CO ^ | ADHM4TP   | 0.081 |   3.367 |    3.380 | 
     | add_131_40_g1549       | A ^ -> CO ^ | ADHM4TP   | 0.082 |   3.448 |    3.462 | 
     | add_131_40_g1548       | A ^ -> CO ^ | ADHM4TP   | 0.081 |   3.529 |    3.543 | 
     | add_131_40_g1547       | A ^ -> CO ^ | ADHM4TP   | 0.083 |   3.612 |    3.626 | 
     | add_131_40_g1546       | A ^ -> CO ^ | ADHM4TP   | 0.081 |   3.693 |    3.707 | 
     | add_131_40_g1545       | A ^ -> CO ^ | ADHM4TP   | 0.088 |   3.781 |    3.795 | 
     | add_131_40_g1544       | A ^ -> CO ^ | ADHM4TP   | 0.086 |   3.867 |    3.880 | 
     | add_131_40_g1543       | A ^ -> CO ^ | ADHM4TP   | 0.084 |   3.951 |    3.965 | 
     | add_131_40_g1542       | A ^ -> CO ^ | ADHM4TP   | 0.082 |   4.033 |    4.046 | 
     | add_131_40_g1541       | A ^ -> CO ^ | ADHM4TP   | 0.082 |   4.115 |    4.128 | 
     | add_131_40_g1540       | A ^ -> CO ^ | ADHM4TP   | 0.083 |   4.198 |    4.211 | 
     | add_131_40_g1539       | A ^ -> CO ^ | ADHM4TP   | 0.081 |   4.279 |    4.292 | 
     | add_131_40_g1538       | A ^ -> CO ^ | ADHM4TP   | 0.081 |   4.359 |    4.373 | 
     | add_131_40_g1537       | A ^ -> CO ^ | ADHM4TP   | 0.081 |   4.440 |    4.454 | 
     | add_131_40_g1536       | A ^ -> CO ^ | ADHM4TP   | 0.084 |   4.525 |    4.538 | 
     | FE_RC_34_0             | A ^ -> Z v  | INVM2TP   | 0.044 |   4.569 |    4.583 | 
     | FE_RC_28_0             | B v -> Z ^  | NR2B1M6TP | 0.048 |   4.617 |    4.631 | 
     | add_131_40_g1532       | A ^ -> CO ^ | ADHM8TP   | 0.106 |   4.724 |    4.737 | 
     | add_131_40_g1531       | A ^ -> CO ^ | ADHM4TP   | 0.097 |   4.821 |    4.835 | 
     | add_131_40_g1530       | A ^ -> CO ^ | ADHM4TP   | 0.082 |   4.903 |    4.917 | 
     | add_131_40_g1529       | A ^ -> CO ^ | ADHM4TP   | 0.083 |   4.986 |    5.000 | 
     | add_131_40_g1528       | A ^ -> CO ^ | ADHM4TP   | 0.086 |   5.073 |    5.086 | 
     | add_131_40_g1527       | A ^ -> CO ^ | ADHM4TP   | 0.082 |   5.155 |    5.169 | 
     | add_131_40_g1526       | A ^ -> CO ^ | ADHM4TP   | 0.081 |   5.236 |    5.249 | 
     | add_131_40_g1525       | A ^ -> CO ^ | ADHM4TP   | 0.080 |   5.316 |    5.330 | 
     | add_131_40_g1524       | A ^ -> CO ^ | ADHM4TP   | 0.082 |   5.398 |    5.412 | 
     | add_131_40_g1523       | A ^ -> CO ^ | ADHM4TP   | 0.084 |   5.482 |    5.496 | 
     | add_131_40_g1522       | A ^ -> CO ^ | ADHM4TP   | 0.082 |   5.564 |    5.577 | 
     | add_131_40_g1521       | A ^ -> CO ^ | ADHM4TP   | 0.083 |   5.647 |    5.660 | 
     | add_131_40_g1520       | A ^ -> CO ^ | ADHM4TP   | 0.081 |   5.727 |    5.741 | 
     | add_131_40_g1519       | A ^ -> CO ^ | ADHM4TP   | 0.081 |   5.808 |    5.822 | 
     | add_131_40_g1518       | A ^ -> CO ^ | ADHM4TP   | 0.097 |   5.905 |    5.919 | 
     | FE_RC_9_0              | A ^ -> Z v  | INVM3TP   | 0.038 |   5.943 |    5.957 | 
     | FE_RC_8_0              | B v -> Z ^  | NR2B1M6TP | 0.051 |   5.995 |    6.008 | 
     | add_131_40_g1515       | A ^ -> CO ^ | ADHM4TP   | 0.087 |   6.082 |    6.095 | 
     | add_131_40_g1514       | A ^ -> CO ^ | ADHM4TP   | 0.083 |   6.165 |    6.178 | 
     | add_131_40_g1513       | A ^ -> CO ^ | ADHM4TP   | 0.084 |   6.248 |    6.262 | 
     | add_131_40_g1512       | A ^ -> CO ^ | ADHM4TP   | 0.083 |   6.331 |    6.345 | 
     | add_131_40_g1511       | A ^ -> CO ^ | ADHM4TP   | 0.081 |   6.412 |    6.426 | 
     | add_131_40_g1510       | A ^ -> CO ^ | ADHM4TP   | 0.081 |   6.493 |    6.507 | 
     | add_131_40_g1509       | A ^ -> CO ^ | ADHM4TP   | 0.082 |   6.575 |    6.588 | 
     | add_131_40_g1508       | A ^ -> CO ^ | ADHM4TP   | 0.087 |   6.662 |    6.675 | 
     | add_131_40_g1507       | A ^ -> CO ^ | ADHM4TP   | 0.084 |   6.746 |    6.759 | 
     | add_131_40_g1506       | A ^ -> CO ^ | ADHM4TP   | 0.080 |   6.826 |    6.839 | 
     | add_131_40_g1505       | A ^ -> CO ^ | ADHM4TP   | 0.080 |   6.906 |    6.919 | 
     | add_131_40_g1504       | A ^ -> CO ^ | ADHM4TP   | 0.080 |   6.986 |    6.999 | 
     | add_131_40_g1503       | A ^ -> CO ^ | ADHM4TP   | 0.081 |   7.067 |    7.080 | 
     | add_131_40_g1502       | A ^ -> CO ^ | ADHM4TP   | 0.081 |   7.147 |    7.161 | 
     | add_131_40_g1501       | A ^ -> CO ^ | ADHM4TP   | 0.079 |   7.227 |    7.240 | 
     | add_131_40_g1500       | A ^ -> CO ^ | ADHM4TP   | 0.083 |   7.310 |    7.324 | 
     | add_131_40_g1499       | A ^ -> CO ^ | ADHM4TP   | 0.083 |   7.393 |    7.407 | 
     | add_131_40_g1498       | A ^ -> CO ^ | ADHM4TP   | 0.081 |   7.474 |    7.488 | 
     | add_131_40_g1497       | A ^ -> CO ^ | ADHM4TP   | 0.081 |   7.555 |    7.568 | 
     | add_131_40_g1496       | A ^ -> CO ^ | ADHM4TP   | 0.080 |   7.634 |    7.648 | 
     | add_131_40_g1495       | A ^ -> CO ^ | ADHM4TP   | 0.081 |   7.716 |    7.729 | 
     | add_131_40_g1494       | A ^ -> CO ^ | ADHM4TP   | 0.085 |   7.800 |    7.814 | 
     | add_131_40_g1493       | A ^ -> CO ^ | ADHM4TP   | 0.083 |   7.883 |    7.897 | 
     | add_131_40_g1492       | A ^ -> CO ^ | ADHM4TP   | 0.082 |   7.966 |    7.979 | 
     | add_131_40_g1491       | A ^ -> CO ^ | ADHM4TP   | 0.082 |   8.047 |    8.061 | 
     | add_131_40_g1490       | A ^ -> CO ^ | ADHM4TP   | 0.082 |   8.129 |    8.143 | 
     | add_131_40_g1489       | A ^ -> CO ^ | ADHM4TP   | 0.085 |   8.214 |    8.227 | 
     | add_131_40_g1488       | A ^ -> CO ^ | ADHM4TP   | 0.085 |   8.299 |    8.312 | 
     | add_131_40_g1487       | A ^ -> CO ^ | ADHM4TP   | 0.085 |   8.384 |    8.397 | 
     | add_131_40_g1486       | A ^ -> CO ^ | ADHM4TP   | 0.081 |   8.465 |    8.478 | 
     | add_131_40_g1485       | A ^ -> CO ^ | ADHM4TP   | 0.079 |   8.544 |    8.557 | 
     | add_131_40_g1484       | A ^ -> CO ^ | ADHM4TP   | 0.080 |   8.623 |    8.637 | 
     | add_131_40_g1483       | A ^ -> CO ^ | ADHM4TP   | 0.080 |   8.703 |    8.717 | 
     | add_131_40_g1482       | A ^ -> CO ^ | ADHM4TP   | 0.090 |   8.793 |    8.807 | 
     | FE_RC_49_0             | A ^ -> Z v  | INVM2TP   | 0.036 |   8.829 |    8.843 | 
     | FE_RC_48_0             | B v -> Z ^  | NR2B1M4TP | 0.060 |   8.889 |    8.903 | 
     | add_131_40_g1478       | A ^ -> CO ^ | ADHM4TP   | 0.093 |   8.982 |    8.996 | 
     | add_131_40_g1477       | A ^ -> CO ^ | ADHM4TP   | 0.082 |   9.064 |    9.078 | 
     | add_131_40_g1476       | A ^ -> CO ^ | ADHM4TP   | 0.085 |   9.149 |    9.163 | 
     | add_131_40_g1475       | A ^ -> CO ^ | ADHM4TP   | 0.082 |   9.231 |    9.245 | 
     | add_131_40_g1474       | A ^ -> CO ^ | ADHM4TP   | 0.077 |   9.308 |    9.322 | 
     | add_131_40_g1473       | A ^ -> CO ^ | ADHM2TP   | 0.101 |   9.409 |    9.423 | 
     | add_131_40_g1472       | A ^ -> CO ^ | ADHM4TP   | 0.085 |   9.494 |    9.507 | 
     | add_131_40_g1471       | A ^ -> CO ^ | ADHM2TP   | 0.104 |   9.597 |    9.611 | 
     | add_131_40_g1470       | A ^ -> CO ^ | ADHM4TP   | 0.091 |   9.688 |    9.702 | 
     | add_131_40_g1469       | A ^ -> Z v  | ND2M3TP   | 0.047 |   9.736 |    9.749 | 
     | FE_RC_6_0              | B v -> Z ^  | OAI21M1TP | 0.069 |   9.805 |    9.818 | 
     | FE_OFC248_RN_1_0       | A ^ -> Z v  | INVM1TP   | 0.047 |   9.852 |    9.865 | 
     | FE_RC_5_0              | B1 v -> Z v | AO22M2TP  | 0.117 |   9.969 |    9.982 | 
     | nonce_counter_reg[126] | D v         | DFQRM1TP  | 0.000 |   9.969 |    9.982 | 
     +-------------------------------------------------------------------------------+ 
Path 2: MET Setup Check with Pin nonce_counter_reg[127]/CK 
Endpoint:   nonce_counter_reg[127]/D (v) checked with  leading edge of 'clk'
Beginpoint: nonce_counter_reg[5]/Q   (^) triggered by  leading edge of 'clk'
Path Groups: {clk}
Analysis View: av_setup
Other End Arrival Time          0.000
- Setup                         0.017
+ Phase Shift                  10.000
= Required Time                 9.983
- Arrival Time                  9.966
= Slack Time                    0.017
     Clock Rise Edge                 0.000
     + Clock Network Latency (Ideal) 0.000
     = Beginpoint Arrival Time       0.000
     +-------------------------------------------------------------------------------+ 
     |        Instance        |     Arc     |   Cell    | Delay | Arrival | Required | 
     |                        |             |           |       |  Time   |   Time   | 
     |------------------------+-------------+-----------+-------+---------+----------| 
     | nonce_counter_reg[5]   | CK ^        |           |       |   0.000 |    0.017 | 
     | nonce_counter_reg[5]   | CK ^ -> Q ^ | DFQRM4TP  | 0.231 |   0.231 |    0.248 | 
     | add_131_40_g1591       | B ^ -> Z ^  | AN2M4TP   | 0.105 |   0.336 |    0.353 | 
     | add_131_40_g1589       | A ^ -> CO ^ | ADHM4TP   | 0.084 |   0.421 |    0.438 | 
     | add_131_40_g1588       | A ^ -> CO ^ | ADHM4TP   | 0.083 |   0.504 |    0.521 | 
     | add_131_40_g1587       | A ^ -> CO ^ | ADHM4TP   | 0.086 |   0.589 |    0.606 | 
     | add_131_40_g1586       | A ^ -> CO ^ | ADHM4TP   | 0.083 |   0.673 |    0.690 | 
     | add_131_40_g1585       | A ^ -> CO ^ | ADHM4TP   | 0.080 |   0.752 |    0.769 | 
     | add_131_40_g1584       | A ^ -> CO ^ | ADHM4TP   | 0.089 |   0.842 |    0.859 | 
     | add_131_40_g1583       | A ^ -> CO ^ | ADHM4TP   | 0.087 |   0.928 |    0.945 | 
     | add_131_40_g1582       | A ^ -> CO ^ | ADHM4TP   | 0.080 |   1.008 |    1.025 | 
     | add_131_40_g1581       | A ^ -> CO ^ | ADHM4TP   | 0.079 |   1.088 |    1.105 | 
     | add_131_40_g1580       | A ^ -> CO ^ | ADHM4TP   | 0.089 |   1.176 |    1.193 | 
     | add_131_40_g1579       | A ^ -> CO ^ | ADHM4TP   | 0.085 |   1.261 |    1.278 | 
     | add_131_40_g1578       | A ^ -> CO ^ | ADHM4TP   | 0.080 |   1.341 |    1.358 | 
     | add_131_40_g1577       | A ^ -> CO ^ | ADHM4TP   | 0.080 |   1.422 |    1.439 | 
     | add_131_40_g1576       | A ^ -> CO ^ | ADHM4TP   | 0.085 |   1.506 |    1.523 | 
     | add_131_40_g1575       | A ^ -> CO ^ | ADHM4TP   | 0.084 |   1.590 |    1.607 | 
     | add_131_40_g1574       | A ^ -> CO ^ | ADHM4TP   | 0.082 |   1.672 |    1.689 | 
     | add_131_40_g1573       | A ^ -> CO ^ | ADHM4TP   | 0.086 |   1.758 |    1.775 | 
     | FE_RC_77_0             | A ^ -> Z v  | ND3M6TP   | 0.046 |   1.804 |    1.821 | 
     | FE_RC_65_0             | B v -> Z ^  | NR2B1M6TP | 0.066 |   1.870 |    1.887 | 
     | add_131_40_g1567       | A ^ -> CO ^ | ADHM4TP   | 0.090 |   1.961 |    1.977 | 
     | add_131_40_g1566       | A ^ -> CO ^ | ADHM4TP   | 0.083 |   2.044 |    2.061 | 
     | add_131_40_g1565       | A ^ -> CO ^ | ADHM4TP   | 0.083 |   2.126 |    2.143 | 
     | add_131_40_g1564       | A ^ -> CO ^ | ADHM4TP   | 0.084 |   2.211 |    2.228 | 
     | add_131_40_g1563       | A ^ -> CO ^ | ADHM4TP   | 0.085 |   2.296 |    2.313 | 
     | add_131_40_g1562       | A ^ -> CO ^ | ADHM4TP   | 0.081 |   2.377 |    2.394 | 
     | add_131_40_g1561       | A ^ -> CO ^ | ADHM4TP   | 0.081 |   2.458 |    2.475 | 
     | add_131_40_g1560       | A ^ -> CO ^ | ADHM4TP   | 0.082 |   2.540 |    2.557 | 
     | add_131_40_g1559       | A ^ -> CO ^ | ADHM4TP   | 0.082 |   2.623 |    2.640 | 
     | add_131_40_g1558       | A ^ -> CO ^ | ADHM4TP   | 0.084 |   2.707 |    2.724 | 
     | add_131_40_g1557       | A ^ -> CO ^ | ADHM4TP   | 0.082 |   2.789 |    2.806 | 
     | add_131_40_g1556       | A ^ -> CO ^ | ADHM4TP   | 0.081 |   2.870 |    2.887 | 
     | add_131_40_g1555       | A ^ -> CO ^ | ADHM4TP   | 0.081 |   2.951 |    2.968 | 
     | add_131_40_g1554       | A ^ -> CO ^ | ADHM4TP   | 0.083 |   3.034 |    3.051 | 
     | add_131_40_g1553       | A ^ -> CO ^ | ADHM4TP   | 0.084 |   3.118 |    3.135 | 
     | add_131_40_g1552       | A ^ -> CO ^ | ADHM4TP   | 0.084 |   3.201 |    3.218 | 
     | add_131_40_g1551       | A ^ -> CO ^ | ADHM4TP   | 0.084 |   3.286 |    3.303 | 
     | add_131_40_g1550       | A ^ -> CO ^ | ADHM4TP   | 0.081 |   3.367 |    3.384 | 
     | add_131_40_g1549       | A ^ -> CO ^ | ADHM4TP   | 0.082 |   3.448 |    3.465 | 
     | add_131_40_g1548       | A ^ -> CO ^ | ADHM4TP   | 0.081 |   3.529 |    3.546 | 
     | add_131_40_g1547       | A ^ -> CO ^ | ADHM4TP   | 0.083 |   3.612 |    3.629 | 
     | add_131_40_g1546       | A ^ -> CO ^ | ADHM4TP   | 0.081 |   3.693 |    3.710 | 
     | add_131_40_g1545       | A ^ -> CO ^ | ADHM4TP   | 0.088 |   3.781 |    3.798 | 
     | add_131_40_g1544       | A ^ -> CO ^ | ADHM4TP   | 0.086 |   3.867 |    3.884 | 
     | add_131_40_g1543       | A ^ -> CO ^ | ADHM4TP   | 0.084 |   3.951 |    3.968 | 
     | add_131_40_g1542       | A ^ -> CO ^ | ADHM4TP   | 0.082 |   4.033 |    4.050 | 
     | add_131_40_g1541       | A ^ -> CO ^ | ADHM4TP   | 0.082 |   4.115 |    4.132 | 
     | add_131_40_g1540       | A ^ -> CO ^ | ADHM4TP   | 0.083 |   4.198 |    4.215 | 
     | add_131_40_g1539       | A ^ -> CO ^ | ADHM4TP   | 0.081 |   4.279 |    4.296 | 
     | add_131_40_g1538       | A ^ -> CO ^ | ADHM4TP   | 0.081 |   4.359 |    4.376 | 
     | add_131_40_g1537       | A ^ -> CO ^ | ADHM4TP   | 0.081 |   4.440 |    4.457 | 
     | add_131_40_g1536       | A ^ -> CO ^ | ADHM4TP   | 0.084 |   4.525 |    4.542 | 
     | FE_RC_34_0             | A ^ -> Z v  | INVM2TP   | 0.044 |   4.569 |    4.586 | 
     | FE_RC_28_0             | B v -> Z ^  | NR2B1M6TP | 0.048 |   4.617 |    4.634 | 
     | add_131_40_g1532       | A ^ -> CO ^ | ADHM8TP   | 0.106 |   4.724 |    4.741 | 
     | add_131_40_g1531       | A ^ -> CO ^ | ADHM4TP   | 0.097 |   4.821 |    4.838 | 
     | add_131_40_g1530       | A ^ -> CO ^ | ADHM4TP   | 0.082 |   4.903 |    4.920 | 
     | add_131_40_g1529       | A ^ -> CO ^ | ADHM4TP   | 0.083 |   4.986 |    5.003 | 
     | add_131_40_g1528       | A ^ -> CO ^ | ADHM4TP   | 0.086 |   5.073 |    5.090 | 
     | add_131_40_g1527       | A ^ -> CO ^ | ADHM4TP   | 0.082 |   5.155 |    5.172 | 
     | add_131_40_g1526       | A ^ -> CO ^ | ADHM4TP   | 0.081 |   5.236 |    5.253 | 
     | add_131_40_g1525       | A ^ -> CO ^ | ADHM4TP   | 0.080 |   5.316 |    5.333 | 
     | add_131_40_g1524       | A ^ -> CO ^ | ADHM4TP   | 0.082 |   5.398 |    5.415 | 
     | add_131_40_g1523       | A ^ -> CO ^ | ADHM4TP   | 0.084 |   5.482 |    5.499 | 
     | add_131_40_g1522       | A ^ -> CO ^ | ADHM4TP   | 0.082 |   5.564 |    5.581 | 
     | add_131_40_g1521       | A ^ -> CO ^ | ADHM4TP   | 0.083 |   5.647 |    5.664 | 
     | add_131_40_g1520       | A ^ -> CO ^ | ADHM4TP   | 0.081 |   5.727 |    5.744 | 
     | add_131_40_g1519       | A ^ -> CO ^ | ADHM4TP   | 0.081 |   5.808 |    5.825 | 
     | add_131_40_g1518       | A ^ -> CO ^ | ADHM4TP   | 0.097 |   5.905 |    5.922 | 
     | FE_RC_9_0              | A ^ -> Z v  | INVM3TP   | 0.038 |   5.943 |    5.960 | 
     | FE_RC_8_0              | B v -> Z ^  | NR2B1M6TP | 0.051 |   5.995 |    6.011 | 
     | add_131_40_g1515       | A ^ -> CO ^ | ADHM4TP   | 0.087 |   6.082 |    6.098 | 
     | add_131_40_g1514       | A ^ -> CO ^ | ADHM4TP   | 0.083 |   6.165 |    6.182 | 
     | add_131_40_g1513       | A ^ -> CO ^ | ADHM4TP   | 0.084 |   6.248 |    6.265 | 
     | add_131_40_g1512       | A ^ -> CO ^ | ADHM4TP   | 0.083 |   6.331 |    6.348 | 
     | add_131_40_g1511       | A ^ -> CO ^ | ADHM4TP   | 0.081 |   6.412 |    6.429 | 
     | add_131_40_g1510       | A ^ -> CO ^ | ADHM4TP   | 0.081 |   6.493 |    6.510 | 
     | add_131_40_g1509       | A ^ -> CO ^ | ADHM4TP   | 0.082 |   6.575 |    6.592 | 
     | add_131_40_g1508       | A ^ -> CO ^ | ADHM4TP   | 0.087 |   6.662 |    6.678 | 
     | add_131_40_g1507       | A ^ -> CO ^ | ADHM4TP   | 0.084 |   6.746 |    6.762 | 
     | add_131_40_g1506       | A ^ -> CO ^ | ADHM4TP   | 0.080 |   6.826 |    6.843 | 
     | add_131_40_g1505       | A ^ -> CO ^ | ADHM4TP   | 0.080 |   6.906 |    6.923 | 
     | add_131_40_g1504       | A ^ -> CO ^ | ADHM4TP   | 0.080 |   6.986 |    7.003 | 
     | add_131_40_g1503       | A ^ -> CO ^ | ADHM4TP   | 0.081 |   7.067 |    7.084 | 
     | add_131_40_g1502       | A ^ -> CO ^ | ADHM4TP   | 0.081 |   7.147 |    7.164 | 
     | add_131_40_g1501       | A ^ -> CO ^ | ADHM4TP   | 0.079 |   7.227 |    7.244 | 
     | add_131_40_g1500       | A ^ -> CO ^ | ADHM4TP   | 0.083 |   7.310 |    7.327 | 
     | add_131_40_g1499       | A ^ -> CO ^ | ADHM4TP   | 0.083 |   7.393 |    7.410 | 
     | add_131_40_g1498       | A ^ -> CO ^ | ADHM4TP   | 0.081 |   7.474 |    7.491 | 
     | add_131_40_g1497       | A ^ -> CO ^ | ADHM4TP   | 0.081 |   7.555 |    7.572 | 
     | add_131_40_g1496       | A ^ -> CO ^ | ADHM4TP   | 0.080 |   7.634 |    7.651 | 
     | add_131_40_g1495       | A ^ -> CO ^ | ADHM4TP   | 0.081 |   7.716 |    7.733 | 
     | add_131_40_g1494       | A ^ -> CO ^ | ADHM4TP   | 0.085 |   7.800 |    7.817 | 
     | add_131_40_g1493       | A ^ -> CO ^ | ADHM4TP   | 0.083 |   7.883 |    7.900 | 
     | add_131_40_g1492       | A ^ -> CO ^ | ADHM4TP   | 0.082 |   7.966 |    7.982 | 
     | add_131_40_g1491       | A ^ -> CO ^ | ADHM4TP   | 0.082 |   8.047 |    8.064 | 
     | add_131_40_g1490       | A ^ -> CO ^ | ADHM4TP   | 0.082 |   8.129 |    8.146 | 
     | add_131_40_g1489       | A ^ -> CO ^ | ADHM4TP   | 0.085 |   8.214 |    8.231 | 
     | add_131_40_g1488       | A ^ -> CO ^ | ADHM4TP   | 0.085 |   8.299 |    8.316 | 
     | add_131_40_g1487       | A ^ -> CO ^ | ADHM4TP   | 0.085 |   8.384 |    8.400 | 
     | add_131_40_g1486       | A ^ -> CO ^ | ADHM4TP   | 0.081 |   8.465 |    8.482 | 
     | add_131_40_g1485       | A ^ -> CO ^ | ADHM4TP   | 0.079 |   8.544 |    8.561 | 
     | add_131_40_g1484       | A ^ -> CO ^ | ADHM4TP   | 0.080 |   8.623 |    8.640 | 
     | add_131_40_g1483       | A ^ -> CO ^ | ADHM4TP   | 0.080 |   8.703 |    8.720 | 
     | add_131_40_g1482       | A ^ -> CO ^ | ADHM4TP   | 0.090 |   8.793 |    8.810 | 
     | FE_RC_49_0             | A ^ -> Z v  | INVM2TP   | 0.036 |   8.829 |    8.846 | 
     | FE_RC_48_0             | B v -> Z ^  | NR2B1M4TP | 0.060 |   8.889 |    8.906 | 
     | add_131_40_g1478       | A ^ -> CO ^ | ADHM4TP   | 0.093 |   8.982 |    8.999 | 
     | add_131_40_g1477       | A ^ -> CO ^ | ADHM4TP   | 0.082 |   9.064 |    9.081 | 
     | add_131_40_g1476       | A ^ -> CO ^ | ADHM4TP   | 0.085 |   9.149 |    9.166 | 
     | add_131_40_g1475       | A ^ -> CO ^ | ADHM4TP   | 0.082 |   9.231 |    9.248 | 
     | add_131_40_g1474       | A ^ -> CO ^ | ADHM4TP   | 0.077 |   9.308 |    9.325 | 
     | add_131_40_g1473       | A ^ -> CO ^ | ADHM2TP   | 0.101 |   9.409 |    9.426 | 
     | add_131_40_g1472       | A ^ -> CO ^ | ADHM4TP   | 0.085 |   9.494 |    9.511 | 
     | add_131_40_g1471       | A ^ -> CO ^ | ADHM2TP   | 0.104 |   9.597 |    9.614 | 
     | add_131_40_g1470       | A ^ -> CO ^ | ADHM4TP   | 0.091 |   9.688 |    9.705 | 
     | add_131_40_g1469       | A ^ -> Z v  | ND2M3TP   | 0.047 |   9.736 |    9.752 | 
     | FE_RC_3_0              | A v -> Z ^  | CKND2M2TP | 0.054 |   9.789 |    9.806 | 
     | FE_RC_2_0              | B ^ -> Z v  | OAI21M2TP | 0.052 |   9.841 |    9.858 | 
     | FE_RC_4_0              | B1 v -> Z v | AO22M2TP  | 0.125 |   9.966 |    9.983 | 
     | nonce_counter_reg[127] | D v         | DFQRM1TP  | 0.000 |   9.966 |    9.983 | 
     +-------------------------------------------------------------------------------+ 
Path 3: MET Setup Check with Pin nonce_counter_reg[125]/CK 
Endpoint:   nonce_counter_reg[125]/D (v) checked with  leading edge of 'clk'
Beginpoint: nonce_counter_reg[5]/Q   (^) triggered by  leading edge of 'clk'
Path Groups: {clk}
Analysis View: av_setup
Other End Arrival Time          0.000
- Setup                         0.018
+ Phase Shift                  10.000
= Required Time                 9.982
- Arrival Time                  9.875
= Slack Time                    0.107
     Clock Rise Edge                 0.000
     + Clock Network Latency (Ideal) 0.000
     = Beginpoint Arrival Time       0.000
     +-------------------------------------------------------------------------------+ 
     |        Instance        |     Arc     |   Cell    | Delay | Arrival | Required | 
     |                        |             |           |       |  Time   |   Time   | 
     |------------------------+-------------+-----------+-------+---------+----------| 
     | nonce_counter_reg[5]   | CK ^        |           |       |   0.000 |    0.107 | 
     | nonce_counter_reg[5]   | CK ^ -> Q ^ | DFQRM4TP  | 0.231 |   0.231 |    0.338 | 
     | add_131_40_g1591       | B ^ -> Z ^  | AN2M4TP   | 0.105 |   0.336 |    0.443 | 
     | add_131_40_g1589       | A ^ -> CO ^ | ADHM4TP   | 0.084 |   0.421 |    0.527 | 
     | add_131_40_g1588       | A ^ -> CO ^ | ADHM4TP   | 0.083 |   0.504 |    0.610 | 
     | add_131_40_g1587       | A ^ -> CO ^ | ADHM4TP   | 0.086 |   0.589 |    0.696 | 
     | add_131_40_g1586       | A ^ -> CO ^ | ADHM4TP   | 0.083 |   0.673 |    0.779 | 
     | add_131_40_g1585       | A ^ -> CO ^ | ADHM4TP   | 0.080 |   0.752 |    0.859 | 
     | add_131_40_g1584       | A ^ -> CO ^ | ADHM4TP   | 0.089 |   0.842 |    0.948 | 
     | add_131_40_g1583       | A ^ -> CO ^ | ADHM4TP   | 0.087 |   0.928 |    1.035 | 
     | add_131_40_g1582       | A ^ -> CO ^ | ADHM4TP   | 0.080 |   1.008 |    1.115 | 
     | add_131_40_g1581       | A ^ -> CO ^ | ADHM4TP   | 0.079 |   1.088 |    1.195 | 
     | add_131_40_g1580       | A ^ -> CO ^ | ADHM4TP   | 0.089 |   1.176 |    1.283 | 
     | add_131_40_g1579       | A ^ -> CO ^ | ADHM4TP   | 0.085 |   1.261 |    1.368 | 
     | add_131_40_g1578       | A ^ -> CO ^ | ADHM4TP   | 0.080 |   1.341 |    1.448 | 
     | add_131_40_g1577       | A ^ -> CO ^ | ADHM4TP   | 0.080 |   1.422 |    1.528 | 
     | add_131_40_g1576       | A ^ -> CO ^ | ADHM4TP   | 0.085 |   1.506 |    1.613 | 
     | add_131_40_g1575       | A ^ -> CO ^ | ADHM4TP   | 0.084 |   1.590 |    1.697 | 
     | add_131_40_g1574       | A ^ -> CO ^ | ADHM4TP   | 0.082 |   1.672 |    1.779 | 
     | add_131_40_g1573       | A ^ -> CO ^ | ADHM4TP   | 0.086 |   1.758 |    1.865 | 
     | FE_RC_77_0             | A ^ -> Z v  | ND3M6TP   | 0.046 |   1.804 |    1.911 | 
     | FE_RC_65_0             | B v -> Z ^  | NR2B1M6TP | 0.066 |   1.870 |    1.977 | 
     | add_131_40_g1567       | A ^ -> CO ^ | ADHM4TP   | 0.090 |   1.960 |    2.067 | 
     | add_131_40_g1566       | A ^ -> CO ^ | ADHM4TP   | 0.083 |   2.044 |    2.150 | 
     | add_131_40_g1565       | A ^ -> CO ^ | ADHM4TP   | 0.083 |   2.126 |    2.233 | 
     | add_131_40_g1564       | A ^ -> CO ^ | ADHM4TP   | 0.084 |   2.211 |    2.317 | 
     | add_131_40_g1563       | A ^ -> CO ^ | ADHM4TP   | 0.085 |   2.296 |    2.403 | 
     | add_131_40_g1562       | A ^ -> CO ^ | ADHM4TP   | 0.081 |   2.377 |    2.484 | 
     | add_131_40_g1561       | A ^ -> CO ^ | ADHM4TP   | 0.081 |   2.458 |    2.565 | 
     | add_131_40_g1560       | A ^ -> CO ^ | ADHM4TP   | 0.082 |   2.540 |    2.647 | 
     | add_131_40_g1559       | A ^ -> CO ^ | ADHM4TP   | 0.082 |   2.623 |    2.730 | 
     | add_131_40_g1558       | A ^ -> CO ^ | ADHM4TP   | 0.084 |   2.707 |    2.814 | 
     | add_131_40_g1557       | A ^ -> CO ^ | ADHM4TP   | 0.082 |   2.789 |    2.896 | 
     | add_131_40_g1556       | A ^ -> CO ^ | ADHM4TP   | 0.081 |   2.870 |    2.977 | 
     | add_131_40_g1555       | A ^ -> CO ^ | ADHM4TP   | 0.081 |   2.951 |    3.058 | 
     | add_131_40_g1554       | A ^ -> CO ^ | ADHM4TP   | 0.083 |   3.034 |    3.141 | 
     | add_131_40_g1553       | A ^ -> CO ^ | ADHM4TP   | 0.084 |   3.118 |    3.224 | 
     | add_131_40_g1552       | A ^ -> CO ^ | ADHM4TP   | 0.084 |   3.201 |    3.308 | 
     | add_131_40_g1551       | A ^ -> CO ^ | ADHM4TP   | 0.084 |   3.286 |    3.392 | 
     | add_131_40_g1550       | A ^ -> CO ^ | ADHM4TP   | 0.081 |   3.367 |    3.473 | 
     | add_131_40_g1549       | A ^ -> CO ^ | ADHM4TP   | 0.082 |   3.448 |    3.555 | 
     | add_131_40_g1548       | A ^ -> CO ^ | ADHM4TP   | 0.081 |   3.529 |    3.636 | 
     | add_131_40_g1547       | A ^ -> CO ^ | ADHM4TP   | 0.083 |   3.612 |    3.719 | 
     | add_131_40_g1546       | A ^ -> CO ^ | ADHM4TP   | 0.081 |   3.693 |    3.800 | 
     | add_131_40_g1545       | A ^ -> CO ^ | ADHM4TP   | 0.088 |   3.781 |    3.888 | 
     | add_131_40_g1544       | A ^ -> CO ^ | ADHM4TP   | 0.086 |   3.867 |    3.973 | 
     | add_131_40_g1543       | A ^ -> CO ^ | ADHM4TP   | 0.084 |   3.951 |    4.058 | 
     | add_131_40_g1542       | A ^ -> CO ^ | ADHM4TP   | 0.082 |   4.033 |    4.139 | 
     | add_131_40_g1541       | A ^ -> CO ^ | ADHM4TP   | 0.082 |   4.115 |    4.221 | 
     | add_131_40_g1540       | A ^ -> CO ^ | ADHM4TP   | 0.083 |   4.198 |    4.304 | 
     | add_131_40_g1539       | A ^ -> CO ^ | ADHM4TP   | 0.081 |   4.279 |    4.385 | 
     | add_131_40_g1538       | A ^ -> CO ^ | ADHM4TP   | 0.081 |   4.359 |    4.466 | 
     | add_131_40_g1537       | A ^ -> CO ^ | ADHM4TP   | 0.081 |   4.440 |    4.547 | 
     | add_131_40_g1536       | A ^ -> CO ^ | ADHM4TP   | 0.084 |   4.525 |    4.631 | 
     | FE_RC_34_0             | A ^ -> Z v  | INVM2TP   | 0.044 |   4.569 |    4.676 | 
     | FE_RC_28_0             | B v -> Z ^  | NR2B1M6TP | 0.048 |   4.617 |    4.724 | 
     | add_131_40_g1532       | A ^ -> CO ^ | ADHM8TP   | 0.106 |   4.724 |    4.830 | 
     | add_131_40_g1531       | A ^ -> CO ^ | ADHM4TP   | 0.097 |   4.821 |    4.928 | 
     | add_131_40_g1530       | A ^ -> CO ^ | ADHM4TP   | 0.082 |   4.903 |    5.010 | 
     | add_131_40_g1529       | A ^ -> CO ^ | ADHM4TP   | 0.083 |   4.986 |    5.093 | 
     | add_131_40_g1528       | A ^ -> CO ^ | ADHM4TP   | 0.086 |   5.073 |    5.179 | 
     | add_131_40_g1527       | A ^ -> CO ^ | ADHM4TP   | 0.082 |   5.155 |    5.262 | 
     | add_131_40_g1526       | A ^ -> CO ^ | ADHM4TP   | 0.081 |   5.236 |    5.342 | 
     | add_131_40_g1525       | A ^ -> CO ^ | ADHM4TP   | 0.080 |   5.316 |    5.423 | 
     | add_131_40_g1524       | A ^ -> CO ^ | ADHM4TP   | 0.082 |   5.398 |    5.505 | 
     | add_131_40_g1523       | A ^ -> CO ^ | ADHM4TP   | 0.084 |   5.482 |    5.589 | 
     | add_131_40_g1522       | A ^ -> CO ^ | ADHM4TP   | 0.082 |   5.564 |    5.671 | 
     | add_131_40_g1521       | A ^ -> CO ^ | ADHM4TP   | 0.083 |   5.647 |    5.753 | 
     | add_131_40_g1520       | A ^ -> CO ^ | ADHM4TP   | 0.081 |   5.727 |    5.834 | 
     | add_131_40_g1519       | A ^ -> CO ^ | ADHM4TP   | 0.081 |   5.808 |    5.915 | 
     | add_131_40_g1518       | A ^ -> CO ^ | ADHM4TP   | 0.097 |   5.905 |    6.012 | 
     | FE_RC_9_0              | A ^ -> Z v  | INVM3TP   | 0.038 |   5.943 |    6.050 | 
     | FE_RC_8_0              | B v -> Z ^  | NR2B1M6TP | 0.051 |   5.995 |    6.101 | 
     | add_131_40_g1515       | A ^ -> CO ^ | ADHM4TP   | 0.087 |   6.082 |    6.188 | 
     | add_131_40_g1514       | A ^ -> CO ^ | ADHM4TP   | 0.083 |   6.165 |    6.271 | 
     | add_131_40_g1513       | A ^ -> CO ^ | ADHM4TP   | 0.084 |   6.248 |    6.355 | 
     | add_131_40_g1512       | A ^ -> CO ^ | ADHM4TP   | 0.083 |   6.331 |    6.438 | 
     | add_131_40_g1511       | A ^ -> CO ^ | ADHM4TP   | 0.081 |   6.412 |    6.519 | 
     | add_131_40_g1510       | A ^ -> CO ^ | ADHM4TP   | 0.081 |   6.493 |    6.600 | 
     | add_131_40_g1509       | A ^ -> CO ^ | ADHM4TP   | 0.082 |   6.575 |    6.682 | 
     | add_131_40_g1508       | A ^ -> CO ^ | ADHM4TP   | 0.087 |   6.662 |    6.768 | 
     | add_131_40_g1507       | A ^ -> CO ^ | ADHM4TP   | 0.084 |   6.746 |    6.852 | 
     | add_131_40_g1506       | A ^ -> CO ^ | ADHM4TP   | 0.080 |   6.826 |    6.933 | 
     | add_131_40_g1505       | A ^ -> CO ^ | ADHM4TP   | 0.080 |   6.906 |    7.013 | 
     | add_131_40_g1504       | A ^ -> CO ^ | ADHM4TP   | 0.080 |   6.986 |    7.093 | 
     | add_131_40_g1503       | A ^ -> CO ^ | ADHM4TP   | 0.081 |   7.067 |    7.174 | 
     | add_131_40_g1502       | A ^ -> CO ^ | ADHM4TP   | 0.081 |   7.147 |    7.254 | 
     | add_131_40_g1501       | A ^ -> CO ^ | ADHM4TP   | 0.079 |   7.227 |    7.334 | 
     | add_131_40_g1500       | A ^ -> CO ^ | ADHM4TP   | 0.083 |   7.310 |    7.417 | 
     | add_131_40_g1499       | A ^ -> CO ^ | ADHM4TP   | 0.083 |   7.393 |    7.500 | 
     | add_131_40_g1498       | A ^ -> CO ^ | ADHM4TP   | 0.081 |   7.474 |    7.581 | 
     | add_131_40_g1497       | A ^ -> CO ^ | ADHM4TP   | 0.081 |   7.555 |    7.661 | 
     | add_131_40_g1496       | A ^ -> CO ^ | ADHM4TP   | 0.080 |   7.634 |    7.741 | 
     | add_131_40_g1495       | A ^ -> CO ^ | ADHM4TP   | 0.081 |   7.716 |    7.822 | 
     | add_131_40_g1494       | A ^ -> CO ^ | ADHM4TP   | 0.085 |   7.800 |    7.907 | 
     | add_131_40_g1493       | A ^ -> CO ^ | ADHM4TP   | 0.083 |   7.883 |    7.990 | 
     | add_131_40_g1492       | A ^ -> CO ^ | ADHM4TP   | 0.082 |   7.966 |    8.072 | 
     | add_131_40_g1491       | A ^ -> CO ^ | ADHM4TP   | 0.082 |   8.047 |    8.154 | 
     | add_131_40_g1490       | A ^ -> CO ^ | ADHM4TP   | 0.082 |   8.129 |    8.236 | 
     | add_131_40_g1489       | A ^ -> CO ^ | ADHM4TP   | 0.085 |   8.214 |    8.321 | 
     | add_131_40_g1488       | A ^ -> CO ^ | ADHM4TP   | 0.085 |   8.299 |    8.405 | 
     | add_131_40_g1487       | A ^ -> CO ^ | ADHM4TP   | 0.085 |   8.384 |    8.490 | 
     | add_131_40_g1486       | A ^ -> CO ^ | ADHM4TP   | 0.081 |   8.465 |    8.572 | 
     | add_131_40_g1485       | A ^ -> CO ^ | ADHM4TP   | 0.079 |   8.544 |    8.651 | 
     | add_131_40_g1484       | A ^ -> CO ^ | ADHM4TP   | 0.080 |   8.623 |    8.730 | 
     | add_131_40_g1483       | A ^ -> CO ^ | ADHM4TP   | 0.080 |   8.703 |    8.810 | 
     | add_131_40_g1482       | A ^ -> CO ^ | ADHM4TP   | 0.090 |   8.793 |    8.900 | 
     | FE_RC_49_0             | A ^ -> Z v  | INVM2TP   | 0.036 |   8.829 |    8.936 | 
     | FE_RC_48_0             | B v -> Z ^  | NR2B1M4TP | 0.060 |   8.889 |    8.996 | 
     | add_131_40_g1478       | A ^ -> CO ^ | ADHM4TP   | 0.093 |   8.982 |    9.089 | 
     | add_131_40_g1477       | A ^ -> CO ^ | ADHM4TP   | 0.082 |   9.064 |    9.171 | 
     | add_131_40_g1476       | A ^ -> CO ^ | ADHM4TP   | 0.085 |   9.149 |    9.256 | 
     | add_131_40_g1475       | A ^ -> CO ^ | ADHM4TP   | 0.082 |   9.231 |    9.338 | 
     | add_131_40_g1474       | A ^ -> CO ^ | ADHM4TP   | 0.077 |   9.308 |    9.415 | 
     | add_131_40_g1473       | A ^ -> CO ^ | ADHM2TP   | 0.101 |   9.409 |    9.516 | 
     | add_131_40_g1472       | A ^ -> CO ^ | ADHM4TP   | 0.085 |   9.494 |    9.600 | 
     | add_131_40_g1471       | A ^ -> CO ^ | ADHM2TP   | 0.104 |   9.597 |    9.704 | 
     | add_131_40_g1470       | A ^ -> S v  | ADHM4TP   | 0.129 |   9.726 |    9.833 | 
     | g76760                 | A2 v -> Z v | AO22M2TP  | 0.149 |   9.875 |    9.982 | 
     | nonce_counter_reg[125] | D v         | DFQRM1TP  | 0.000 |   9.875 |    9.982 | 
     +-------------------------------------------------------------------------------+ 
Path 4: MET Setup Check with Pin nonce_counter_reg[124]/CK 
Endpoint:   nonce_counter_reg[124]/D (v) checked with  leading edge of 'clk'
Beginpoint: nonce_counter_reg[5]/Q   (^) triggered by  leading edge of 'clk'
Path Groups: {clk}
Analysis View: av_setup
Other End Arrival Time          0.000
- Setup                         0.018
+ Phase Shift                  10.000
= Required Time                 9.982
- Arrival Time                  9.783
= Slack Time                    0.199
     Clock Rise Edge                 0.000
     + Clock Network Latency (Ideal) 0.000
     = Beginpoint Arrival Time       0.000
     +-------------------------------------------------------------------------------+ 
     |        Instance        |     Arc     |   Cell    | Delay | Arrival | Required | 
     |                        |             |           |       |  Time   |   Time   | 
     |------------------------+-------------+-----------+-------+---------+----------| 
     | nonce_counter_reg[5]   | CK ^        |           |       |   0.000 |    0.199 | 
     | nonce_counter_reg[5]   | CK ^ -> Q ^ | DFQRM4TP  | 0.231 |   0.231 |    0.431 | 
     | add_131_40_g1591       | B ^ -> Z ^  | AN2M4TP   | 0.105 |   0.336 |    0.535 | 
     | add_131_40_g1589       | A ^ -> CO ^ | ADHM4TP   | 0.084 |   0.421 |    0.620 | 
     | add_131_40_g1588       | A ^ -> CO ^ | ADHM4TP   | 0.083 |   0.504 |    0.703 | 
     | add_131_40_g1587       | A ^ -> CO ^ | ADHM4TP   | 0.086 |   0.589 |    0.789 | 
     | add_131_40_g1586       | A ^ -> CO ^ | ADHM4TP   | 0.083 |   0.673 |    0.872 | 
     | add_131_40_g1585       | A ^ -> CO ^ | ADHM4TP   | 0.080 |   0.752 |    0.952 | 
     | add_131_40_g1584       | A ^ -> CO ^ | ADHM4TP   | 0.089 |   0.842 |    1.041 | 
     | add_131_40_g1583       | A ^ -> CO ^ | ADHM4TP   | 0.087 |   0.928 |    1.127 | 
     | add_131_40_g1582       | A ^ -> CO ^ | ADHM4TP   | 0.080 |   1.008 |    1.208 | 
     | add_131_40_g1581       | A ^ -> CO ^ | ADHM4TP   | 0.079 |   1.088 |    1.287 | 
     | add_131_40_g1580       | A ^ -> CO ^ | ADHM4TP   | 0.089 |   1.176 |    1.376 | 
     | add_131_40_g1579       | A ^ -> CO ^ | ADHM4TP   | 0.085 |   1.261 |    1.460 | 
     | add_131_40_g1578       | A ^ -> CO ^ | ADHM4TP   | 0.080 |   1.341 |    1.540 | 
     | add_131_40_g1577       | A ^ -> CO ^ | ADHM4TP   | 0.080 |   1.422 |    1.621 | 
     | add_131_40_g1576       | A ^ -> CO ^ | ADHM4TP   | 0.085 |   1.506 |    1.706 | 
     | add_131_40_g1575       | A ^ -> CO ^ | ADHM4TP   | 0.084 |   1.590 |    1.789 | 
     | add_131_40_g1574       | A ^ -> CO ^ | ADHM4TP   | 0.082 |   1.672 |    1.871 | 
     | add_131_40_g1573       | A ^ -> CO ^ | ADHM4TP   | 0.086 |   1.758 |    1.957 | 
     | FE_RC_77_0             | A ^ -> Z v  | ND3M6TP   | 0.046 |   1.804 |    2.003 | 
     | FE_RC_65_0             | B v -> Z ^  | NR2B1M6TP | 0.066 |   1.870 |    2.069 | 
     | add_131_40_g1567       | A ^ -> CO ^ | ADHM4TP   | 0.090 |   1.961 |    2.160 | 
     | add_131_40_g1566       | A ^ -> CO ^ | ADHM4TP   | 0.083 |   2.044 |    2.243 | 
     | add_131_40_g1565       | A ^ -> CO ^ | ADHM4TP   | 0.083 |   2.126 |    2.325 | 
     | add_131_40_g1564       | A ^ -> CO ^ | ADHM4TP   | 0.084 |   2.211 |    2.410 | 
     | add_131_40_g1563       | A ^ -> CO ^ | ADHM4TP   | 0.085 |   2.296 |    2.495 | 
     | add_131_40_g1562       | A ^ -> CO ^ | ADHM4TP   | 0.081 |   2.377 |    2.576 | 
     | add_131_40_g1561       | A ^ -> CO ^ | ADHM4TP   | 0.081 |   2.458 |    2.658 | 
     | add_131_40_g1560       | A ^ -> CO ^ | ADHM4TP   | 0.082 |   2.541 |    2.740 | 
     | add_131_40_g1559       | A ^ -> CO ^ | ADHM4TP   | 0.082 |   2.623 |    2.822 | 
     | add_131_40_g1558       | A ^ -> CO ^ | ADHM4TP   | 0.084 |   2.707 |    2.906 | 
     | add_131_40_g1557       | A ^ -> CO ^ | ADHM4TP   | 0.082 |   2.789 |    2.988 | 
     | add_131_40_g1556       | A ^ -> CO ^ | ADHM4TP   | 0.081 |   2.870 |    3.070 | 
     | add_131_40_g1555       | A ^ -> CO ^ | ADHM4TP   | 0.081 |   2.951 |    3.150 | 
     | add_131_40_g1554       | A ^ -> CO ^ | ADHM4TP   | 0.083 |   3.034 |    3.233 | 
     | add_131_40_g1553       | A ^ -> CO ^ | ADHM4TP   | 0.084 |   3.118 |    3.317 | 
     | add_131_40_g1552       | A ^ -> CO ^ | ADHM4TP   | 0.084 |   3.201 |    3.401 | 
     | add_131_40_g1551       | A ^ -> CO ^ | ADHM4TP   | 0.084 |   3.286 |    3.485 | 
     | add_131_40_g1550       | A ^ -> CO ^ | ADHM4TP   | 0.081 |   3.367 |    3.566 | 
     | add_131_40_g1549       | A ^ -> CO ^ | ADHM4TP   | 0.082 |   3.448 |    3.648 | 
     | add_131_40_g1548       | A ^ -> CO ^ | ADHM4TP   | 0.081 |   3.529 |    3.729 | 
     | add_131_40_g1547       | A ^ -> CO ^ | ADHM4TP   | 0.083 |   3.612 |    3.811 | 
     | add_131_40_g1546       | A ^ -> CO ^ | ADHM4TP   | 0.081 |   3.693 |    3.892 | 
     | add_131_40_g1545       | A ^ -> CO ^ | ADHM4TP   | 0.088 |   3.781 |    3.980 | 
     | add_131_40_g1544       | A ^ -> CO ^ | ADHM4TP   | 0.086 |   3.867 |    4.066 | 
     | add_131_40_g1543       | A ^ -> CO ^ | ADHM4TP   | 0.084 |   3.951 |    4.150 | 
     | add_131_40_g1542       | A ^ -> CO ^ | ADHM4TP   | 0.082 |   4.033 |    4.232 | 
     | add_131_40_g1541       | A ^ -> CO ^ | ADHM4TP   | 0.082 |   4.115 |    4.314 | 
     | add_131_40_g1540       | A ^ -> CO ^ | ADHM4TP   | 0.083 |   4.198 |    4.397 | 
     | add_131_40_g1539       | A ^ -> CO ^ | ADHM4TP   | 0.081 |   4.279 |    4.478 | 
     | add_131_40_g1538       | A ^ -> CO ^ | ADHM4TP   | 0.081 |   4.359 |    4.558 | 
     | add_131_40_g1537       | A ^ -> CO ^ | ADHM4TP   | 0.081 |   4.440 |    4.640 | 
     | add_131_40_g1536       | A ^ -> CO ^ | ADHM4TP   | 0.084 |   4.525 |    4.724 | 
     | FE_RC_34_0             | A ^ -> Z v  | INVM2TP   | 0.044 |   4.569 |    4.768 | 
     | FE_RC_28_0             | B v -> Z ^  | NR2B1M6TP | 0.048 |   4.617 |    4.816 | 
     | add_131_40_g1532       | A ^ -> CO ^ | ADHM8TP   | 0.106 |   4.724 |    4.923 | 
     | add_131_40_g1531       | A ^ -> CO ^ | ADHM4TP   | 0.097 |   4.821 |    5.020 | 
     | add_131_40_g1530       | A ^ -> CO ^ | ADHM4TP   | 0.082 |   4.903 |    5.102 | 
     | add_131_40_g1529       | A ^ -> CO ^ | ADHM4TP   | 0.083 |   4.986 |    5.186 | 
     | add_131_40_g1528       | A ^ -> CO ^ | ADHM4TP   | 0.086 |   5.073 |    5.272 | 
     | add_131_40_g1527       | A ^ -> CO ^ | ADHM4TP   | 0.082 |   5.155 |    5.354 | 
     | add_131_40_g1526       | A ^ -> CO ^ | ADHM4TP   | 0.081 |   5.236 |    5.435 | 
     | add_131_40_g1525       | A ^ -> CO ^ | ADHM4TP   | 0.080 |   5.316 |    5.515 | 
     | add_131_40_g1524       | A ^ -> CO ^ | ADHM4TP   | 0.082 |   5.398 |    5.597 | 
     | add_131_40_g1523       | A ^ -> CO ^ | ADHM4TP   | 0.084 |   5.482 |    5.681 | 
     | add_131_40_g1522       | A ^ -> CO ^ | ADHM4TP   | 0.082 |   5.564 |    5.763 | 
     | add_131_40_g1521       | A ^ -> CO ^ | ADHM4TP   | 0.083 |   5.647 |    5.846 | 
     | add_131_40_g1520       | A ^ -> CO ^ | ADHM4TP   | 0.081 |   5.727 |    5.927 | 
     | add_131_40_g1519       | A ^ -> CO ^ | ADHM4TP   | 0.081 |   5.808 |    6.007 | 
     | add_131_40_g1518       | A ^ -> CO ^ | ADHM4TP   | 0.097 |   5.905 |    6.105 | 
     | FE_RC_9_0              | A ^ -> Z v  | INVM3TP   | 0.038 |   5.943 |    6.143 | 
     | FE_RC_8_0              | B v -> Z ^  | NR2B1M6TP | 0.051 |   5.995 |    6.194 | 
     | add_131_40_g1515       | A ^ -> CO ^ | ADHM4TP   | 0.087 |   6.082 |    6.281 | 
     | add_131_40_g1514       | A ^ -> CO ^ | ADHM4TP   | 0.083 |   6.165 |    6.364 | 
     | add_131_40_g1513       | A ^ -> CO ^ | ADHM4TP   | 0.084 |   6.248 |    6.447 | 
     | add_131_40_g1512       | A ^ -> CO ^ | ADHM4TP   | 0.083 |   6.331 |    6.530 | 
     | add_131_40_g1511       | A ^ -> CO ^ | ADHM4TP   | 0.081 |   6.412 |    6.611 | 
     | add_131_40_g1510       | A ^ -> CO ^ | ADHM4TP   | 0.081 |   6.493 |    6.692 | 
     | add_131_40_g1509       | A ^ -> CO ^ | ADHM4TP   | 0.082 |   6.575 |    6.774 | 
     | add_131_40_g1508       | A ^ -> CO ^ | ADHM4TP   | 0.087 |   6.662 |    6.861 | 
     | add_131_40_g1507       | A ^ -> CO ^ | ADHM4TP   | 0.084 |   6.746 |    6.945 | 
     | add_131_40_g1506       | A ^ -> CO ^ | ADHM4TP   | 0.080 |   6.826 |    7.025 | 
     | add_131_40_g1505       | A ^ -> CO ^ | ADHM4TP   | 0.080 |   6.906 |    7.105 | 
     | add_131_40_g1504       | A ^ -> CO ^ | ADHM4TP   | 0.080 |   6.986 |    7.185 | 
     | add_131_40_g1503       | A ^ -> CO ^ | ADHM4TP   | 0.081 |   7.067 |    7.266 | 
     | add_131_40_g1502       | A ^ -> CO ^ | ADHM4TP   | 0.081 |   7.147 |    7.347 | 
     | add_131_40_g1501       | A ^ -> CO ^ | ADHM4TP   | 0.079 |   7.227 |    7.426 | 
     | add_131_40_g1500       | A ^ -> CO ^ | ADHM4TP   | 0.083 |   7.310 |    7.509 | 
     | add_131_40_g1499       | A ^ -> CO ^ | ADHM4TP   | 0.083 |   7.393 |    7.592 | 
     | add_131_40_g1498       | A ^ -> CO ^ | ADHM4TP   | 0.081 |   7.474 |    7.673 | 
     | add_131_40_g1497       | A ^ -> CO ^ | ADHM4TP   | 0.081 |   7.555 |    7.754 | 
     | add_131_40_g1496       | A ^ -> CO ^ | ADHM4TP   | 0.080 |   7.634 |    7.833 | 
     | add_131_40_g1495       | A ^ -> CO ^ | ADHM4TP   | 0.081 |   7.716 |    7.915 | 
     | add_131_40_g1494       | A ^ -> CO ^ | ADHM4TP   | 0.085 |   7.800 |    7.999 | 
     | add_131_40_g1493       | A ^ -> CO ^ | ADHM4TP   | 0.083 |   7.883 |    8.082 | 
     | add_131_40_g1492       | A ^ -> CO ^ | ADHM4TP   | 0.082 |   7.966 |    8.165 | 
     | add_131_40_g1491       | A ^ -> CO ^ | ADHM4TP   | 0.082 |   8.047 |    8.246 | 
     | add_131_40_g1490       | A ^ -> CO ^ | ADHM4TP   | 0.082 |   8.129 |    8.328 | 
     | add_131_40_g1489       | A ^ -> CO ^ | ADHM4TP   | 0.085 |   8.214 |    8.413 | 
     | add_131_40_g1488       | A ^ -> CO ^ | ADHM4TP   | 0.085 |   8.299 |    8.498 | 
     | add_131_40_g1487       | A ^ -> CO ^ | ADHM4TP   | 0.085 |   8.384 |    8.583 | 
     | add_131_40_g1486       | A ^ -> CO ^ | ADHM4TP   | 0.081 |   8.465 |    8.664 | 
     | add_131_40_g1485       | A ^ -> CO ^ | ADHM4TP   | 0.079 |   8.544 |    8.743 | 
     | add_131_40_g1484       | A ^ -> CO ^ | ADHM4TP   | 0.080 |   8.623 |    8.822 | 
     | add_131_40_g1483       | A ^ -> CO ^ | ADHM4TP   | 0.080 |   8.703 |    8.903 | 
     | add_131_40_g1482       | A ^ -> CO ^ | ADHM4TP   | 0.090 |   8.793 |    8.992 | 
     | FE_RC_49_0             | A ^ -> Z v  | INVM2TP   | 0.036 |   8.829 |    9.029 | 
     | FE_RC_48_0             | B v -> Z ^  | NR2B1M4TP | 0.060 |   8.889 |    9.088 | 
     | add_131_40_g1478       | A ^ -> CO ^ | ADHM4TP   | 0.093 |   8.982 |    9.181 | 
     | add_131_40_g1477       | A ^ -> CO ^ | ADHM4TP   | 0.082 |   9.064 |    9.263 | 
     | add_131_40_g1476       | A ^ -> CO ^ | ADHM4TP   | 0.085 |   9.149 |    9.348 | 
     | add_131_40_g1475       | A ^ -> CO ^ | ADHM4TP   | 0.082 |   9.231 |    9.430 | 
     | add_131_40_g1474       | A ^ -> CO ^ | ADHM4TP   | 0.077 |   9.308 |    9.507 | 
     | add_131_40_g1473       | A ^ -> CO ^ | ADHM2TP   | 0.101 |   9.409 |    9.608 | 
     | add_131_40_g1472       | A ^ -> CO ^ | ADHM4TP   | 0.085 |   9.494 |    9.693 | 
     | add_131_40_g1471       | A ^ -> S v  | ADHM2TP   | 0.138 |   9.632 |    9.831 | 
     | g76759                 | A2 v -> Z v | AO22M2TP  | 0.151 |   9.783 |    9.982 | 
     | nonce_counter_reg[124] | D v         | DFQRM1TP  | 0.000 |   9.783 |    9.982 | 
     +-------------------------------------------------------------------------------+ 
Path 5: MET Setup Check with Pin nonce_counter_reg[123]/CK 
Endpoint:   nonce_counter_reg[123]/D (v) checked with  leading edge of 'clk'
Beginpoint: nonce_counter_reg[5]/Q   (^) triggered by  leading edge of 'clk'
Path Groups: {clk}
Analysis View: av_setup
Other End Arrival Time          0.000
- Setup                         0.018
+ Phase Shift                  10.000
= Required Time                 9.982
- Arrival Time                  9.687
= Slack Time                    0.295
     Clock Rise Edge                 0.000
     + Clock Network Latency (Ideal) 0.000
     = Beginpoint Arrival Time       0.000
     +-------------------------------------------------------------------------------+ 
     |        Instance        |     Arc     |   Cell    | Delay | Arrival | Required | 
     |                        |             |           |       |  Time   |   Time   | 
     |------------------------+-------------+-----------+-------+---------+----------| 
     | nonce_counter_reg[5]   | CK ^        |           |       |   0.000 |    0.295 | 
     | nonce_counter_reg[5]   | CK ^ -> Q ^ | DFQRM4TP  | 0.231 |   0.231 |    0.526 | 
     | add_131_40_g1591       | B ^ -> Z ^  | AN2M4TP   | 0.105 |   0.336 |    0.631 | 
     | add_131_40_g1589       | A ^ -> CO ^ | ADHM4TP   | 0.084 |   0.421 |    0.715 | 
     | add_131_40_g1588       | A ^ -> CO ^ | ADHM4TP   | 0.083 |   0.504 |    0.799 | 
     | add_131_40_g1587       | A ^ -> CO ^ | ADHM4TP   | 0.086 |   0.589 |    0.884 | 
     | add_131_40_g1586       | A ^ -> CO ^ | ADHM4TP   | 0.083 |   0.673 |    0.967 | 
     | add_131_40_g1585       | A ^ -> CO ^ | ADHM4TP   | 0.080 |   0.752 |    1.047 | 
     | add_131_40_g1584       | A ^ -> CO ^ | ADHM4TP   | 0.089 |   0.842 |    1.136 | 
     | add_131_40_g1583       | A ^ -> CO ^ | ADHM4TP   | 0.087 |   0.928 |    1.223 | 
     | add_131_40_g1582       | A ^ -> CO ^ | ADHM4TP   | 0.080 |   1.008 |    1.303 | 
     | add_131_40_g1581       | A ^ -> CO ^ | ADHM4TP   | 0.079 |   1.088 |    1.383 | 
     | add_131_40_g1580       | A ^ -> CO ^ | ADHM4TP   | 0.089 |   1.176 |    1.471 | 
     | add_131_40_g1579       | A ^ -> CO ^ | ADHM4TP   | 0.085 |   1.261 |    1.556 | 
     | add_131_40_g1578       | A ^ -> CO ^ | ADHM4TP   | 0.080 |   1.341 |    1.636 | 
     | add_131_40_g1577       | A ^ -> CO ^ | ADHM4TP   | 0.080 |   1.422 |    1.716 | 
     | add_131_40_g1576       | A ^ -> CO ^ | ADHM4TP   | 0.085 |   1.506 |    1.801 | 
     | add_131_40_g1575       | A ^ -> CO ^ | ADHM4TP   | 0.084 |   1.590 |    1.885 | 
     | add_131_40_g1574       | A ^ -> CO ^ | ADHM4TP   | 0.082 |   1.672 |    1.967 | 
     | add_131_40_g1573       | A ^ -> CO ^ | ADHM4TP   | 0.086 |   1.758 |    2.053 | 
     | FE_RC_77_0             | A ^ -> Z v  | ND3M6TP   | 0.046 |   1.804 |    2.099 | 
     | FE_RC_65_0             | B v -> Z ^  | NR2B1M6TP | 0.066 |   1.870 |    2.165 | 
     | add_131_40_g1567       | A ^ -> CO ^ | ADHM4TP   | 0.090 |   1.961 |    2.255 | 
     | add_131_40_g1566       | A ^ -> CO ^ | ADHM4TP   | 0.083 |   2.044 |    2.338 | 
     | add_131_40_g1565       | A ^ -> CO ^ | ADHM4TP   | 0.083 |   2.126 |    2.421 | 
     | add_131_40_g1564       | A ^ -> CO ^ | ADHM4TP   | 0.084 |   2.211 |    2.506 | 
     | add_131_40_g1563       | A ^ -> CO ^ | ADHM4TP   | 0.085 |   2.296 |    2.591 | 
     | add_131_40_g1562       | A ^ -> CO ^ | ADHM4TP   | 0.081 |   2.377 |    2.672 | 
     | add_131_40_g1561       | A ^ -> CO ^ | ADHM4TP   | 0.081 |   2.458 |    2.753 | 
     | add_131_40_g1560       | A ^ -> CO ^ | ADHM4TP   | 0.082 |   2.541 |    2.835 | 
     | add_131_40_g1559       | A ^ -> CO ^ | ADHM4TP   | 0.082 |   2.623 |    2.918 | 
     | add_131_40_g1558       | A ^ -> CO ^ | ADHM4TP   | 0.084 |   2.707 |    3.002 | 
     | add_131_40_g1557       | A ^ -> CO ^ | ADHM4TP   | 0.082 |   2.789 |    3.084 | 
     | add_131_40_g1556       | A ^ -> CO ^ | ADHM4TP   | 0.081 |   2.870 |    3.165 | 
     | add_131_40_g1555       | A ^ -> CO ^ | ADHM4TP   | 0.081 |   2.951 |    3.246 | 
     | add_131_40_g1554       | A ^ -> CO ^ | ADHM4TP   | 0.083 |   3.034 |    3.329 | 
     | add_131_40_g1553       | A ^ -> CO ^ | ADHM4TP   | 0.084 |   3.118 |    3.413 | 
     | add_131_40_g1552       | A ^ -> CO ^ | ADHM4TP   | 0.084 |   3.201 |    3.496 | 
     | add_131_40_g1551       | A ^ -> CO ^ | ADHM4TP   | 0.084 |   3.286 |    3.581 | 
     | add_131_40_g1550       | A ^ -> CO ^ | ADHM4TP   | 0.081 |   3.367 |    3.662 | 
     | add_131_40_g1549       | A ^ -> CO ^ | ADHM4TP   | 0.082 |   3.448 |    3.743 | 
     | add_131_40_g1548       | A ^ -> CO ^ | ADHM4TP   | 0.081 |   3.529 |    3.824 | 
     | add_131_40_g1547       | A ^ -> CO ^ | ADHM4TP   | 0.083 |   3.612 |    3.907 | 
     | add_131_40_g1546       | A ^ -> CO ^ | ADHM4TP   | 0.081 |   3.693 |    3.988 | 
     | add_131_40_g1545       | A ^ -> CO ^ | ADHM4TP   | 0.088 |   3.781 |    4.076 | 
     | add_131_40_g1544       | A ^ -> CO ^ | ADHM4TP   | 0.086 |   3.867 |    4.161 | 
     | add_131_40_g1543       | A ^ -> CO ^ | ADHM4TP   | 0.084 |   3.951 |    4.246 | 
     | add_131_40_g1542       | A ^ -> CO ^ | ADHM4TP   | 0.082 |   4.033 |    4.327 | 
     | add_131_40_g1541       | A ^ -> CO ^ | ADHM4TP   | 0.082 |   4.115 |    4.410 | 
     | add_131_40_g1540       | A ^ -> CO ^ | ADHM4TP   | 0.083 |   4.198 |    4.492 | 
     | add_131_40_g1539       | A ^ -> CO ^ | ADHM4TP   | 0.081 |   4.279 |    4.573 | 
     | add_131_40_g1538       | A ^ -> CO ^ | ADHM4TP   | 0.081 |   4.359 |    4.654 | 
     | add_131_40_g1537       | A ^ -> CO ^ | ADHM4TP   | 0.081 |   4.440 |    4.735 | 
     | add_131_40_g1536       | A ^ -> CO ^ | ADHM4TP   | 0.084 |   4.525 |    4.820 | 
     | FE_RC_34_0             | A ^ -> Z v  | INVM2TP   | 0.044 |   4.569 |    4.864 | 
     | FE_RC_28_0             | B v -> Z ^  | NR2B1M6TP | 0.048 |   4.617 |    4.912 | 
     | add_131_40_g1532       | A ^ -> CO ^ | ADHM8TP   | 0.106 |   4.724 |    5.018 | 
     | add_131_40_g1531       | A ^ -> CO ^ | ADHM4TP   | 0.097 |   4.821 |    5.116 | 
     | add_131_40_g1530       | A ^ -> CO ^ | ADHM4TP   | 0.082 |   4.903 |    5.198 | 
     | add_131_40_g1529       | A ^ -> CO ^ | ADHM4TP   | 0.083 |   4.986 |    5.281 | 
     | add_131_40_g1528       | A ^ -> CO ^ | ADHM4TP   | 0.086 |   5.073 |    5.368 | 
     | add_131_40_g1527       | A ^ -> CO ^ | ADHM4TP   | 0.082 |   5.155 |    5.450 | 
     | add_131_40_g1526       | A ^ -> CO ^ | ADHM4TP   | 0.081 |   5.236 |    5.531 | 
     | add_131_40_g1525       | A ^ -> CO ^ | ADHM4TP   | 0.080 |   5.316 |    5.611 | 
     | add_131_40_g1524       | A ^ -> CO ^ | ADHM4TP   | 0.082 |   5.398 |    5.693 | 
     | add_131_40_g1523       | A ^ -> CO ^ | ADHM4TP   | 0.084 |   5.482 |    5.777 | 
     | add_131_40_g1522       | A ^ -> CO ^ | ADHM4TP   | 0.082 |   5.564 |    5.859 | 
     | add_131_40_g1521       | A ^ -> CO ^ | ADHM4TP   | 0.083 |   5.647 |    5.941 | 
     | add_131_40_g1520       | A ^ -> CO ^ | ADHM4TP   | 0.081 |   5.727 |    6.022 | 
     | add_131_40_g1519       | A ^ -> CO ^ | ADHM4TP   | 0.081 |   5.808 |    6.103 | 
     | add_131_40_g1518       | A ^ -> CO ^ | ADHM4TP   | 0.097 |   5.905 |    6.200 | 
     | FE_RC_9_0              | A ^ -> Z v  | INVM3TP   | 0.038 |   5.943 |    6.238 | 
     | FE_RC_8_0              | B v -> Z ^  | NR2B1M6TP | 0.051 |   5.995 |    6.289 | 
     | add_131_40_g1515       | A ^ -> CO ^ | ADHM4TP   | 0.087 |   6.082 |    6.376 | 
     | add_131_40_g1514       | A ^ -> CO ^ | ADHM4TP   | 0.083 |   6.165 |    6.459 | 
     | add_131_40_g1513       | A ^ -> CO ^ | ADHM4TP   | 0.084 |   6.248 |    6.543 | 
     | add_131_40_g1512       | A ^ -> CO ^ | ADHM4TP   | 0.083 |   6.331 |    6.626 | 
     | add_131_40_g1511       | A ^ -> CO ^ | ADHM4TP   | 0.081 |   6.412 |    6.707 | 
     | add_131_40_g1510       | A ^ -> CO ^ | ADHM4TP   | 0.081 |   6.493 |    6.788 | 
     | add_131_40_g1509       | A ^ -> CO ^ | ADHM4TP   | 0.082 |   6.575 |    6.870 | 
     | add_131_40_g1508       | A ^ -> CO ^ | ADHM4TP   | 0.087 |   6.662 |    6.956 | 
     | add_131_40_g1507       | A ^ -> CO ^ | ADHM4TP   | 0.084 |   6.746 |    7.040 | 
     | add_131_40_g1506       | A ^ -> CO ^ | ADHM4TP   | 0.080 |   6.826 |    7.121 | 
     | add_131_40_g1505       | A ^ -> CO ^ | ADHM4TP   | 0.080 |   6.906 |    7.201 | 
     | add_131_40_g1504       | A ^ -> CO ^ | ADHM4TP   | 0.080 |   6.986 |    7.281 | 
     | add_131_40_g1503       | A ^ -> CO ^ | ADHM4TP   | 0.081 |   7.067 |    7.362 | 
     | add_131_40_g1502       | A ^ -> CO ^ | ADHM4TP   | 0.081 |   7.147 |    7.442 | 
     | add_131_40_g1501       | A ^ -> CO ^ | ADHM4TP   | 0.079 |   7.227 |    7.522 | 
     | add_131_40_g1500       | A ^ -> CO ^ | ADHM4TP   | 0.083 |   7.310 |    7.605 | 
     | add_131_40_g1499       | A ^ -> CO ^ | ADHM4TP   | 0.083 |   7.393 |    7.688 | 
     | add_131_40_g1498       | A ^ -> CO ^ | ADHM4TP   | 0.081 |   7.474 |    7.769 | 
     | add_131_40_g1497       | A ^ -> CO ^ | ADHM4TP   | 0.081 |   7.555 |    7.850 | 
     | add_131_40_g1496       | A ^ -> CO ^ | ADHM4TP   | 0.080 |   7.634 |    7.929 | 
     | add_131_40_g1495       | A ^ -> CO ^ | ADHM4TP   | 0.081 |   7.716 |    8.010 | 
     | add_131_40_g1494       | A ^ -> CO ^ | ADHM4TP   | 0.085 |   7.800 |    8.095 | 
     | add_131_40_g1493       | A ^ -> CO ^ | ADHM4TP   | 0.083 |   7.883 |    8.178 | 
     | add_131_40_g1492       | A ^ -> CO ^ | ADHM4TP   | 0.082 |   7.966 |    8.260 | 
     | add_131_40_g1491       | A ^ -> CO ^ | ADHM4TP   | 0.082 |   8.047 |    8.342 | 
     | add_131_40_g1490       | A ^ -> CO ^ | ADHM4TP   | 0.082 |   8.129 |    8.424 | 
     | add_131_40_g1489       | A ^ -> CO ^ | ADHM4TP   | 0.085 |   8.214 |    8.509 | 
     | add_131_40_g1488       | A ^ -> CO ^ | ADHM4TP   | 0.085 |   8.299 |    8.594 | 
     | add_131_40_g1487       | A ^ -> CO ^ | ADHM4TP   | 0.085 |   8.384 |    8.678 | 
     | add_131_40_g1486       | A ^ -> CO ^ | ADHM4TP   | 0.081 |   8.465 |    8.760 | 
     | add_131_40_g1485       | A ^ -> CO ^ | ADHM4TP   | 0.079 |   8.544 |    8.839 | 
     | add_131_40_g1484       | A ^ -> CO ^ | ADHM4TP   | 0.080 |   8.623 |    8.918 | 
     | add_131_40_g1483       | A ^ -> CO ^ | ADHM4TP   | 0.080 |   8.703 |    8.998 | 
     | add_131_40_g1482       | A ^ -> CO ^ | ADHM4TP   | 0.090 |   8.793 |    9.088 | 
     | FE_RC_49_0             | A ^ -> Z v  | INVM2TP   | 0.036 |   8.829 |    9.124 | 
     | FE_RC_48_0             | B v -> Z ^  | NR2B1M4TP | 0.060 |   8.889 |    9.184 | 
     | add_131_40_g1478       | A ^ -> CO ^ | ADHM4TP   | 0.093 |   8.982 |    9.277 | 
     | add_131_40_g1477       | A ^ -> CO ^ | ADHM4TP   | 0.082 |   9.064 |    9.359 | 
     | add_131_40_g1476       | A ^ -> CO ^ | ADHM4TP   | 0.085 |   9.149 |    9.444 | 
     | add_131_40_g1475       | A ^ -> CO ^ | ADHM4TP   | 0.082 |   9.231 |    9.526 | 
     | add_131_40_g1474       | A ^ -> CO ^ | ADHM4TP   | 0.077 |   9.308 |    9.603 | 
     | add_131_40_g1473       | A ^ -> CO ^ | ADHM2TP   | 0.101 |   9.409 |    9.704 | 
     | add_131_40_g1472       | A ^ -> S v  | ADHM4TP   | 0.129 |   9.538 |    9.833 | 
     | g76758                 | A2 v -> Z v | AO22M2TP  | 0.149 |   9.687 |    9.982 | 
     | nonce_counter_reg[123] | D v         | DFQRM1TP  | 0.000 |   9.687 |    9.982 | 
     +-------------------------------------------------------------------------------+ 
Path 6: MET Setup Check with Pin nonce_counter_reg[122]/CK 
Endpoint:   nonce_counter_reg[122]/D (v) checked with  leading edge of 'clk'
Beginpoint: nonce_counter_reg[5]/Q   (^) triggered by  leading edge of 'clk'
Path Groups: {clk}
Analysis View: av_setup
Other End Arrival Time          0.000
- Setup                         0.018
+ Phase Shift                  10.000
= Required Time                 9.982
- Arrival Time                  9.596
= Slack Time                    0.386
     Clock Rise Edge                 0.000
     + Clock Network Latency (Ideal) 0.000
     = Beginpoint Arrival Time       0.000
     +-------------------------------------------------------------------------------+ 
     |        Instance        |     Arc     |   Cell    | Delay | Arrival | Required | 
     |                        |             |           |       |  Time   |   Time   | 
     |------------------------+-------------+-----------+-------+---------+----------| 
     | nonce_counter_reg[5]   | CK ^        |           |       |   0.000 |    0.386 | 
     | nonce_counter_reg[5]   | CK ^ -> Q ^ | DFQRM4TP  | 0.231 |   0.231 |    0.617 | 
     | add_131_40_g1591       | B ^ -> Z ^  | AN2M4TP   | 0.105 |   0.336 |    0.722 | 
     | add_131_40_g1589       | A ^ -> CO ^ | ADHM4TP   | 0.084 |   0.421 |    0.807 | 
     | add_131_40_g1588       | A ^ -> CO ^ | ADHM4TP   | 0.083 |   0.504 |    0.890 | 
     | add_131_40_g1587       | A ^ -> CO ^ | ADHM4TP   | 0.086 |   0.589 |    0.975 | 
     | add_131_40_g1586       | A ^ -> CO ^ | ADHM4TP   | 0.083 |   0.673 |    1.059 | 
     | add_131_40_g1585       | A ^ -> CO ^ | ADHM4TP   | 0.080 |   0.752 |    1.138 | 
     | add_131_40_g1584       | A ^ -> CO ^ | ADHM4TP   | 0.089 |   0.842 |    1.228 | 
     | add_131_40_g1583       | A ^ -> CO ^ | ADHM4TP   | 0.087 |   0.928 |    1.314 | 
     | add_131_40_g1582       | A ^ -> CO ^ | ADHM4TP   | 0.080 |   1.008 |    1.394 | 
     | add_131_40_g1581       | A ^ -> CO ^ | ADHM4TP   | 0.079 |   1.088 |    1.474 | 
     | add_131_40_g1580       | A ^ -> CO ^ | ADHM4TP   | 0.089 |   1.176 |    1.562 | 
     | add_131_40_g1579       | A ^ -> CO ^ | ADHM4TP   | 0.085 |   1.261 |    1.647 | 
     | add_131_40_g1578       | A ^ -> CO ^ | ADHM4TP   | 0.080 |   1.341 |    1.727 | 
     | add_131_40_g1577       | A ^ -> CO ^ | ADHM4TP   | 0.080 |   1.422 |    1.808 | 
     | add_131_40_g1576       | A ^ -> CO ^ | ADHM4TP   | 0.085 |   1.506 |    1.892 | 
     | add_131_40_g1575       | A ^ -> CO ^ | ADHM4TP   | 0.084 |   1.590 |    1.976 | 
     | add_131_40_g1574       | A ^ -> CO ^ | ADHM4TP   | 0.082 |   1.672 |    2.058 | 
     | add_131_40_g1573       | A ^ -> CO ^ | ADHM4TP   | 0.086 |   1.758 |    2.144 | 
     | FE_RC_77_0             | A ^ -> Z v  | ND3M6TP   | 0.046 |   1.804 |    2.190 | 
     | FE_RC_65_0             | B v -> Z ^  | NR2B1M6TP | 0.066 |   1.870 |    2.256 | 
     | add_131_40_g1567       | A ^ -> CO ^ | ADHM4TP   | 0.090 |   1.960 |    2.346 | 
     | add_131_40_g1566       | A ^ -> CO ^ | ADHM4TP   | 0.083 |   2.044 |    2.430 | 
     | add_131_40_g1565       | A ^ -> CO ^ | ADHM4TP   | 0.083 |   2.126 |    2.512 | 
     | add_131_40_g1564       | A ^ -> CO ^ | ADHM4TP   | 0.084 |   2.211 |    2.597 | 
     | add_131_40_g1563       | A ^ -> CO ^ | ADHM4TP   | 0.085 |   2.296 |    2.682 | 
     | add_131_40_g1562       | A ^ -> CO ^ | ADHM4TP   | 0.081 |   2.377 |    2.763 | 
     | add_131_40_g1561       | A ^ -> CO ^ | ADHM4TP   | 0.081 |   2.458 |    2.844 | 
     | add_131_40_g1560       | A ^ -> CO ^ | ADHM4TP   | 0.082 |   2.540 |    2.926 | 
     | add_131_40_g1559       | A ^ -> CO ^ | ADHM4TP   | 0.082 |   2.623 |    3.009 | 
     | add_131_40_g1558       | A ^ -> CO ^ | ADHM4TP   | 0.084 |   2.707 |    3.093 | 
     | add_131_40_g1557       | A ^ -> CO ^ | ADHM4TP   | 0.082 |   2.789 |    3.175 | 
     | add_131_40_g1556       | A ^ -> CO ^ | ADHM4TP   | 0.081 |   2.870 |    3.256 | 
     | add_131_40_g1555       | A ^ -> CO ^ | ADHM4TP   | 0.081 |   2.951 |    3.337 | 
     | add_131_40_g1554       | A ^ -> CO ^ | ADHM4TP   | 0.083 |   3.034 |    3.420 | 
     | add_131_40_g1553       | A ^ -> CO ^ | ADHM4TP   | 0.084 |   3.118 |    3.504 | 
     | add_131_40_g1552       | A ^ -> CO ^ | ADHM4TP   | 0.084 |   3.201 |    3.587 | 
     | add_131_40_g1551       | A ^ -> CO ^ | ADHM4TP   | 0.084 |   3.286 |    3.672 | 
     | add_131_40_g1550       | A ^ -> CO ^ | ADHM4TP   | 0.081 |   3.367 |    3.753 | 
     | add_131_40_g1549       | A ^ -> CO ^ | ADHM4TP   | 0.082 |   3.448 |    3.834 | 
     | add_131_40_g1548       | A ^ -> CO ^ | ADHM4TP   | 0.081 |   3.529 |    3.915 | 
     | add_131_40_g1547       | A ^ -> CO ^ | ADHM4TP   | 0.083 |   3.612 |    3.998 | 
     | add_131_40_g1546       | A ^ -> CO ^ | ADHM4TP   | 0.081 |   3.693 |    4.079 | 
     | add_131_40_g1545       | A ^ -> CO ^ | ADHM4TP   | 0.088 |   3.781 |    4.167 | 
     | add_131_40_g1544       | A ^ -> CO ^ | ADHM4TP   | 0.086 |   3.867 |    4.253 | 
     | add_131_40_g1543       | A ^ -> CO ^ | ADHM4TP   | 0.084 |   3.951 |    4.337 | 
     | add_131_40_g1542       | A ^ -> CO ^ | ADHM4TP   | 0.082 |   4.033 |    4.419 | 
     | add_131_40_g1541       | A ^ -> CO ^ | ADHM4TP   | 0.082 |   4.115 |    4.501 | 
     | add_131_40_g1540       | A ^ -> CO ^ | ADHM4TP   | 0.083 |   4.198 |    4.584 | 
     | add_131_40_g1539       | A ^ -> CO ^ | ADHM4TP   | 0.081 |   4.279 |    4.665 | 
     | add_131_40_g1538       | A ^ -> CO ^ | ADHM4TP   | 0.081 |   4.359 |    4.745 | 
     | add_131_40_g1537       | A ^ -> CO ^ | ADHM4TP   | 0.081 |   4.440 |    4.826 | 
     | add_131_40_g1536       | A ^ -> CO ^ | ADHM4TP   | 0.084 |   4.525 |    4.911 | 
     | FE_RC_34_0             | A ^ -> Z v  | INVM2TP   | 0.044 |   4.569 |    4.955 | 
     | FE_RC_28_0             | B v -> Z ^  | NR2B1M6TP | 0.048 |   4.617 |    5.003 | 
     | add_131_40_g1532       | A ^ -> CO ^ | ADHM8TP   | 0.106 |   4.724 |    5.110 | 
     | add_131_40_g1531       | A ^ -> CO ^ | ADHM4TP   | 0.097 |   4.821 |    5.207 | 
     | add_131_40_g1530       | A ^ -> CO ^ | ADHM4TP   | 0.082 |   4.903 |    5.289 | 
     | add_131_40_g1529       | A ^ -> CO ^ | ADHM4TP   | 0.083 |   4.986 |    5.372 | 
     | add_131_40_g1528       | A ^ -> CO ^ | ADHM4TP   | 0.086 |   5.073 |    5.459 | 
     | add_131_40_g1527       | A ^ -> CO ^ | ADHM4TP   | 0.082 |   5.155 |    5.541 | 
     | add_131_40_g1526       | A ^ -> CO ^ | ADHM4TP   | 0.081 |   5.236 |    5.622 | 
     | add_131_40_g1525       | A ^ -> CO ^ | ADHM4TP   | 0.080 |   5.316 |    5.702 | 
     | add_131_40_g1524       | A ^ -> CO ^ | ADHM4TP   | 0.082 |   5.398 |    5.784 | 
     | add_131_40_g1523       | A ^ -> CO ^ | ADHM4TP   | 0.084 |   5.482 |    5.868 | 
     | add_131_40_g1522       | A ^ -> CO ^ | ADHM4TP   | 0.082 |   5.564 |    5.950 | 
     | add_131_40_g1521       | A ^ -> CO ^ | ADHM4TP   | 0.083 |   5.647 |    6.033 | 
     | add_131_40_g1520       | A ^ -> CO ^ | ADHM4TP   | 0.081 |   5.727 |    6.113 | 
     | add_131_40_g1519       | A ^ -> CO ^ | ADHM4TP   | 0.081 |   5.808 |    6.194 | 
     | add_131_40_g1518       | A ^ -> CO ^ | ADHM4TP   | 0.097 |   5.905 |    6.291 | 
     | FE_RC_9_0              | A ^ -> Z v  | INVM3TP   | 0.038 |   5.943 |    6.329 | 
     | FE_RC_8_0              | B v -> Z ^  | NR2B1M6TP | 0.051 |   5.995 |    6.380 | 
     | add_131_40_g1515       | A ^ -> CO ^ | ADHM4TP   | 0.087 |   6.082 |    6.467 | 
     | add_131_40_g1514       | A ^ -> CO ^ | ADHM4TP   | 0.083 |   6.165 |    6.551 | 
     | add_131_40_g1513       | A ^ -> CO ^ | ADHM4TP   | 0.084 |   6.248 |    6.634 | 
     | add_131_40_g1512       | A ^ -> CO ^ | ADHM4TP   | 0.083 |   6.331 |    6.717 | 
     | add_131_40_g1511       | A ^ -> CO ^ | ADHM4TP   | 0.081 |   6.412 |    6.798 | 
     | add_131_40_g1510       | A ^ -> CO ^ | ADHM4TP   | 0.081 |   6.493 |    6.879 | 
     | add_131_40_g1509       | A ^ -> CO ^ | ADHM4TP   | 0.082 |   6.575 |    6.961 | 
     | add_131_40_g1508       | A ^ -> CO ^ | ADHM4TP   | 0.087 |   6.662 |    7.047 | 
     | add_131_40_g1507       | A ^ -> CO ^ | ADHM4TP   | 0.084 |   6.746 |    7.131 | 
     | add_131_40_g1506       | A ^ -> CO ^ | ADHM4TP   | 0.080 |   6.826 |    7.212 | 
     | add_131_40_g1505       | A ^ -> CO ^ | ADHM4TP   | 0.080 |   6.906 |    7.292 | 
     | add_131_40_g1504       | A ^ -> CO ^ | ADHM4TP   | 0.080 |   6.986 |    7.372 | 
     | add_131_40_g1503       | A ^ -> CO ^ | ADHM4TP   | 0.081 |   7.067 |    7.453 | 
     | add_131_40_g1502       | A ^ -> CO ^ | ADHM4TP   | 0.081 |   7.147 |    7.533 | 
     | add_131_40_g1501       | A ^ -> CO ^ | ADHM4TP   | 0.079 |   7.227 |    7.613 | 
     | add_131_40_g1500       | A ^ -> CO ^ | ADHM4TP   | 0.083 |   7.310 |    7.696 | 
     | add_131_40_g1499       | A ^ -> CO ^ | ADHM4TP   | 0.083 |   7.393 |    7.779 | 
     | add_131_40_g1498       | A ^ -> CO ^ | ADHM4TP   | 0.081 |   7.474 |    7.860 | 
     | add_131_40_g1497       | A ^ -> CO ^ | ADHM4TP   | 0.081 |   7.555 |    7.941 | 
     | add_131_40_g1496       | A ^ -> CO ^ | ADHM4TP   | 0.080 |   7.634 |    8.020 | 
     | add_131_40_g1495       | A ^ -> CO ^ | ADHM4TP   | 0.081 |   7.716 |    8.102 | 
     | add_131_40_g1494       | A ^ -> CO ^ | ADHM4TP   | 0.085 |   7.800 |    8.186 | 
     | add_131_40_g1493       | A ^ -> CO ^ | ADHM4TP   | 0.083 |   7.883 |    8.269 | 
     | add_131_40_g1492       | A ^ -> CO ^ | ADHM4TP   | 0.082 |   7.966 |    8.351 | 
     | add_131_40_g1491       | A ^ -> CO ^ | ADHM4TP   | 0.082 |   8.047 |    8.433 | 
     | add_131_40_g1490       | A ^ -> CO ^ | ADHM4TP   | 0.082 |   8.129 |    8.515 | 
     | add_131_40_g1489       | A ^ -> CO ^ | ADHM4TP   | 0.085 |   8.214 |    8.600 | 
     | add_131_40_g1488       | A ^ -> CO ^ | ADHM4TP   | 0.085 |   8.299 |    8.685 | 
     | add_131_40_g1487       | A ^ -> CO ^ | ADHM4TP   | 0.085 |   8.384 |    8.769 | 
     | add_131_40_g1486       | A ^ -> CO ^ | ADHM4TP   | 0.081 |   8.465 |    8.851 | 
     | add_131_40_g1485       | A ^ -> CO ^ | ADHM4TP   | 0.079 |   8.544 |    8.930 | 
     | add_131_40_g1484       | A ^ -> CO ^ | ADHM4TP   | 0.080 |   8.623 |    9.009 | 
     | add_131_40_g1483       | A ^ -> CO ^ | ADHM4TP   | 0.080 |   8.703 |    9.089 | 
     | add_131_40_g1482       | A ^ -> CO ^ | ADHM4TP   | 0.090 |   8.793 |    9.179 | 
     | FE_RC_49_0             | A ^ -> Z v  | INVM2TP   | 0.036 |   8.829 |    9.215 | 
     | FE_RC_48_0             | B v -> Z ^  | NR2B1M4TP | 0.060 |   8.889 |    9.275 | 
     | add_131_40_g1478       | A ^ -> CO ^ | ADHM4TP   | 0.093 |   8.982 |    9.368 | 
     | add_131_40_g1477       | A ^ -> CO ^ | ADHM4TP   | 0.082 |   9.064 |    9.450 | 
     | add_131_40_g1476       | A ^ -> CO ^ | ADHM4TP   | 0.085 |   9.149 |    9.535 | 
     | add_131_40_g1475       | A ^ -> CO ^ | ADHM4TP   | 0.082 |   9.231 |    9.617 | 
     | add_131_40_g1474       | A ^ -> CO ^ | ADHM4TP   | 0.077 |   9.308 |    9.694 | 
     | add_131_40_g1473       | A ^ -> S v  | ADHM2TP   | 0.137 |   9.445 |    9.831 | 
     | g76757                 | A2 v -> Z v | AO22M2TP  | 0.151 |   9.596 |    9.982 | 
     | nonce_counter_reg[122] | D v         | DFQRM1TP  | 0.000 |   9.596 |    9.982 | 
     +-------------------------------------------------------------------------------+ 
Path 7: MET Setup Check with Pin nonce_counter_reg[121]/CK 
Endpoint:   nonce_counter_reg[121]/D (v) checked with  leading edge of 'clk'
Beginpoint: nonce_counter_reg[5]/Q   (^) triggered by  leading edge of 'clk'
Path Groups: {clk}
Analysis View: av_setup
Other End Arrival Time          0.000
- Setup                         0.018
+ Phase Shift                  10.000
= Required Time                 9.982
- Arrival Time                  9.501
= Slack Time                    0.481
     Clock Rise Edge                 0.000
     + Clock Network Latency (Ideal) 0.000
     = Beginpoint Arrival Time       0.000
     +-------------------------------------------------------------------------------+ 
     |        Instance        |     Arc     |   Cell    | Delay | Arrival | Required | 
     |                        |             |           |       |  Time   |   Time   | 
     |------------------------+-------------+-----------+-------+---------+----------| 
     | nonce_counter_reg[5]   | CK ^        |           |       |   0.000 |    0.481 | 
     | nonce_counter_reg[5]   | CK ^ -> Q ^ | DFQRM4TP  | 0.231 |   0.231 |    0.712 | 
     | add_131_40_g1591       | B ^ -> Z ^  | AN2M4TP   | 0.105 |   0.336 |    0.817 | 
     | add_131_40_g1589       | A ^ -> CO ^ | ADHM4TP   | 0.084 |   0.421 |    0.901 | 
     | add_131_40_g1588       | A ^ -> CO ^ | ADHM4TP   | 0.083 |   0.504 |    0.984 | 
     | add_131_40_g1587       | A ^ -> CO ^ | ADHM4TP   | 0.086 |   0.589 |    1.070 | 
     | add_131_40_g1586       | A ^ -> CO ^ | ADHM4TP   | 0.083 |   0.673 |    1.153 | 
     | add_131_40_g1585       | A ^ -> CO ^ | ADHM4TP   | 0.080 |   0.752 |    1.233 | 
     | add_131_40_g1584       | A ^ -> CO ^ | ADHM4TP   | 0.089 |   0.842 |    1.322 | 
     | add_131_40_g1583       | A ^ -> CO ^ | ADHM4TP   | 0.087 |   0.928 |    1.409 | 
     | add_131_40_g1582       | A ^ -> CO ^ | ADHM4TP   | 0.080 |   1.008 |    1.489 | 
     | add_131_40_g1581       | A ^ -> CO ^ | ADHM4TP   | 0.079 |   1.088 |    1.568 | 
     | add_131_40_g1580       | A ^ -> CO ^ | ADHM4TP   | 0.089 |   1.176 |    1.657 | 
     | add_131_40_g1579       | A ^ -> CO ^ | ADHM4TP   | 0.085 |   1.261 |    1.742 | 
     | add_131_40_g1578       | A ^ -> CO ^ | ADHM4TP   | 0.080 |   1.341 |    1.822 | 
     | add_131_40_g1577       | A ^ -> CO ^ | ADHM4TP   | 0.080 |   1.422 |    1.902 | 
     | add_131_40_g1576       | A ^ -> CO ^ | ADHM4TP   | 0.085 |   1.506 |    1.987 | 
     | add_131_40_g1575       | A ^ -> CO ^ | ADHM4TP   | 0.084 |   1.590 |    2.071 | 
     | add_131_40_g1574       | A ^ -> CO ^ | ADHM4TP   | 0.082 |   1.672 |    2.153 | 
     | add_131_40_g1573       | A ^ -> CO ^ | ADHM4TP   | 0.086 |   1.758 |    2.238 | 
     | FE_RC_77_0             | A ^ -> Z v  | ND3M6TP   | 0.046 |   1.804 |    2.284 | 
     | FE_RC_65_0             | B v -> Z ^  | NR2B1M6TP | 0.066 |   1.870 |    2.351 | 
     | add_131_40_g1567       | A ^ -> CO ^ | ADHM4TP   | 0.090 |   1.961 |    2.441 | 
     | add_131_40_g1566       | A ^ -> CO ^ | ADHM4TP   | 0.083 |   2.044 |    2.524 | 
     | add_131_40_g1565       | A ^ -> CO ^ | ADHM4TP   | 0.083 |   2.126 |    2.607 | 
     | add_131_40_g1564       | A ^ -> CO ^ | ADHM4TP   | 0.084 |   2.211 |    2.691 | 
     | add_131_40_g1563       | A ^ -> CO ^ | ADHM4TP   | 0.085 |   2.296 |    2.776 | 
     | add_131_40_g1562       | A ^ -> CO ^ | ADHM4TP   | 0.081 |   2.377 |    2.858 | 
     | add_131_40_g1561       | A ^ -> CO ^ | ADHM4TP   | 0.081 |   2.458 |    2.939 | 
     | add_131_40_g1560       | A ^ -> CO ^ | ADHM4TP   | 0.082 |   2.541 |    3.021 | 
     | add_131_40_g1559       | A ^ -> CO ^ | ADHM4TP   | 0.082 |   2.623 |    3.103 | 
     | add_131_40_g1558       | A ^ -> CO ^ | ADHM4TP   | 0.084 |   2.707 |    3.187 | 
     | add_131_40_g1557       | A ^ -> CO ^ | ADHM4TP   | 0.082 |   2.789 |    3.270 | 
     | add_131_40_g1556       | A ^ -> CO ^ | ADHM4TP   | 0.081 |   2.870 |    3.351 | 
     | add_131_40_g1555       | A ^ -> CO ^ | ADHM4TP   | 0.081 |   2.951 |    3.432 | 
     | add_131_40_g1554       | A ^ -> CO ^ | ADHM4TP   | 0.083 |   3.034 |    3.514 | 
     | add_131_40_g1553       | A ^ -> CO ^ | ADHM4TP   | 0.084 |   3.118 |    3.598 | 
     | add_131_40_g1552       | A ^ -> CO ^ | ADHM4TP   | 0.084 |   3.201 |    3.682 | 
     | add_131_40_g1551       | A ^ -> CO ^ | ADHM4TP   | 0.084 |   3.286 |    3.766 | 
     | add_131_40_g1550       | A ^ -> CO ^ | ADHM4TP   | 0.081 |   3.367 |    3.847 | 
     | add_131_40_g1549       | A ^ -> CO ^ | ADHM4TP   | 0.082 |   3.448 |    3.929 | 
     | add_131_40_g1548       | A ^ -> CO ^ | ADHM4TP   | 0.081 |   3.529 |    4.010 | 
     | add_131_40_g1547       | A ^ -> CO ^ | ADHM4TP   | 0.083 |   3.612 |    4.093 | 
     | add_131_40_g1546       | A ^ -> CO ^ | ADHM4TP   | 0.081 |   3.693 |    4.174 | 
     | add_131_40_g1545       | A ^ -> CO ^ | ADHM4TP   | 0.088 |   3.781 |    4.262 | 
     | add_131_40_g1544       | A ^ -> CO ^ | ADHM4TP   | 0.086 |   3.867 |    4.347 | 
     | add_131_40_g1543       | A ^ -> CO ^ | ADHM4TP   | 0.084 |   3.951 |    4.432 | 
     | add_131_40_g1542       | A ^ -> CO ^ | ADHM4TP   | 0.082 |   4.033 |    4.513 | 
     | add_131_40_g1541       | A ^ -> CO ^ | ADHM4TP   | 0.082 |   4.115 |    4.595 | 
     | add_131_40_g1540       | A ^ -> CO ^ | ADHM4TP   | 0.083 |   4.198 |    4.678 | 
     | add_131_40_g1539       | A ^ -> CO ^ | ADHM4TP   | 0.081 |   4.279 |    4.759 | 
     | add_131_40_g1538       | A ^ -> CO ^ | ADHM4TP   | 0.081 |   4.359 |    4.840 | 
     | add_131_40_g1537       | A ^ -> CO ^ | ADHM4TP   | 0.081 |   4.440 |    4.921 | 
     | add_131_40_g1536       | A ^ -> CO ^ | ADHM4TP   | 0.084 |   4.525 |    5.005 | 
     | FE_RC_34_0             | A ^ -> Z v  | INVM2TP   | 0.044 |   4.569 |    5.050 | 
     | FE_RC_28_0             | B v -> Z ^  | NR2B1M6TP | 0.048 |   4.617 |    5.098 | 
     | add_131_40_g1532       | A ^ -> CO ^ | ADHM8TP   | 0.106 |   4.724 |    5.204 | 
     | add_131_40_g1531       | A ^ -> CO ^ | ADHM4TP   | 0.097 |   4.821 |    5.302 | 
     | add_131_40_g1530       | A ^ -> CO ^ | ADHM4TP   | 0.082 |   4.903 |    5.384 | 
     | add_131_40_g1529       | A ^ -> CO ^ | ADHM4TP   | 0.083 |   4.986 |    5.467 | 
     | add_131_40_g1528       | A ^ -> CO ^ | ADHM4TP   | 0.086 |   5.073 |    5.553 | 
     | add_131_40_g1527       | A ^ -> CO ^ | ADHM4TP   | 0.082 |   5.155 |    5.636 | 
     | add_131_40_g1526       | A ^ -> CO ^ | ADHM4TP   | 0.081 |   5.236 |    5.716 | 
     | add_131_40_g1525       | A ^ -> CO ^ | ADHM4TP   | 0.080 |   5.316 |    5.797 | 
     | add_131_40_g1524       | A ^ -> CO ^ | ADHM4TP   | 0.082 |   5.398 |    5.879 | 
     | add_131_40_g1523       | A ^ -> CO ^ | ADHM4TP   | 0.084 |   5.482 |    5.963 | 
     | add_131_40_g1522       | A ^ -> CO ^ | ADHM4TP   | 0.082 |   5.564 |    6.044 | 
     | add_131_40_g1521       | A ^ -> CO ^ | ADHM4TP   | 0.083 |   5.647 |    6.127 | 
     | add_131_40_g1520       | A ^ -> CO ^ | ADHM4TP   | 0.081 |   5.727 |    6.208 | 
     | add_131_40_g1519       | A ^ -> CO ^ | ADHM4TP   | 0.081 |   5.808 |    6.289 | 
     | add_131_40_g1518       | A ^ -> CO ^ | ADHM4TP   | 0.097 |   5.905 |    6.386 | 
     | FE_RC_9_0              | A ^ -> Z v  | INVM3TP   | 0.038 |   5.943 |    6.424 | 
     | FE_RC_8_0              | B v -> Z ^  | NR2B1M6TP | 0.051 |   5.995 |    6.475 | 
     | add_131_40_g1515       | A ^ -> CO ^ | ADHM4TP   | 0.087 |   6.082 |    6.562 | 
     | add_131_40_g1514       | A ^ -> CO ^ | ADHM4TP   | 0.083 |   6.165 |    6.645 | 
     | add_131_40_g1513       | A ^ -> CO ^ | ADHM4TP   | 0.084 |   6.248 |    6.729 | 
     | add_131_40_g1512       | A ^ -> CO ^ | ADHM4TP   | 0.083 |   6.331 |    6.812 | 
     | add_131_40_g1511       | A ^ -> CO ^ | ADHM4TP   | 0.081 |   6.412 |    6.893 | 
     | add_131_40_g1510       | A ^ -> CO ^ | ADHM4TP   | 0.081 |   6.493 |    6.974 | 
     | add_131_40_g1509       | A ^ -> CO ^ | ADHM4TP   | 0.082 |   6.575 |    7.055 | 
     | add_131_40_g1508       | A ^ -> CO ^ | ADHM4TP   | 0.087 |   6.662 |    7.142 | 
     | add_131_40_g1507       | A ^ -> CO ^ | ADHM4TP   | 0.084 |   6.746 |    7.226 | 
     | add_131_40_g1506       | A ^ -> CO ^ | ADHM4TP   | 0.080 |   6.826 |    7.306 | 
     | add_131_40_g1505       | A ^ -> CO ^ | ADHM4TP   | 0.080 |   6.906 |    7.386 | 
     | add_131_40_g1504       | A ^ -> CO ^ | ADHM4TP   | 0.080 |   6.986 |    7.466 | 
     | add_131_40_g1503       | A ^ -> CO ^ | ADHM4TP   | 0.081 |   7.067 |    7.547 | 
     | add_131_40_g1502       | A ^ -> CO ^ | ADHM4TP   | 0.081 |   7.147 |    7.628 | 
     | add_131_40_g1501       | A ^ -> CO ^ | ADHM4TP   | 0.079 |   7.227 |    7.707 | 
     | add_131_40_g1500       | A ^ -> CO ^ | ADHM4TP   | 0.083 |   7.310 |    7.791 | 
     | add_131_40_g1499       | A ^ -> CO ^ | ADHM4TP   | 0.083 |   7.393 |    7.874 | 
     | add_131_40_g1498       | A ^ -> CO ^ | ADHM4TP   | 0.081 |   7.474 |    7.955 | 
     | add_131_40_g1497       | A ^ -> CO ^ | ADHM4TP   | 0.081 |   7.555 |    8.035 | 
     | add_131_40_g1496       | A ^ -> CO ^ | ADHM4TP   | 0.080 |   7.634 |    8.115 | 
     | add_131_40_g1495       | A ^ -> CO ^ | ADHM4TP   | 0.081 |   7.716 |    8.196 | 
     | add_131_40_g1494       | A ^ -> CO ^ | ADHM4TP   | 0.085 |   7.800 |    8.281 | 
     | add_131_40_g1493       | A ^ -> CO ^ | ADHM4TP   | 0.083 |   7.883 |    8.364 | 
     | add_131_40_g1492       | A ^ -> CO ^ | ADHM4TP   | 0.082 |   7.966 |    8.446 | 
     | add_131_40_g1491       | A ^ -> CO ^ | ADHM4TP   | 0.082 |   8.047 |    8.528 | 
     | add_131_40_g1490       | A ^ -> CO ^ | ADHM4TP   | 0.082 |   8.129 |    8.610 | 
     | add_131_40_g1489       | A ^ -> CO ^ | ADHM4TP   | 0.085 |   8.214 |    8.694 | 
     | add_131_40_g1488       | A ^ -> CO ^ | ADHM4TP   | 0.085 |   8.299 |    8.779 | 
     | add_131_40_g1487       | A ^ -> CO ^ | ADHM4TP   | 0.085 |   8.384 |    8.864 | 
     | add_131_40_g1486       | A ^ -> CO ^ | ADHM4TP   | 0.081 |   8.465 |    8.945 | 
     | add_131_40_g1485       | A ^ -> CO ^ | ADHM4TP   | 0.079 |   8.544 |    9.024 | 
     | add_131_40_g1484       | A ^ -> CO ^ | ADHM4TP   | 0.080 |   8.623 |    9.104 | 
     | add_131_40_g1483       | A ^ -> CO ^ | ADHM4TP   | 0.080 |   8.703 |    9.184 | 
     | add_131_40_g1482       | A ^ -> CO ^ | ADHM4TP   | 0.090 |   8.793 |    9.274 | 
     | FE_RC_49_0             | A ^ -> Z v  | INVM2TP   | 0.036 |   8.829 |    9.310 | 
     | FE_RC_48_0             | B v -> Z ^  | NR2B1M4TP | 0.060 |   8.889 |    9.370 | 
     | add_131_40_g1478       | A ^ -> CO ^ | ADHM4TP   | 0.093 |   8.982 |    9.463 | 
     | add_131_40_g1477       | A ^ -> CO ^ | ADHM4TP   | 0.082 |   9.064 |    9.545 | 
     | add_131_40_g1476       | A ^ -> CO ^ | ADHM4TP   | 0.085 |   9.149 |    9.630 | 
     | add_131_40_g1475       | A ^ -> CO ^ | ADHM4TP   | 0.082 |   9.231 |    9.712 | 
     | add_131_40_g1474       | A ^ -> S v  | ADHM4TP   | 0.122 |   9.353 |    9.833 | 
     | g76756                 | A2 v -> Z v | AO22M2TP  | 0.149 |   9.501 |    9.982 | 
     | nonce_counter_reg[121] | D v         | DFQRM1TP  | 0.000 |   9.501 |    9.982 | 
     +-------------------------------------------------------------------------------+ 
Path 8: MET Setup Check with Pin nonce_counter_reg[120]/CK 
Endpoint:   nonce_counter_reg[120]/D (v) checked with  leading edge of 'clk'
Beginpoint: nonce_counter_reg[5]/Q   (^) triggered by  leading edge of 'clk'
Path Groups: {clk}
Analysis View: av_setup
Other End Arrival Time          0.000
- Setup                         0.017
+ Phase Shift                  10.000
= Required Time                 9.983
- Arrival Time                  9.385
= Slack Time                    0.598
     Clock Rise Edge                 0.000
     + Clock Network Latency (Ideal) 0.000
     = Beginpoint Arrival Time       0.000
     +-------------------------------------------------------------------------------+ 
     |        Instance        |     Arc     |   Cell    | Delay | Arrival | Required | 
     |                        |             |           |       |  Time   |   Time   | 
     |------------------------+-------------+-----------+-------+---------+----------| 
     | nonce_counter_reg[5]   | CK ^        |           |       |   0.000 |    0.598 | 
     | nonce_counter_reg[5]   | CK ^ -> Q ^ | DFQRM4TP  | 0.231 |   0.231 |    0.830 | 
     | add_131_40_g1591       | B ^ -> Z ^  | AN2M4TP   | 0.105 |   0.336 |    0.934 | 
     | add_131_40_g1589       | A ^ -> CO ^ | ADHM4TP   | 0.084 |   0.421 |    1.019 | 
     | add_131_40_g1588       | A ^ -> CO ^ | ADHM4TP   | 0.083 |   0.504 |    1.102 | 
     | add_131_40_g1587       | A ^ -> CO ^ | ADHM4TP   | 0.086 |   0.589 |    1.188 | 
     | add_131_40_g1586       | A ^ -> CO ^ | ADHM4TP   | 0.083 |   0.673 |    1.271 | 
     | add_131_40_g1585       | A ^ -> CO ^ | ADHM4TP   | 0.080 |   0.752 |    1.351 | 
     | add_131_40_g1584       | A ^ -> CO ^ | ADHM4TP   | 0.089 |   0.842 |    1.440 | 
     | add_131_40_g1583       | A ^ -> CO ^ | ADHM4TP   | 0.087 |   0.928 |    1.527 | 
     | add_131_40_g1582       | A ^ -> CO ^ | ADHM4TP   | 0.080 |   1.008 |    1.607 | 
     | add_131_40_g1581       | A ^ -> CO ^ | ADHM4TP   | 0.079 |   1.088 |    1.686 | 
     | add_131_40_g1580       | A ^ -> CO ^ | ADHM4TP   | 0.089 |   1.176 |    1.775 | 
     | add_131_40_g1579       | A ^ -> CO ^ | ADHM4TP   | 0.085 |   1.261 |    1.860 | 
     | add_131_40_g1578       | A ^ -> CO ^ | ADHM4TP   | 0.080 |   1.341 |    1.940 | 
     | add_131_40_g1577       | A ^ -> CO ^ | ADHM4TP   | 0.080 |   1.422 |    2.020 | 
     | add_131_40_g1576       | A ^ -> CO ^ | ADHM4TP   | 0.085 |   1.506 |    2.105 | 
     | add_131_40_g1575       | A ^ -> CO ^ | ADHM4TP   | 0.084 |   1.590 |    2.188 | 
     | add_131_40_g1574       | A ^ -> CO ^ | ADHM4TP   | 0.082 |   1.672 |    2.270 | 
     | add_131_40_g1573       | A ^ -> CO ^ | ADHM4TP   | 0.086 |   1.758 |    2.356 | 
     | FE_RC_77_0             | A ^ -> Z v  | ND3M6TP   | 0.046 |   1.804 |    2.402 | 
     | FE_RC_65_0             | B v -> Z ^  | NR2B1M6TP | 0.066 |   1.870 |    2.468 | 
     | add_131_40_g1567       | A ^ -> CO ^ | ADHM4TP   | 0.090 |   1.960 |    2.559 | 
     | add_131_40_g1566       | A ^ -> CO ^ | ADHM4TP   | 0.083 |   2.044 |    2.642 | 
     | add_131_40_g1565       | A ^ -> CO ^ | ADHM4TP   | 0.083 |   2.126 |    2.725 | 
     | add_131_40_g1564       | A ^ -> CO ^ | ADHM4TP   | 0.084 |   2.211 |    2.809 | 
     | add_131_40_g1563       | A ^ -> CO ^ | ADHM4TP   | 0.085 |   2.296 |    2.894 | 
     | add_131_40_g1562       | A ^ -> CO ^ | ADHM4TP   | 0.081 |   2.377 |    2.975 | 
     | add_131_40_g1561       | A ^ -> CO ^ | ADHM4TP   | 0.081 |   2.458 |    3.057 | 
     | add_131_40_g1560       | A ^ -> CO ^ | ADHM4TP   | 0.082 |   2.540 |    3.139 | 
     | add_131_40_g1559       | A ^ -> CO ^ | ADHM4TP   | 0.082 |   2.623 |    3.221 | 
     | add_131_40_g1558       | A ^ -> CO ^ | ADHM4TP   | 0.084 |   2.707 |    3.305 | 
     | add_131_40_g1557       | A ^ -> CO ^ | ADHM4TP   | 0.082 |   2.789 |    3.387 | 
     | add_131_40_g1556       | A ^ -> CO ^ | ADHM4TP   | 0.081 |   2.870 |    3.469 | 
     | add_131_40_g1555       | A ^ -> CO ^ | ADHM4TP   | 0.081 |   2.951 |    3.549 | 
     | add_131_40_g1554       | A ^ -> CO ^ | ADHM4TP   | 0.083 |   3.034 |    3.632 | 
     | add_131_40_g1553       | A ^ -> CO ^ | ADHM4TP   | 0.084 |   3.118 |    3.716 | 
     | add_131_40_g1552       | A ^ -> CO ^ | ADHM4TP   | 0.084 |   3.201 |    3.800 | 
     | add_131_40_g1551       | A ^ -> CO ^ | ADHM4TP   | 0.084 |   3.286 |    3.884 | 
     | add_131_40_g1550       | A ^ -> CO ^ | ADHM4TP   | 0.081 |   3.367 |    3.965 | 
     | add_131_40_g1549       | A ^ -> CO ^ | ADHM4TP   | 0.082 |   3.448 |    4.047 | 
     | add_131_40_g1548       | A ^ -> CO ^ | ADHM4TP   | 0.081 |   3.529 |    4.128 | 
     | add_131_40_g1547       | A ^ -> CO ^ | ADHM4TP   | 0.083 |   3.612 |    4.211 | 
     | add_131_40_g1546       | A ^ -> CO ^ | ADHM4TP   | 0.081 |   3.693 |    4.292 | 
     | add_131_40_g1545       | A ^ -> CO ^ | ADHM4TP   | 0.088 |   3.781 |    4.379 | 
     | add_131_40_g1544       | A ^ -> CO ^ | ADHM4TP   | 0.086 |   3.867 |    4.465 | 
     | add_131_40_g1543       | A ^ -> CO ^ | ADHM4TP   | 0.084 |   3.951 |    4.549 | 
     | add_131_40_g1542       | A ^ -> CO ^ | ADHM4TP   | 0.082 |   4.033 |    4.631 | 
     | add_131_40_g1541       | A ^ -> CO ^ | ADHM4TP   | 0.082 |   4.115 |    4.713 | 
     | add_131_40_g1540       | A ^ -> CO ^ | ADHM4TP   | 0.083 |   4.198 |    4.796 | 
     | add_131_40_g1539       | A ^ -> CO ^ | ADHM4TP   | 0.081 |   4.279 |    4.877 | 
     | add_131_40_g1538       | A ^ -> CO ^ | ADHM4TP   | 0.081 |   4.359 |    4.957 | 
     | add_131_40_g1537       | A ^ -> CO ^ | ADHM4TP   | 0.081 |   4.440 |    5.039 | 
     | add_131_40_g1536       | A ^ -> CO ^ | ADHM4TP   | 0.084 |   4.525 |    5.123 | 
     | FE_RC_34_0             | A ^ -> Z v  | INVM2TP   | 0.044 |   4.569 |    5.167 | 
     | FE_RC_28_0             | B v -> Z ^  | NR2B1M6TP | 0.048 |   4.617 |    5.216 | 
     | add_131_40_g1532       | A ^ -> CO ^ | ADHM8TP   | 0.106 |   4.724 |    5.322 | 
     | add_131_40_g1531       | A ^ -> CO ^ | ADHM4TP   | 0.097 |   4.821 |    5.419 | 
     | add_131_40_g1530       | A ^ -> CO ^ | ADHM4TP   | 0.082 |   4.903 |    5.501 | 
     | add_131_40_g1529       | A ^ -> CO ^ | ADHM4TP   | 0.083 |   4.986 |    5.585 | 
     | add_131_40_g1528       | A ^ -> CO ^ | ADHM4TP   | 0.086 |   5.073 |    5.671 | 
     | add_131_40_g1527       | A ^ -> CO ^ | ADHM4TP   | 0.082 |   5.155 |    5.753 | 
     | add_131_40_g1526       | A ^ -> CO ^ | ADHM4TP   | 0.081 |   5.236 |    5.834 | 
     | add_131_40_g1525       | A ^ -> CO ^ | ADHM4TP   | 0.080 |   5.316 |    5.914 | 
     | add_131_40_g1524       | A ^ -> CO ^ | ADHM4TP   | 0.082 |   5.398 |    5.996 | 
     | add_131_40_g1523       | A ^ -> CO ^ | ADHM4TP   | 0.084 |   5.482 |    6.080 | 
     | add_131_40_g1522       | A ^ -> CO ^ | ADHM4TP   | 0.082 |   5.564 |    6.162 | 
     | add_131_40_g1521       | A ^ -> CO ^ | ADHM4TP   | 0.083 |   5.647 |    6.245 | 
     | add_131_40_g1520       | A ^ -> CO ^ | ADHM4TP   | 0.081 |   5.727 |    6.326 | 
     | add_131_40_g1519       | A ^ -> CO ^ | ADHM4TP   | 0.081 |   5.808 |    6.406 | 
     | add_131_40_g1518       | A ^ -> CO ^ | ADHM4TP   | 0.097 |   5.905 |    6.504 | 
     | FE_RC_9_0              | A ^ -> Z v  | INVM3TP   | 0.038 |   5.943 |    6.542 | 
     | FE_RC_8_0              | B v -> Z ^  | NR2B1M6TP | 0.051 |   5.995 |    6.593 | 
     | add_131_40_g1515       | A ^ -> CO ^ | ADHM4TP   | 0.087 |   6.082 |    6.680 | 
     | add_131_40_g1514       | A ^ -> CO ^ | ADHM4TP   | 0.083 |   6.165 |    6.763 | 
     | add_131_40_g1513       | A ^ -> CO ^ | ADHM4TP   | 0.084 |   6.248 |    6.847 | 
     | add_131_40_g1512       | A ^ -> CO ^ | ADHM4TP   | 0.083 |   6.331 |    6.930 | 
     | add_131_40_g1511       | A ^ -> CO ^ | ADHM4TP   | 0.081 |   6.412 |    7.011 | 
     | add_131_40_g1510       | A ^ -> CO ^ | ADHM4TP   | 0.081 |   6.493 |    7.092 | 
     | add_131_40_g1509       | A ^ -> CO ^ | ADHM4TP   | 0.082 |   6.575 |    7.173 | 
     | add_131_40_g1508       | A ^ -> CO ^ | ADHM4TP   | 0.087 |   6.662 |    7.260 | 
     | add_131_40_g1507       | A ^ -> CO ^ | ADHM4TP   | 0.084 |   6.746 |    7.344 | 
     | add_131_40_g1506       | A ^ -> CO ^ | ADHM4TP   | 0.080 |   6.826 |    7.424 | 
     | add_131_40_g1505       | A ^ -> CO ^ | ADHM4TP   | 0.080 |   6.906 |    7.504 | 
     | add_131_40_g1504       | A ^ -> CO ^ | ADHM4TP   | 0.080 |   6.986 |    7.584 | 
     | add_131_40_g1503       | A ^ -> CO ^ | ADHM4TP   | 0.081 |   7.067 |    7.665 | 
     | add_131_40_g1502       | A ^ -> CO ^ | ADHM4TP   | 0.081 |   7.147 |    7.746 | 
     | add_131_40_g1501       | A ^ -> CO ^ | ADHM4TP   | 0.079 |   7.227 |    7.825 | 
     | add_131_40_g1500       | A ^ -> CO ^ | ADHM4TP   | 0.083 |   7.310 |    7.909 | 
     | add_131_40_g1499       | A ^ -> CO ^ | ADHM4TP   | 0.083 |   7.393 |    7.992 | 
     | add_131_40_g1498       | A ^ -> CO ^ | ADHM4TP   | 0.081 |   7.474 |    8.073 | 
     | add_131_40_g1497       | A ^ -> CO ^ | ADHM4TP   | 0.081 |   7.555 |    8.153 | 
     | add_131_40_g1496       | A ^ -> CO ^ | ADHM4TP   | 0.080 |   7.634 |    8.233 | 
     | add_131_40_g1495       | A ^ -> CO ^ | ADHM4TP   | 0.081 |   7.716 |    8.314 | 
     | add_131_40_g1494       | A ^ -> CO ^ | ADHM4TP   | 0.085 |   7.800 |    8.399 | 
     | add_131_40_g1493       | A ^ -> CO ^ | ADHM4TP   | 0.083 |   7.883 |    8.481 | 
     | add_131_40_g1492       | A ^ -> CO ^ | ADHM4TP   | 0.082 |   7.966 |    8.564 | 
     | add_131_40_g1491       | A ^ -> CO ^ | ADHM4TP   | 0.082 |   8.047 |    8.646 | 
     | add_131_40_g1490       | A ^ -> CO ^ | ADHM4TP   | 0.082 |   8.129 |    8.727 | 
     | add_131_40_g1489       | A ^ -> CO ^ | ADHM4TP   | 0.085 |   8.214 |    8.812 | 
     | add_131_40_g1488       | A ^ -> CO ^ | ADHM4TP   | 0.085 |   8.299 |    8.897 | 
     | add_131_40_g1487       | A ^ -> CO ^ | ADHM4TP   | 0.085 |   8.384 |    8.982 | 
     | add_131_40_g1486       | A ^ -> CO ^ | ADHM4TP   | 0.081 |   8.465 |    9.063 | 
     | add_131_40_g1485       | A ^ -> CO ^ | ADHM4TP   | 0.079 |   8.544 |    9.142 | 
     | add_131_40_g1484       | A ^ -> CO ^ | ADHM4TP   | 0.080 |   8.623 |    9.222 | 
     | add_131_40_g1483       | A ^ -> CO ^ | ADHM4TP   | 0.080 |   8.703 |    9.302 | 
     | add_131_40_g1482       | A ^ -> CO ^ | ADHM4TP   | 0.090 |   8.793 |    9.392 | 
     | FE_RC_49_0             | A ^ -> Z v  | INVM2TP   | 0.036 |   8.829 |    9.428 | 
     | FE_RC_48_0             | B v -> Z ^  | NR2B1M4TP | 0.060 |   8.889 |    9.487 | 
     | add_131_40_g1478       | A ^ -> CO ^ | ADHM4TP   | 0.093 |   8.982 |    9.581 | 
     | add_131_40_g1477       | A ^ -> CO ^ | ADHM4TP   | 0.082 |   9.064 |    9.662 | 
     | add_131_40_g1476       | A ^ -> CO ^ | ADHM4TP   | 0.085 |   9.149 |    9.747 | 
     | add_131_40_g1475       | A ^ -> S v  | ADHM4TP   | 0.124 |   9.273 |    9.872 | 
     | FE_RC_0_0              | B1 v -> Z v | AO22M2TP  | 0.111 |   9.385 |    9.983 | 
     | nonce_counter_reg[120] | D v         | DFQRM1TP  | 0.000 |   9.385 |    9.983 | 
     +-------------------------------------------------------------------------------+ 
Path 9: MET Setup Check with Pin nonce_counter_reg[116]/CK 
Endpoint:   nonce_counter_reg[116]/D (^) checked with  leading edge of 'clk'
Beginpoint: nonce_counter_reg[5]/Q   (^) triggered by  leading edge of 'clk'
Path Groups: {clk}
Analysis View: av_setup
Other End Arrival Time          0.000
- Setup                         0.048
+ Phase Shift                  10.000
= Required Time                 9.952
- Arrival Time                  9.354
= Slack Time                    0.599
     Clock Rise Edge                 0.000
     + Clock Network Latency (Ideal) 0.000
     = Beginpoint Arrival Time       0.000
     +------------------------------------------------------------------------------------+ 
     |          Instance          |     Arc     |    Cell    | Delay | Arrival | Required | 
     |                            |             |            |       |  Time   |   Time   | 
     |----------------------------+-------------+------------+-------+---------+----------| 
     | nonce_counter_reg[5]       | CK ^        |            |       |   0.000 |    0.599 | 
     | nonce_counter_reg[5]       | CK ^ -> Q ^ | DFQRM4TP   | 0.231 |   0.231 |    0.830 | 
     | add_131_40_g1591           | B ^ -> Z ^  | AN2M4TP    | 0.105 |   0.336 |    0.935 | 
     | add_131_40_g1589           | A ^ -> CO ^ | ADHM4TP    | 0.084 |   0.421 |    1.019 | 
     | add_131_40_g1588           | A ^ -> CO ^ | ADHM4TP    | 0.083 |   0.504 |    1.103 | 
     | add_131_40_g1587           | A ^ -> CO ^ | ADHM4TP    | 0.086 |   0.589 |    1.188 | 
     | add_131_40_g1586           | A ^ -> CO ^ | ADHM4TP    | 0.083 |   0.673 |    1.271 | 
     | add_131_40_g1585           | A ^ -> CO ^ | ADHM4TP    | 0.080 |   0.752 |    1.351 | 
     | add_131_40_g1584           | A ^ -> CO ^ | ADHM4TP    | 0.089 |   0.842 |    1.440 | 
     | add_131_40_g1583           | A ^ -> CO ^ | ADHM4TP    | 0.087 |   0.928 |    1.527 | 
     | add_131_40_g1582           | A ^ -> CO ^ | ADHM4TP    | 0.080 |   1.008 |    1.607 | 
     | add_131_40_g1581           | A ^ -> CO ^ | ADHM4TP    | 0.079 |   1.088 |    1.687 | 
     | add_131_40_g1580           | A ^ -> CO ^ | ADHM4TP    | 0.089 |   1.176 |    1.775 | 
     | add_131_40_g1579           | A ^ -> CO ^ | ADHM4TP    | 0.085 |   1.261 |    1.860 | 
     | add_131_40_g1578           | A ^ -> CO ^ | ADHM4TP    | 0.080 |   1.341 |    1.940 | 
     | add_131_40_g1577           | A ^ -> CO ^ | ADHM4TP    | 0.080 |   1.422 |    2.020 | 
     | add_131_40_g1576           | A ^ -> CO ^ | ADHM4TP    | 0.085 |   1.506 |    2.105 | 
     | add_131_40_g1575           | A ^ -> CO ^ | ADHM4TP    | 0.084 |   1.590 |    2.189 | 
     | add_131_40_g1574           | A ^ -> CO ^ | ADHM4TP    | 0.082 |   1.672 |    2.271 | 
     | add_131_40_g1573           | A ^ -> CO ^ | ADHM4TP    | 0.086 |   1.758 |    2.357 | 
     | FE_RC_77_0                 | A ^ -> Z v  | ND3M6TP    | 0.046 |   1.804 |    2.403 | 
     | FE_RC_65_0                 | B v -> Z ^  | NR2B1M6TP  | 0.066 |   1.870 |    2.469 | 
     | add_131_40_g1567           | A ^ -> CO ^ | ADHM4TP    | 0.090 |   1.960 |    2.559 | 
     | add_131_40_g1566           | A ^ -> CO ^ | ADHM4TP    | 0.083 |   2.044 |    2.642 | 
     | add_131_40_g1565           | A ^ -> CO ^ | ADHM4TP    | 0.083 |   2.126 |    2.725 | 
     | add_131_40_g1564           | A ^ -> CO ^ | ADHM4TP    | 0.084 |   2.211 |    2.810 | 
     | add_131_40_g1563           | A ^ -> CO ^ | ADHM4TP    | 0.085 |   2.296 |    2.895 | 
     | add_131_40_g1562           | A ^ -> CO ^ | ADHM4TP    | 0.081 |   2.377 |    2.976 | 
     | add_131_40_g1561           | A ^ -> CO ^ | ADHM4TP    | 0.081 |   2.458 |    3.057 | 
     | add_131_40_g1560           | A ^ -> CO ^ | ADHM4TP    | 0.082 |   2.540 |    3.139 | 
     | add_131_40_g1559           | A ^ -> CO ^ | ADHM4TP    | 0.082 |   2.623 |    3.222 | 
     | add_131_40_g1558           | A ^ -> CO ^ | ADHM4TP    | 0.084 |   2.707 |    3.306 | 
     | add_131_40_g1557           | A ^ -> CO ^ | ADHM4TP    | 0.082 |   2.789 |    3.388 | 
     | add_131_40_g1556           | A ^ -> CO ^ | ADHM4TP    | 0.081 |   2.870 |    3.469 | 
     | add_131_40_g1555           | A ^ -> CO ^ | ADHM4TP    | 0.081 |   2.951 |    3.550 | 
     | add_131_40_g1554           | A ^ -> CO ^ | ADHM4TP    | 0.083 |   3.034 |    3.633 | 
     | add_131_40_g1553           | A ^ -> CO ^ | ADHM4TP    | 0.084 |   3.118 |    3.717 | 
     | add_131_40_g1552           | A ^ -> CO ^ | ADHM4TP    | 0.084 |   3.201 |    3.800 | 
     | add_131_40_g1551           | A ^ -> CO ^ | ADHM4TP    | 0.084 |   3.286 |    3.885 | 
     | add_131_40_g1550           | A ^ -> CO ^ | ADHM4TP    | 0.081 |   3.367 |    3.966 | 
     | add_131_40_g1549           | A ^ -> CO ^ | ADHM4TP    | 0.082 |   3.448 |    4.047 | 
     | add_131_40_g1548           | A ^ -> CO ^ | ADHM4TP    | 0.081 |   3.529 |    4.128 | 
     | add_131_40_g1547           | A ^ -> CO ^ | ADHM4TP    | 0.083 |   3.612 |    4.211 | 
     | add_131_40_g1546           | A ^ -> CO ^ | ADHM4TP    | 0.081 |   3.693 |    4.292 | 
     | add_131_40_g1545           | A ^ -> CO ^ | ADHM4TP    | 0.088 |   3.781 |    4.380 | 
     | add_131_40_g1544           | A ^ -> CO ^ | ADHM4TP    | 0.086 |   3.867 |    4.465 | 
     | add_131_40_g1543           | A ^ -> CO ^ | ADHM4TP    | 0.084 |   3.951 |    4.550 | 
     | add_131_40_g1542           | A ^ -> CO ^ | ADHM4TP    | 0.082 |   4.033 |    4.631 | 
     | add_131_40_g1541           | A ^ -> CO ^ | ADHM4TP    | 0.082 |   4.115 |    4.714 | 
     | add_131_40_g1540           | A ^ -> CO ^ | ADHM4TP    | 0.083 |   4.198 |    4.796 | 
     | add_131_40_g1539           | A ^ -> CO ^ | ADHM4TP    | 0.081 |   4.279 |    4.877 | 
     | add_131_40_g1538           | A ^ -> CO ^ | ADHM4TP    | 0.081 |   4.359 |    4.958 | 
     | add_131_40_g1537           | A ^ -> CO ^ | ADHM4TP    | 0.081 |   4.440 |    5.039 | 
     | add_131_40_g1536           | A ^ -> CO ^ | ADHM4TP    | 0.084 |   4.525 |    5.124 | 
     | FE_RC_34_0                 | A ^ -> Z v  | INVM2TP    | 0.044 |   4.569 |    5.168 | 
     | FE_RC_28_0                 | B v -> Z ^  | NR2B1M6TP  | 0.048 |   4.617 |    5.216 | 
     | add_131_40_g1532           | A ^ -> CO ^ | ADHM8TP    | 0.106 |   4.724 |    5.322 | 
     | add_131_40_g1531           | A ^ -> CO ^ | ADHM4TP    | 0.097 |   4.821 |    5.420 | 
     | add_131_40_g1530           | A ^ -> CO ^ | ADHM4TP    | 0.082 |   4.903 |    5.502 | 
     | add_131_40_g1529           | A ^ -> CO ^ | ADHM4TP    | 0.083 |   4.986 |    5.585 | 
     | add_131_40_g1528           | A ^ -> CO ^ | ADHM4TP    | 0.086 |   5.073 |    5.672 | 
     | add_131_40_g1527           | A ^ -> CO ^ | ADHM4TP    | 0.082 |   5.155 |    5.754 | 
     | add_131_40_g1526           | A ^ -> CO ^ | ADHM4TP    | 0.081 |   5.236 |    5.835 | 
     | add_131_40_g1525           | A ^ -> CO ^ | ADHM4TP    | 0.080 |   5.316 |    5.915 | 
     | add_131_40_g1524           | A ^ -> CO ^ | ADHM4TP    | 0.082 |   5.398 |    5.997 | 
     | add_131_40_g1523           | A ^ -> CO ^ | ADHM4TP    | 0.084 |   5.482 |    6.081 | 
     | add_131_40_g1522           | A ^ -> CO ^ | ADHM4TP    | 0.082 |   5.564 |    6.163 | 
     | add_131_40_g1521           | A ^ -> CO ^ | ADHM4TP    | 0.083 |   5.647 |    6.245 | 
     | add_131_40_g1520           | A ^ -> CO ^ | ADHM4TP    | 0.081 |   5.727 |    6.326 | 
     | add_131_40_g1519           | A ^ -> CO ^ | ADHM4TP    | 0.081 |   5.808 |    6.407 | 
     | add_131_40_g1518           | A ^ -> CO ^ | ADHM4TP    | 0.097 |   5.905 |    6.504 | 
     | FE_RC_9_0                  | A ^ -> Z v  | INVM3TP    | 0.038 |   5.943 |    6.542 | 
     | FE_RC_8_0                  | B v -> Z ^  | NR2B1M6TP  | 0.051 |   5.995 |    6.593 | 
     | add_131_40_g1515           | A ^ -> CO ^ | ADHM4TP    | 0.087 |   6.082 |    6.680 | 
     | add_131_40_g1514           | A ^ -> CO ^ | ADHM4TP    | 0.083 |   6.165 |    6.763 | 
     | add_131_40_g1513           | A ^ -> CO ^ | ADHM4TP    | 0.084 |   6.248 |    6.847 | 
     | add_131_40_g1512           | A ^ -> CO ^ | ADHM4TP    | 0.083 |   6.331 |    6.930 | 
     | add_131_40_g1511           | A ^ -> CO ^ | ADHM4TP    | 0.081 |   6.412 |    7.011 | 
     | add_131_40_g1510           | A ^ -> CO ^ | ADHM4TP    | 0.081 |   6.493 |    7.092 | 
     | add_131_40_g1509           | A ^ -> CO ^ | ADHM4TP    | 0.082 |   6.575 |    7.174 | 
     | add_131_40_g1508           | A ^ -> CO ^ | ADHM4TP    | 0.087 |   6.662 |    7.260 | 
     | add_131_40_g1507           | A ^ -> CO ^ | ADHM4TP    | 0.084 |   6.746 |    7.344 | 
     | add_131_40_g1506           | A ^ -> CO ^ | ADHM4TP    | 0.080 |   6.826 |    7.425 | 
     | add_131_40_g1505           | A ^ -> CO ^ | ADHM4TP    | 0.080 |   6.906 |    7.505 | 
     | add_131_40_g1504           | A ^ -> CO ^ | ADHM4TP    | 0.080 |   6.986 |    7.585 | 
     | add_131_40_g1503           | A ^ -> CO ^ | ADHM4TP    | 0.081 |   7.067 |    7.666 | 
     | add_131_40_g1502           | A ^ -> CO ^ | ADHM4TP    | 0.081 |   7.147 |    7.746 | 
     | add_131_40_g1501           | A ^ -> CO ^ | ADHM4TP    | 0.079 |   7.227 |    7.826 | 
     | add_131_40_g1500           | A ^ -> CO ^ | ADHM4TP    | 0.083 |   7.310 |    7.909 | 
     | add_131_40_g1499           | A ^ -> CO ^ | ADHM4TP    | 0.083 |   7.393 |    7.992 | 
     | add_131_40_g1498           | A ^ -> CO ^ | ADHM4TP    | 0.081 |   7.474 |    8.073 | 
     | add_131_40_g1497           | A ^ -> CO ^ | ADHM4TP    | 0.081 |   7.555 |    8.154 | 
     | add_131_40_g1496           | A ^ -> CO ^ | ADHM4TP    | 0.080 |   7.634 |    8.233 | 
     | add_131_40_g1495           | A ^ -> CO ^ | ADHM4TP    | 0.081 |   7.716 |    8.314 | 
     | add_131_40_g1494           | A ^ -> CO ^ | ADHM4TP    | 0.085 |   7.800 |    8.399 | 
     | add_131_40_g1493           | A ^ -> CO ^ | ADHM4TP    | 0.083 |   7.883 |    8.482 | 
     | add_131_40_g1492           | A ^ -> CO ^ | ADHM4TP    | 0.082 |   7.966 |    8.564 | 
     | add_131_40_g1491           | A ^ -> CO ^ | ADHM4TP    | 0.082 |   8.047 |    8.646 | 
     | add_131_40_g1490           | A ^ -> CO ^ | ADHM4TP    | 0.082 |   8.129 |    8.728 | 
     | add_131_40_g1489           | A ^ -> CO ^ | ADHM4TP    | 0.085 |   8.214 |    8.813 | 
     | add_131_40_g1488           | A ^ -> CO ^ | ADHM4TP    | 0.085 |   8.299 |    8.898 | 
     | add_131_40_g1487           | A ^ -> CO ^ | ADHM4TP    | 0.085 |   8.384 |    8.982 | 
     | add_131_40_g1486           | A ^ -> CO ^ | ADHM4TP    | 0.081 |   8.465 |    9.064 | 
     | add_131_40_g1485           | A ^ -> CO ^ | ADHM4TP    | 0.079 |   8.544 |    9.143 | 
     | add_131_40_g1484           | A ^ -> CO ^ | ADHM4TP    | 0.080 |   8.623 |    9.222 | 
     | add_131_40_g1483           | A ^ -> CO ^ | ADHM4TP    | 0.080 |   8.703 |    9.302 | 
     | add_131_40_g1482           | A ^ -> CO ^ | ADHM4TP    | 0.090 |   8.793 |    9.392 | 
     | FE_RC_54_0                 | A ^ -> Z v  | INVM2TP    | 0.030 |   8.824 |    9.422 | 
     | FE_RC_53_0                 | B v -> Z ^  | NR2B1M1TP  | 0.174 |   8.998 |    9.597 | 
     | FE_OFC249_add_131_40_n_219 | A ^ -> Z v  | INVM1TP    | 0.096 |   9.094 |    9.693 | 
     | FE_RC_42_0                 | A2 v -> Z ^ | OAI222M2TP | 0.078 |   9.172 |    9.771 | 
     | g76751                     | A2 ^ -> Z ^ | AO22M1TP   | 0.181 |   9.354 |    9.952 | 
     | nonce_counter_reg[116]     | D ^         | DFQRM1TP   | 0.000 |   9.354 |    9.952 | 
     +------------------------------------------------------------------------------------+ 
Path 10: MET Setup Check with Pin nonce_counter_reg[115]/CK 
Endpoint:   nonce_counter_reg[115]/D (^) checked with  leading edge of 'clk'
Beginpoint: nonce_counter_reg[5]/Q   (^) triggered by  leading edge of 'clk'
Path Groups: {clk}
Analysis View: av_setup
Other End Arrival Time          0.000
- Setup                         0.048
+ Phase Shift                  10.000
= Required Time                 9.952
- Arrival Time                  9.321
= Slack Time                    0.631
     Clock Rise Edge                 0.000
     + Clock Network Latency (Ideal) 0.000
     = Beginpoint Arrival Time       0.000
     +-----------------------------------------------------------------------------------+ 
     |        Instance        |     Arc      |     Cell     | Delay | Arrival | Required | 
     |                        |              |              |       |  Time   |   Time   | 
     |------------------------+--------------+--------------+-------+---------+----------| 
     | nonce_counter_reg[5]   | CK ^         |              |       |   0.000 |    0.631 | 
     | nonce_counter_reg[5]   | CK ^ -> Q ^  | DFQRM4TP     | 0.231 |   0.231 |    0.863 | 
     | add_131_40_g1591       | B ^ -> Z ^   | AN2M4TP      | 0.105 |   0.336 |    0.967 | 
     | add_131_40_g1589       | A ^ -> CO ^  | ADHM4TP      | 0.084 |   0.421 |    1.052 | 
     | add_131_40_g1588       | A ^ -> CO ^  | ADHM4TP      | 0.083 |   0.504 |    1.135 | 
     | add_131_40_g1587       | A ^ -> CO ^  | ADHM4TP      | 0.086 |   0.589 |    1.221 | 
     | add_131_40_g1586       | A ^ -> CO ^  | ADHM4TP      | 0.083 |   0.673 |    1.304 | 
     | add_131_40_g1585       | A ^ -> CO ^  | ADHM4TP      | 0.080 |   0.752 |    1.384 | 
     | add_131_40_g1584       | A ^ -> CO ^  | ADHM4TP      | 0.089 |   0.842 |    1.473 | 
     | add_131_40_g1583       | A ^ -> CO ^  | ADHM4TP      | 0.087 |   0.928 |    1.560 | 
     | add_131_40_g1582       | A ^ -> CO ^  | ADHM4TP      | 0.080 |   1.008 |    1.640 | 
     | add_131_40_g1581       | A ^ -> CO ^  | ADHM4TP      | 0.079 |   1.088 |    1.719 | 
     | add_131_40_g1580       | A ^ -> CO ^  | ADHM4TP      | 0.089 |   1.176 |    1.808 | 
     | add_131_40_g1579       | A ^ -> CO ^  | ADHM4TP      | 0.085 |   1.261 |    1.893 | 
     | add_131_40_g1578       | A ^ -> CO ^  | ADHM4TP      | 0.080 |   1.341 |    1.972 | 
     | add_131_40_g1577       | A ^ -> CO ^  | ADHM4TP      | 0.080 |   1.422 |    2.053 | 
     | add_131_40_g1576       | A ^ -> CO ^  | ADHM4TP      | 0.085 |   1.506 |    2.138 | 
     | add_131_40_g1575       | A ^ -> CO ^  | ADHM4TP      | 0.084 |   1.590 |    2.221 | 
     | add_131_40_g1574       | A ^ -> CO ^  | ADHM4TP      | 0.082 |   1.672 |    2.303 | 
     | add_131_40_g1573       | A ^ -> CO ^  | ADHM4TP      | 0.086 |   1.758 |    2.389 | 
     | FE_RC_77_0             | A ^ -> Z v   | ND3M6TP      | 0.046 |   1.804 |    2.435 | 
     | FE_RC_65_0             | B v -> Z ^   | NR2B1M6TP    | 0.066 |   1.870 |    2.501 | 
     | add_131_40_g1567       | A ^ -> CO ^  | ADHM4TP      | 0.090 |   1.960 |    2.592 | 
     | add_131_40_g1566       | A ^ -> CO ^  | ADHM4TP      | 0.083 |   2.044 |    2.675 | 
     | add_131_40_g1565       | A ^ -> CO ^  | ADHM4TP      | 0.083 |   2.126 |    2.757 | 
     | add_131_40_g1564       | A ^ -> CO ^  | ADHM4TP      | 0.084 |   2.211 |    2.842 | 
     | add_131_40_g1563       | A ^ -> CO ^  | ADHM4TP      | 0.085 |   2.296 |    2.927 | 
     | add_131_40_g1562       | A ^ -> CO ^  | ADHM4TP      | 0.081 |   2.377 |    3.008 | 
     | add_131_40_g1561       | A ^ -> CO ^  | ADHM4TP      | 0.081 |   2.458 |    3.090 | 
     | add_131_40_g1560       | A ^ -> CO ^  | ADHM4TP      | 0.082 |   2.540 |    3.172 | 
     | add_131_40_g1559       | A ^ -> CO ^  | ADHM4TP      | 0.082 |   2.623 |    3.254 | 
     | add_131_40_g1558       | A ^ -> CO ^  | ADHM4TP      | 0.084 |   2.707 |    3.338 | 
     | add_131_40_g1557       | A ^ -> CO ^  | ADHM4TP      | 0.082 |   2.789 |    3.420 | 
     | add_131_40_g1556       | A ^ -> CO ^  | ADHM4TP      | 0.081 |   2.870 |    3.502 | 
     | add_131_40_g1555       | A ^ -> CO ^  | ADHM4TP      | 0.081 |   2.951 |    3.582 | 
     | add_131_40_g1554       | A ^ -> CO ^  | ADHM4TP      | 0.083 |   3.034 |    3.665 | 
     | add_131_40_g1553       | A ^ -> CO ^  | ADHM4TP      | 0.084 |   3.118 |    3.749 | 
     | add_131_40_g1552       | A ^ -> CO ^  | ADHM4TP      | 0.084 |   3.201 |    3.833 | 
     | add_131_40_g1551       | A ^ -> CO ^  | ADHM4TP      | 0.084 |   3.286 |    3.917 | 
     | add_131_40_g1550       | A ^ -> CO ^  | ADHM4TP      | 0.081 |   3.367 |    3.998 | 
     | add_131_40_g1549       | A ^ -> CO ^  | ADHM4TP      | 0.082 |   3.448 |    4.080 | 
     | add_131_40_g1548       | A ^ -> CO ^  | ADHM4TP      | 0.081 |   3.529 |    4.161 | 
     | add_131_40_g1547       | A ^ -> CO ^  | ADHM4TP      | 0.083 |   3.612 |    4.244 | 
     | add_131_40_g1546       | A ^ -> CO ^  | ADHM4TP      | 0.081 |   3.693 |    4.325 | 
     | add_131_40_g1545       | A ^ -> CO ^  | ADHM4TP      | 0.088 |   3.781 |    4.412 | 
     | add_131_40_g1544       | A ^ -> CO ^  | ADHM4TP      | 0.086 |   3.867 |    4.498 | 
     | add_131_40_g1543       | A ^ -> CO ^  | ADHM4TP      | 0.084 |   3.951 |    4.582 | 
     | add_131_40_g1542       | A ^ -> CO ^  | ADHM4TP      | 0.082 |   4.033 |    4.664 | 
     | add_131_40_g1541       | A ^ -> CO ^  | ADHM4TP      | 0.082 |   4.115 |    4.746 | 
     | add_131_40_g1540       | A ^ -> CO ^  | ADHM4TP      | 0.083 |   4.198 |    4.829 | 
     | add_131_40_g1539       | A ^ -> CO ^  | ADHM4TP      | 0.081 |   4.279 |    4.910 | 
     | add_131_40_g1538       | A ^ -> CO ^  | ADHM4TP      | 0.081 |   4.359 |    4.990 | 
     | add_131_40_g1537       | A ^ -> CO ^  | ADHM4TP      | 0.081 |   4.440 |    5.072 | 
     | add_131_40_g1536       | A ^ -> CO ^  | ADHM4TP      | 0.084 |   4.525 |    5.156 | 
     | FE_RC_34_0             | A ^ -> Z v   | INVM2TP      | 0.044 |   4.569 |    5.200 | 
     | FE_RC_28_0             | B v -> Z ^   | NR2B1M6TP    | 0.048 |   4.617 |    5.248 | 
     | add_131_40_g1532       | A ^ -> CO ^  | ADHM8TP      | 0.106 |   4.724 |    5.355 | 
     | add_131_40_g1531       | A ^ -> CO ^  | ADHM4TP      | 0.097 |   4.821 |    5.452 | 
     | add_131_40_g1530       | A ^ -> CO ^  | ADHM4TP      | 0.082 |   4.903 |    5.534 | 
     | add_131_40_g1529       | A ^ -> CO ^  | ADHM4TP      | 0.083 |   4.986 |    5.618 | 
     | add_131_40_g1528       | A ^ -> CO ^  | ADHM4TP      | 0.086 |   5.073 |    5.704 | 
     | add_131_40_g1527       | A ^ -> CO ^  | ADHM4TP      | 0.082 |   5.155 |    5.786 | 
     | add_131_40_g1526       | A ^ -> CO ^  | ADHM4TP      | 0.081 |   5.236 |    5.867 | 
     | add_131_40_g1525       | A ^ -> CO ^  | ADHM4TP      | 0.080 |   5.316 |    5.947 | 
     | add_131_40_g1524       | A ^ -> CO ^  | ADHM4TP      | 0.082 |   5.398 |    6.029 | 
     | add_131_40_g1523       | A ^ -> CO ^  | ADHM4TP      | 0.084 |   5.482 |    6.113 | 
     | add_131_40_g1522       | A ^ -> CO ^  | ADHM4TP      | 0.082 |   5.564 |    6.195 | 
     | add_131_40_g1521       | A ^ -> CO ^  | ADHM4TP      | 0.083 |   5.647 |    6.278 | 
     | add_131_40_g1520       | A ^ -> CO ^  | ADHM4TP      | 0.081 |   5.727 |    6.359 | 
     | add_131_40_g1519       | A ^ -> CO ^  | ADHM4TP      | 0.081 |   5.808 |    6.439 | 
     | add_131_40_g1518       | A ^ -> CO ^  | ADHM4TP      | 0.097 |   5.905 |    6.537 | 
     | FE_RC_9_0              | A ^ -> Z v   | INVM3TP      | 0.038 |   5.943 |    6.575 | 
     | FE_RC_8_0              | B v -> Z ^   | NR2B1M6TP    | 0.051 |   5.995 |    6.626 | 
     | add_131_40_g1515       | A ^ -> CO ^  | ADHM4TP      | 0.087 |   6.082 |    6.713 | 
     | add_131_40_g1514       | A ^ -> CO ^  | ADHM4TP      | 0.083 |   6.165 |    6.796 | 
     | add_131_40_g1513       | A ^ -> CO ^  | ADHM4TP      | 0.084 |   6.248 |    6.880 | 
     | add_131_40_g1512       | A ^ -> CO ^  | ADHM4TP      | 0.083 |   6.331 |    6.963 | 
     | add_131_40_g1511       | A ^ -> CO ^  | ADHM4TP      | 0.081 |   6.412 |    7.044 | 
     | add_131_40_g1510       | A ^ -> CO ^  | ADHM4TP      | 0.081 |   6.493 |    7.124 | 
     | add_131_40_g1509       | A ^ -> CO ^  | ADHM4TP      | 0.082 |   6.575 |    7.206 | 
     | add_131_40_g1508       | A ^ -> CO ^  | ADHM4TP      | 0.087 |   6.662 |    7.293 | 
     | add_131_40_g1507       | A ^ -> CO ^  | ADHM4TP      | 0.084 |   6.746 |    7.377 | 
     | add_131_40_g1506       | A ^ -> CO ^  | ADHM4TP      | 0.080 |   6.826 |    7.457 | 
     | add_131_40_g1505       | A ^ -> CO ^  | ADHM4TP      | 0.080 |   6.906 |    7.537 | 
     | add_131_40_g1504       | A ^ -> CO ^  | ADHM4TP      | 0.080 |   6.986 |    7.617 | 
     | add_131_40_g1503       | A ^ -> CO ^  | ADHM4TP      | 0.081 |   7.067 |    7.698 | 
     | add_131_40_g1502       | A ^ -> CO ^  | ADHM4TP      | 0.081 |   7.147 |    7.779 | 
     | add_131_40_g1501       | A ^ -> CO ^  | ADHM4TP      | 0.079 |   7.227 |    7.858 | 
     | add_131_40_g1500       | A ^ -> CO ^  | ADHM4TP      | 0.083 |   7.310 |    7.941 | 
     | add_131_40_g1499       | A ^ -> CO ^  | ADHM4TP      | 0.083 |   7.393 |    8.024 | 
     | add_131_40_g1498       | A ^ -> CO ^  | ADHM4TP      | 0.081 |   7.474 |    8.105 | 
     | add_131_40_g1497       | A ^ -> CO ^  | ADHM4TP      | 0.081 |   7.555 |    8.186 | 
     | add_131_40_g1496       | A ^ -> CO ^  | ADHM4TP      | 0.080 |   7.634 |    8.266 | 
     | add_131_40_g1495       | A ^ -> CO ^  | ADHM4TP      | 0.081 |   7.716 |    8.347 | 
     | add_131_40_g1494       | A ^ -> CO ^  | ADHM4TP      | 0.085 |   7.800 |    8.432 | 
     | add_131_40_g1493       | A ^ -> CO ^  | ADHM4TP      | 0.083 |   7.883 |    8.514 | 
     | add_131_40_g1492       | A ^ -> CO ^  | ADHM4TP      | 0.082 |   7.966 |    8.597 | 
     | add_131_40_g1491       | A ^ -> CO ^  | ADHM4TP      | 0.082 |   8.047 |    8.678 | 
     | add_131_40_g1490       | A ^ -> CO ^  | ADHM4TP      | 0.082 |   8.129 |    8.760 | 
     | add_131_40_g1489       | A ^ -> CO ^  | ADHM4TP      | 0.085 |   8.214 |    8.845 | 
     | add_131_40_g1488       | A ^ -> CO ^  | ADHM4TP      | 0.085 |   8.299 |    8.930 | 
     | add_131_40_g1487       | A ^ -> CO ^  | ADHM4TP      | 0.085 |   8.384 |    9.015 | 
     | add_131_40_g1486       | A ^ -> CO ^  | ADHM4TP      | 0.081 |   8.465 |    9.096 | 
     | add_131_40_g1485       | A ^ -> CO ^  | ADHM4TP      | 0.079 |   8.544 |    9.175 | 
     | add_131_40_g1484       | A ^ -> CO ^  | ADHM4TP      | 0.080 |   8.623 |    9.255 | 
     | add_131_40_g1483       | A ^ -> CO ^  | ADHM4TP      | 0.080 |   8.703 |    9.335 | 
     | add_131_40_g1482       | A ^ -> CO ^  | ADHM4TP      | 0.090 |   8.793 |    9.424 | 
     | FE_RC_54_0             | A ^ -> Z v   | INVM2TP      | 0.030 |   8.824 |    9.455 | 
     | FE_RC_53_0             | B v -> Z ^   | NR2B1M1TP    | 0.174 |   8.998 |    9.629 | 
     | FE_RC_40_0             | NA2 ^ -> Z ^ | OAI22B10M2TP | 0.157 |   9.155 |    9.787 | 
     | g76750                 | A2 ^ -> Z ^  | AO22M1TP     | 0.166 |   9.321 |    9.952 | 
     | nonce_counter_reg[115] | D ^          | DFQRM1TP     | 0.000 |   9.321 |    9.952 | 
     +-----------------------------------------------------------------------------------+ 

